[2026-05-16T13:07:03Z] [INFO] created default config: D:\Unity\EmblemOfValor\AgentCommands\_screenstream\_config.json
[2026-05-16T13:07:03Z] [INFO] waiting for enabled=true ...
[2026-05-16T13:07:08Z] [INFO] enabled detected → start capture
[2026-05-16T13:07:13Z] [INFO] waiting for enabled=true ...
[2026-05-16T13:35:11Z] [INFO] waiting for enabled=true ...
[2026-05-16T13:47:41Z] [INFO] detected 2 monitor(s): #0=1920x1080@(2560,0), #1=2560x1600@(0,0)(primary)
[2026-05-16T13:47:49Z] [INFO] waiting for enabled=true ...
[2026-05-16T14:24:58Z] [INFO] detected 2 monitor(s): #0=1920x1080@(2560,0), #1=2560x1600@(0,0)(primary)
[2026-05-16T14:24:58Z] [INFO] waiting for enabled=true ...
[2026-05-16T14:32:20Z] [INFO] detected 2 monitor(s): #0=1920x1080@(2560,0), #1=2560x1600@(0,0)(primary)
[2026-05-16T14:32:20Z] [INFO] waiting for enabled=true ...
[2026-05-16T14:32:24Z] [INFO] enabled detected → start capture
[2026-05-16T14:32:25Z] [INFO] enabled detected → start capture
[2026-05-16T14:32:25Z] [ERROR] capture fail (1): [WinError 32] The process cannot access the file because it is being used by another process: 'D:\\Unity\\EmblemOfValor\\AgentCommands\\_screenstream\\frames\\frame_0001.jpg.tmp' -> 'D:\\Unity\\EmblemOfValor\\AgentCommands\\_screenstream\\frames\\frame_0001.jpg'
[2026-05-16T14:32:29Z] [INFO] waiting for enabled=true ...
[2026-05-16T14:32:30Z] [INFO] bartender announce 'start' posted OK
[2026-05-16T14:32:33Z] [WARN] bartender announce 'stop' post fail: 
[2026-05-16T14:32:33Z] [INFO] waiting for enabled=true ...
[2026-05-16T14:39:55Z] [INFO] enabled detected → start capture
[2026-05-16T14:40:09Z] [INFO] waiting for enabled=true ...
[2026-05-16T14:40:29Z] [INFO] enabled detected → start capture
[2026-05-16T14:40:50Z] [WARN] update_latest fail: [Errno 13] Permission denied: 'D:\\Unity\\EmblemOfValor\\AgentCommands\\_screenstream\\_latest.jpg'
[2026-05-16T14:43:28Z] [INFO] waiting for enabled=true ...
[2026-05-16T14:43:33Z] [INFO] enabled detected → start capture
[2026-05-16T14:44:27Z] [ERROR] capture fail (1): screen grab failed
[2026-05-16T14:44:28Z] [ERROR] capture fail (2): screen grab failed
[2026-05-16T15:01:20Z] [INFO] detected 2 monitor(s): #0=1920x1080@(2560,0), #1=2560x1600@(0,0)(primary)
[2026-05-16T15:01:33Z] [INFO] waiting for enabled=true ...
[2026-05-16T15:01:35Z] [WARN] bartender announce 'stop' post fail: 
[2026-05-16T15:01:35Z] [INFO] waiting for enabled=true ...
[2026-05-16T15:02:28Z] [INFO] enabled detected → start capture
[2026-05-16T15:03:03Z] [INFO] detected 2 monitor(s): #0=1920x1080@(2560,0), #1=2560x1600@(0,0)(primary)
[2026-05-16T15:03:03Z] [INFO] detected 2 monitor(s): #0=1920x1080@(2560,0), #1=2560x1600@(0,0)(primary)
[2026-05-16T15:03:09Z] [INFO] bartender announce 'stop' posted OK
[2026-05-16T15:03:09Z] [INFO] waiting for enabled=true ...
[2026-05-16T15:03:10Z] [INFO] bartender announce 'stop' posted OK
[2026-05-16T15:03:10Z] [INFO] waiting for enabled=true ...
[2026-05-16T15:03:14Z] [INFO] enabled detected → start capture
[2026-05-16T15:03:15Z] [INFO] enabled detected → start capture
[2026-05-16T15:03:21Z] [INFO] bartender announce 'start' posted OK
[2026-05-16T15:03:21Z] [INFO] bartender announce 'start' posted OK
[2026-05-16T15:04:18Z] [INFO] bartender announce 'stop' posted OK
[2026-05-16T15:04:18Z] [INFO] waiting for enabled=true ...
[2026-05-16T15:04:18Z] [INFO] bartender announce 'stop' posted OK
[2026-05-16T15:04:18Z] [INFO] waiting for enabled=true ...
[2026-05-16T15:06:23Z] [INFO] enabled detected → start capture
[2026-05-16T15:06:24Z] [INFO] enabled detected → start capture
[2026-05-16T15:06:28Z] [INFO] bartender announce 'start' posted OK
[2026-05-16T15:06:30Z] [INFO] bartender announce 'start' posted OK
[2026-05-16T15:11:21Z] [ERROR] capture fail (1): [WinError 5] Access is denied: 'D:\\Unity\\EmblemOfValor\\AgentCommands\\_screenstream\\frames\\frame_0295.jpg.tmp' -> 'D:\\Unity\\EmblemOfValor\\AgentCommands\\_screenstream\\frames\\frame_0295.jpg'
[2026-05-16T15:11:27Z] [ERROR] capture fail (1): [WinError 5] Access is denied: 'D:\\Unity\\EmblemOfValor\\AgentCommands\\_screenstream\\frames\\frame_0301.jpg.tmp' -> 'D:\\Unity\\EmblemOfValor\\AgentCommands\\_screenstream\\frames\\frame_0301.jpg'
[2026-05-16T15:16:03Z] [ERROR] capture fail (1): [WinError 2] The system cannot find the file specified: 'D:\\Unity\\EmblemOfValor\\AgentCommands\\_screenstream\\frames\\frame_0575.jpg.tmp' -> 'D:\\Unity\\EmblemOfValor\\AgentCommands\\_screenstream\\frames\\frame_0575.jpg'
[2026-05-16T15:16:31Z] [ERROR] capture fail (1): [WinError 32] The process cannot access the file because it is being used by another process: 'D:\\Unity\\EmblemOfValor\\AgentCommands\\_screenstream\\frames\\frame_0003.jpg.tmp' -> 'D:\\Unity\\EmblemOfValor\\AgentCommands\\_screenstream\\frames\\frame_0003.jpg'
[2026-05-16T15:16:59Z] [ERROR] capture fail (1): [WinError 32] The process cannot access the file because it is being used by another process: 'D:\\Unity\\EmblemOfValor\\AgentCommands\\_screenstream\\frames\\frame_0031.jpg.tmp' -> 'D:\\Unity\\EmblemOfValor\\AgentCommands\\_screenstream\\frames\\frame_0031.jpg'
[2026-05-16T15:17:37Z] [ERROR] capture fail (1): [WinError 32] The process cannot access the file because it is being used by another process: 'D:\\Unity\\EmblemOfValor\\AgentCommands\\_screenstream\\frames\\frame_0069.jpg.tmp' -> 'D:\\Unity\\EmblemOfValor\\AgentCommands\\_screenstream\\frames\\frame_0069.jpg'
[2026-05-16T15:18:09Z] [ERROR] capture fail (1): [WinError 32] The process cannot access the file because it is being used by another process: 'D:\\Unity\\EmblemOfValor\\AgentCommands\\_screenstream\\frames\\frame_0100.jpg.tmp' -> 'D:\\Unity\\EmblemOfValor\\AgentCommands\\_screenstream\\frames\\frame_0100.jpg'
[2026-05-16T15:18:31Z] [ERROR] capture fail (1): [WinError 32] The process cannot access the file because it is being used by another process: 'D:\\Unity\\EmblemOfValor\\AgentCommands\\_screenstream\\frames\\frame_0122.jpg.tmp' -> 'D:\\Unity\\EmblemOfValor\\AgentCommands\\_screenstream\\frames\\frame_0122.jpg'
[2026-05-16T15:23:47Z] [ERROR] capture fail (1): [WinError 32] The process cannot access the file because it is being used by another process: 'D:\\Unity\\EmblemOfValor\\AgentCommands\\_screenstream\\frames\\frame_0437.jpg.tmp' -> 'D:\\Unity\\EmblemOfValor\\AgentCommands\\_screenstream\\frames\\frame_0437.jpg'
[2026-05-16T15:25:16Z] [ERROR] capture fail (1): [WinError 32] The process cannot access the file because it is being used by another process: 'D:\\Unity\\EmblemOfValor\\AgentCommands\\_screenstream\\frames\\frame_0526.jpg.tmp' -> 'D:\\Unity\\EmblemOfValor\\AgentCommands\\_screenstream\\frames\\frame_0526.jpg'
[2026-05-16T15:26:05Z] [ERROR] capture fail (1): [WinError 32] The process cannot access the file because it is being used by another process: 'D:\\Unity\\EmblemOfValor\\AgentCommands\\_screenstream\\frames\\frame_0574.jpg.tmp' -> 'D:\\Unity\\EmblemOfValor\\AgentCommands\\_screenstream\\frames\\frame_0574.jpg'
[2026-05-16T15:26:33Z] [ERROR] capture fail (1): [WinError 32] The process cannot access the file because it is being used by another process: 'D:\\Unity\\EmblemOfValor\\AgentCommands\\_screenstream\\frames\\frame_0002.jpg.tmp' -> 'D:\\Unity\\EmblemOfValor\\AgentCommands\\_screenstream\\frames\\frame_0002.jpg'
[2026-05-16T15:27:27Z] [ERROR] capture fail (1): [WinError 32] The process cannot access the file because it is being used by another process: 'D:\\Unity\\EmblemOfValor\\AgentCommands\\_screenstream\\frames\\frame_0055.jpg.tmp' -> 'D:\\Unity\\EmblemOfValor\\AgentCommands\\_screenstream\\frames\\frame_0055.jpg'
[2026-05-16T15:27:40Z] [ERROR] capture fail (1): [WinError 2] The system cannot find the file specified: 'D:\\Unity\\EmblemOfValor\\AgentCommands\\_screenstream\\frames\\frame_0068.jpg.tmp' -> 'D:\\Unity\\EmblemOfValor\\AgentCommands\\_screenstream\\frames\\frame_0068.jpg'
[2026-05-16T15:28:10Z] [ERROR] capture fail (1): [WinError 32] The process cannot access the file because it is being used by another process: 'D:\\Unity\\EmblemOfValor\\AgentCommands\\_screenstream\\frames\\frame_0098.jpg.tmp' -> 'D:\\Unity\\EmblemOfValor\\AgentCommands\\_screenstream\\frames\\frame_0098.jpg'
[2026-05-16T15:29:34Z] [ERROR] capture fail (1): [WinError 32] The process cannot access the file because it is being used by another process: 'D:\\Unity\\EmblemOfValor\\AgentCommands\\_screenstream\\frames\\frame_0181.jpg.tmp' -> 'D:\\Unity\\EmblemOfValor\\AgentCommands\\_screenstream\\frames\\frame_0181.jpg'
[2026-05-16T15:30:04Z] [ERROR] capture fail (1): [WinError 32] The process cannot access the file because it is being used by another process: 'D:\\Unity\\EmblemOfValor\\AgentCommands\\_screenstream\\frames\\frame_0211.jpg.tmp' -> 'D:\\Unity\\EmblemOfValor\\AgentCommands\\_screenstream\\frames\\frame_0211.jpg'
[2026-05-16T15:30:34Z] [ERROR] capture fail (1): [WinError 32] The process cannot access the file because it is being used by another process: 'D:\\Unity\\EmblemOfValor\\AgentCommands\\_screenstream\\frames\\frame_0241.jpg.tmp' -> 'D:\\Unity\\EmblemOfValor\\AgentCommands\\_screenstream\\frames\\frame_0241.jpg'
[2026-05-16T15:31:14Z] [ERROR] capture fail (1): [WinError 32] The process cannot access the file because it is being used by another process: 'D:\\Unity\\EmblemOfValor\\AgentCommands\\_screenstream\\frames\\frame_0280.jpg.tmp' -> 'D:\\Unity\\EmblemOfValor\\AgentCommands\\_screenstream\\frames\\frame_0280.jpg'
[2026-05-16T15:31:39Z] [ERROR] capture fail (1): [WinError 32] The process cannot access the file because it is being used by another process: 'D:\\Unity\\EmblemOfValor\\AgentCommands\\_screenstream\\frames\\frame_0305.jpg.tmp' -> 'D:\\Unity\\EmblemOfValor\\AgentCommands\\_screenstream\\frames\\frame_0305.jpg'
[2026-05-16T15:32:18Z] [ERROR] capture fail (1): [WinError 32] The process cannot access the file because it is being used by another process: 'D:\\Unity\\EmblemOfValor\\AgentCommands\\_screenstream\\frames\\frame_0344.jpg.tmp' -> 'D:\\Unity\\EmblemOfValor\\AgentCommands\\_screenstream\\frames\\frame_0344.jpg'
[2026-05-16T15:32:36Z] [ERROR] capture fail (1): [WinError 32] The process cannot access the file because it is being used by another process: 'D:\\Unity\\EmblemOfValor\\AgentCommands\\_screenstream\\frames\\frame_0362.jpg.tmp' -> 'D:\\Unity\\EmblemOfValor\\AgentCommands\\_screenstream\\frames\\frame_0362.jpg'
[2026-05-16T15:33:06Z] [ERROR] capture fail (1): [WinError 32] The process cannot access the file because it is being used by another process: 'D:\\Unity\\EmblemOfValor\\AgentCommands\\_screenstream\\frames\\frame_0391.jpg.tmp' -> 'D:\\Unity\\EmblemOfValor\\AgentCommands\\_screenstream\\frames\\frame_0391.jpg'
[2026-05-16T15:35:25Z] [ERROR] capture fail (1): [WinError 32] The process cannot access the file because it is being used by another process: 'D:\\Unity\\EmblemOfValor\\AgentCommands\\_screenstream\\frames\\frame_0529.jpg.tmp' -> 'D:\\Unity\\EmblemOfValor\\AgentCommands\\_screenstream\\frames\\frame_0529.jpg'
[2026-05-16T15:35:41Z] [ERROR] capture fail (1): [WinError 32] The process cannot access the file because it is being used by another process: 'D:\\Unity\\EmblemOfValor\\AgentCommands\\_screenstream\\frames\\frame_0545.jpg.tmp' -> 'D:\\Unity\\EmblemOfValor\\AgentCommands\\_screenstream\\frames\\frame_0545.jpg'
[2026-05-16T15:36:24Z] [ERROR] capture fail (1): [WinError 32] The process cannot access the file because it is being used by another process: 'D:\\Unity\\EmblemOfValor\\AgentCommands\\_screenstream\\frames\\frame_0588.jpg.tmp' -> 'D:\\Unity\\EmblemOfValor\\AgentCommands\\_screenstream\\frames\\frame_0588.jpg'
[2026-05-16T15:36:37Z] [ERROR] capture fail (1): [WinError 2] The system cannot find the file specified: 'D:\\Unity\\EmblemOfValor\\AgentCommands\\_screenstream\\frames\\frame_0001.jpg.tmp' -> 'D:\\Unity\\EmblemOfValor\\AgentCommands\\_screenstream\\frames\\frame_0001.jpg'
[2026-05-16T15:37:25Z] [ERROR] capture fail (1): [WinError 32] The process cannot access the file because it is being used by another process: 'D:\\Unity\\EmblemOfValor\\AgentCommands\\_screenstream\\frames\\frame_0048.jpg.tmp' -> 'D:\\Unity\\EmblemOfValor\\AgentCommands\\_screenstream\\frames\\frame_0048.jpg'
[2026-05-16T15:37:39Z] [ERROR] capture fail (1): [WinError 32] The process cannot access the file because it is being used by another process: 'D:\\Unity\\EmblemOfValor\\AgentCommands\\_screenstream\\frames\\frame_0062.jpg.tmp' -> 'D:\\Unity\\EmblemOfValor\\AgentCommands\\_screenstream\\frames\\frame_0062.jpg'
[2026-05-16T15:38:09Z] [ERROR] capture fail (1): [WinError 32] The process cannot access the file because it is being used by another process: 'D:\\Unity\\EmblemOfValor\\AgentCommands\\_screenstream\\frames\\frame_0092.jpg.tmp' -> 'D:\\Unity\\EmblemOfValor\\AgentCommands\\_screenstream\\frames\\frame_0092.jpg'
[2026-05-16T15:38:41Z] [ERROR] capture fail (1): [WinError 32] The process cannot access the file because it is being used by another process: 'D:\\Unity\\EmblemOfValor\\AgentCommands\\_screenstream\\frames\\frame_0124.jpg.tmp' -> 'D:\\Unity\\EmblemOfValor\\AgentCommands\\_screenstream\\frames\\frame_0124.jpg'
[2026-05-16T15:39:14Z] [ERROR] capture fail (1): [WinError 32] The process cannot access the file because it is being used by another process: 'D:\\Unity\\EmblemOfValor\\AgentCommands\\_screenstream\\frames\\frame_0156.jpg.tmp' -> 'D:\\Unity\\EmblemOfValor\\AgentCommands\\_screenstream\\frames\\frame_0156.jpg'
[2026-05-16T15:40:30Z] [ERROR] capture fail (1): [WinError 32] The process cannot access the file because it is being used by another process: 'D:\\Unity\\EmblemOfValor\\AgentCommands\\_screenstream\\frames\\frame_0232.jpg.tmp' -> 'D:\\Unity\\EmblemOfValor\\AgentCommands\\_screenstream\\frames\\frame_0232.jpg'
[2026-05-16T15:40:49Z] [ERROR] capture fail (1): [WinError 32] The process cannot access the file because it is being used by another process: 'D:\\Unity\\EmblemOfValor\\AgentCommands\\_screenstream\\frames\\frame_0250.jpg.tmp' -> 'D:\\Unity\\EmblemOfValor\\AgentCommands\\_screenstream\\frames\\frame_0250.jpg'
[2026-05-16T15:41:16Z] [ERROR] capture fail (1): [WinError 32] The process cannot access the file because it is being used by another process: 'D:\\Unity\\EmblemOfValor\\AgentCommands\\_screenstream\\frames\\frame_0277.jpg.tmp' -> 'D:\\Unity\\EmblemOfValor\\AgentCommands\\_screenstream\\frames\\frame_0277.jpg'
[2026-05-16T15:42:43Z] [ERROR] capture fail (1): [WinError 32] The process cannot access the file because it is being used by another process: 'D:\\Unity\\EmblemOfValor\\AgentCommands\\_screenstream\\frames\\frame_0364.jpg.tmp' -> 'D:\\Unity\\EmblemOfValor\\AgentCommands\\_screenstream\\frames\\frame_0364.jpg'
[2026-05-16T15:43:11Z] [ERROR] capture fail (1): [WinError 32] The process cannot access the file because it is being used by another process: 'D:\\Unity\\EmblemOfValor\\AgentCommands\\_screenstream\\frames\\frame_0391.jpg.tmp' -> 'D:\\Unity\\EmblemOfValor\\AgentCommands\\_screenstream\\frames\\frame_0391.jpg'
[2026-05-16T15:44:54Z] [ERROR] capture fail (1): [WinError 32] The process cannot access the file because it is being used by another process: 'D:\\Unity\\EmblemOfValor\\AgentCommands\\_screenstream\\frames\\frame_0493.jpg.tmp' -> 'D:\\Unity\\EmblemOfValor\\AgentCommands\\_screenstream\\frames\\frame_0493.jpg'
[2026-05-16T15:45:21Z] [ERROR] capture fail (1): [WinError 32] The process cannot access the file because it is being used by another process: 'D:\\Unity\\EmblemOfValor\\AgentCommands\\_screenstream\\frames\\frame_0520.jpg.tmp' -> 'D:\\Unity\\EmblemOfValor\\AgentCommands\\_screenstream\\frames\\frame_0520.jpg'
[2026-05-16T15:45:42Z] [ERROR] capture fail (1): [WinError 32] The process cannot access the file because it is being used by another process: 'D:\\Unity\\EmblemOfValor\\AgentCommands\\_screenstream\\frames\\frame_0541.jpg.tmp' -> 'D:\\Unity\\EmblemOfValor\\AgentCommands\\_screenstream\\frames\\frame_0541.jpg'
[2026-05-16T15:50:17Z] [ERROR] capture fail (1): [WinError 32] The process cannot access the file because it is being used by another process: 'D:\\Unity\\EmblemOfValor\\AgentCommands\\_screenstream\\frames\\frame_0215.jpg.tmp' -> 'D:\\Unity\\EmblemOfValor\\AgentCommands\\_screenstream\\frames\\frame_0215.jpg'
[2026-05-16T15:50:55Z] [ERROR] capture fail (1): [WinError 32] The process cannot access the file because it is being used by another process: 'D:\\Unity\\EmblemOfValor\\AgentCommands\\_screenstream\\frames\\frame_0252.jpg.tmp' -> 'D:\\Unity\\EmblemOfValor\\AgentCommands\\_screenstream\\frames\\frame_0252.jpg'
[2026-05-16T15:51:14Z] [ERROR] capture fail (1): [WinError 2] The system cannot find the file specified: 'D:\\Unity\\EmblemOfValor\\AgentCommands\\_screenstream\\frames\\frame_0271.jpg.tmp' -> 'D:\\Unity\\EmblemOfValor\\AgentCommands\\_screenstream\\frames\\frame_0271.jpg'
[2026-05-16T15:51:47Z] [ERROR] capture fail (1): [WinError 32] The process cannot access the file because it is being used by another process: 'D:\\Unity\\EmblemOfValor\\AgentCommands\\_screenstream\\frames\\frame_0304.jpg.tmp' -> 'D:\\Unity\\EmblemOfValor\\AgentCommands\\_screenstream\\frames\\frame_0304.jpg'
[2026-05-16T15:52:15Z] [ERROR] capture fail (1): [WinError 32] The process cannot access the file because it is being used by another process: 'D:\\Unity\\EmblemOfValor\\AgentCommands\\_screenstream\\frames\\frame_0332.jpg.tmp' -> 'D:\\Unity\\EmblemOfValor\\AgentCommands\\_screenstream\\frames\\frame_0332.jpg'
[2026-05-16T15:54:17Z] [ERROR] capture fail (1): [WinError 2] The system cannot find the file specified: 'D:\\Unity\\EmblemOfValor\\AgentCommands\\_screenstream\\frames\\frame_0453.jpg.tmp' -> 'D:\\Unity\\EmblemOfValor\\AgentCommands\\_screenstream\\frames\\frame_0453.jpg'
[2026-05-16T15:55:05Z] [ERROR] capture fail (1): [WinError 32] The process cannot access the file because it is being used by another process: 'D:\\Unity\\EmblemOfValor\\AgentCommands\\_screenstream\\frames\\frame_0500.jpg.tmp' -> 'D:\\Unity\\EmblemOfValor\\AgentCommands\\_screenstream\\frames\\frame_0500.jpg'
[2026-05-16T15:55:17Z] [ERROR] capture fail (1): [WinError 2] The system cannot find the file specified: 'D:\\Unity\\EmblemOfValor\\AgentCommands\\_screenstream\\frames\\frame_0512.jpg.tmp' -> 'D:\\Unity\\EmblemOfValor\\AgentCommands\\_screenstream\\frames\\frame_0512.jpg'
[2026-05-16T15:55:57Z] [ERROR] capture fail (1): [WinError 32] The process cannot access the file because it is being used by another process: 'D:\\Unity\\EmblemOfValor\\AgentCommands\\_screenstream\\frames\\frame_0552.jpg.tmp' -> 'D:\\Unity\\EmblemOfValor\\AgentCommands\\_screenstream\\frames\\frame_0552.jpg'
[2026-05-16T15:56:18Z] [ERROR] capture fail (1): [WinError 32] The process cannot access the file because it is being used by another process: 'D:\\Unity\\EmblemOfValor\\AgentCommands\\_screenstream\\frames\\frame_0572.jpg.tmp' -> 'D:\\Unity\\EmblemOfValor\\AgentCommands\\_screenstream\\frames\\frame_0572.jpg'
[2026-05-16T15:56:55Z] [ERROR] capture fail (1): [WinError 32] The process cannot access the file because it is being used by another process: 'D:\\Unity\\EmblemOfValor\\AgentCommands\\_screenstream\\frames\\frame_0009.jpg.tmp' -> 'D:\\Unity\\EmblemOfValor\\AgentCommands\\_screenstream\\frames\\frame_0009.jpg'
[2026-05-16T15:57:45Z] [INFO] bartender announce 'stop' posted OK
[2026-05-16T15:57:45Z] [INFO] waiting for enabled=true ...
[2026-05-16T15:57:45Z] [INFO] bartender announce 'stop' posted OK
[2026-05-16T15:57:45Z] [INFO] waiting for enabled=true ...
[2026-05-16T16:04:53Z] [INFO] detected 2 monitor(s): #0=1920x1080@(2560,0), #1=2560x1600@(0,0)(primary)
[2026-05-16T16:04:53Z] [INFO] waiting for enabled=true ...
[2026-05-18T00:38:37Z] [INFO] detected 2 monitor(s): #0=3840x2160@(0,0)(primary), #1=2560x1600@(-2560,548)
[2026-05-18T00:38:37Z] [INFO] waiting for enabled=true ...
[2026-05-18T05:56:32Z] [INFO] enabled detected → start capture
[2026-05-18T05:56:36Z] [INFO] bartender announce 'start' posted OK
[2026-05-18T08:05:33Z] [INFO] detected 2 monitor(s): #0=3840x2160@(0,0)(primary), #1=2560x1600@(-2560,548)
[2026-05-18T08:11:35Z] [INFO] detected 2 monitor(s): #0=3840x2160@(0,0)(primary), #1=2560x1600@(-2560,548)
[2026-05-18T08:22:08Z] [INFO] detected 2 monitor(s): #0=3840x2160@(0,0)(primary), #1=2560x1600@(-2560,548)
[2026-05-18T08:26:49Z] [INFO] detected 2 monitor(s): #0=3840x2160@(0,0)(primary), #1=2560x1600@(-2560,548)
[2026-05-18T08:33:35Z] [INFO] detected 2 monitor(s): #0=3840x2160@(0,0)(primary), #1=2560x1600@(-2560,548)
[2026-05-18T08:44:26Z] [INFO] detected 2 monitor(s): #0=3840x2160@(0,0)(primary), #1=2560x1600@(-2560,548)
[2026-05-18T10:53:39Z] [INFO] detected 2 monitor(s): #0=3840x2160@(0,0)(primary), #1=2560x1600@(-2560,548)
[2026-05-18T11:03:28Z] [INFO] detected 2 monitor(s): #0=3840x2160@(0,0)(primary), #1=2560x1600@(-2560,548)
[2026-05-18T11:06:44Z] [INFO] detected 2 monitor(s): #0=3840x2160@(0,0)(primary), #1=2560x1600@(-2560,548)
[2026-05-18T11:07:05Z] [INFO] detected 2 monitor(s): #0=3840x2160@(0,0)(primary), #1=2560x1600@(-2560,548)
[2026-05-18T11:12:40Z] [INFO] detected 2 monitor(s): #0=3840x2160@(0,0)(primary), #1=2560x1600@(-2560,548)
[2026-05-18T11:48:21Z] [INFO] detected 2 monitor(s): #0=3840x2160@(0,0)(primary), #1=2560x1600@(-2560,548)
[2026-05-18T11:49:26Z] [INFO] detected 2 monitor(s): #0=3840x2160@(0,0)(primary), #1=2560x1600@(-2560,548)
[2026-05-18T11:50:52Z] [INFO] ⛔ stop.lock detected → forcing enabled=false. reason: 2026-05-18T11:50:52.8849743Z
User clicked from blackout overlay (reason: Contains sensitive login information)
[2026-05-18T11:50:52Z] [INFO] stop.lock consumed (file removed)
[2026-05-18T11:50:56Z] [INFO] bartender announce 'stop' posted OK
[2026-05-18T11:50:56Z] [INFO] waiting for enabled=true ...
[2026-05-18T12:03:40Z] [INFO] detected 2 monitor(s): #0=3840x2160@(0,0)(primary), #1=2560x1600@(-2560,548)
[2026-05-18T12:03:40Z] [INFO] waiting for enabled=true ...
[2026-05-18T12:10:06Z] [INFO] detected 2 monitor(s): #0=3840x2160@(0,0)(primary), #1=2560x1600@(-2560,548)
[2026-05-18T12:10:06Z] [INFO] waiting for enabled=true ...
[2026-05-18T12:13:50Z] [INFO] detected 2 monitor(s): #0=3840x2160@(0,0)(primary), #1=2560x1600@(-2560,548)
[2026-05-18T12:13:50Z] [INFO] waiting for enabled=true ...
[2026-05-18T12:17:27Z] [INFO] detected 2 monitor(s): #0=3840x2160@(0,0)(primary), #1=2560x1600@(-2560,548)
[2026-05-18T12:17:27Z] [INFO] waiting for enabled=true ...
[2026-05-18T12:19:12Z] [INFO] detected 2 monitor(s): #0=3840x2160@(0,0)(primary), #1=2560x1600@(-2560,548)
[2026-05-18T12:19:12Z] [INFO] waiting for enabled=true ...
[2026-05-18T12:19:34Z] [INFO] detected 2 monitor(s): #0=3840x2160@(0,0)(primary), #1=2560x1600@(-2560,548)
[2026-05-18T12:19:34Z] [INFO] waiting for enabled=true ...
[2026-05-18T12:52:50Z] [INFO] detected 2 monitor(s): #0=3840x2160@(0,0)(primary), #1=2560x1600@(-2560,548)
[2026-05-18T12:52:50Z] [INFO] waiting for enabled=true ...
[2026-05-18T12:59:46Z] [INFO] detected 2 monitor(s): #0=3840x2160@(0,0)(primary), #1=2560x1600@(-2560,548)
[2026-05-18T12:59:46Z] [INFO] waiting for enabled=true ...
[2026-05-18T13:04:11Z] [INFO] detected 2 monitor(s): #0=3840x2160@(0,0)(primary), #1=2560x1600@(-2560,548)
[2026-05-18T13:04:11Z] [INFO] waiting for enabled=true ...
[2026-05-18T13:10:55Z] [INFO] detected 2 monitor(s): #0=3840x2160@(0,0)(primary), #1=2560x1600@(-2560,548)
[2026-05-18T13:10:55Z] [INFO] waiting for enabled=true ...
[2026-05-18T13:13:01Z] [INFO] detected 2 monitor(s): #0=3840x2160@(0,0)(primary), #1=2560x1600@(-2560,548)
[2026-05-18T13:13:01Z] [INFO] waiting for enabled=true ...
[2026-05-18T13:13:40Z] [INFO] detected 2 monitor(s): #0=3840x2160@(0,0)(primary), #1=2560x1600@(-2560,548)
[2026-05-18T13:13:40Z] [INFO] waiting for enabled=true ...
[2026-05-18T13:55:40Z] [INFO] detected 2 monitor(s): #0=3840x2160@(0,0)(primary), #1=2560x1600@(-2560,548)
[2026-05-18T13:55:40Z] [INFO] waiting for enabled=true ...
[2026-05-18T13:56:21Z] [INFO] detected 2 monitor(s): #0=3840x2160@(0,0)(primary), #1=2560x1600@(-2560,548)
[2026-05-18T13:56:21Z] [INFO] waiting for enabled=true ...
[2026-05-18T13:57:22Z] [INFO] detected 2 monitor(s): #0=3840x2160@(0,0)(primary), #1=2560x1600@(-2560,548)
[2026-05-18T13:57:22Z] [INFO] waiting for enabled=true ...
[2026-05-18T13:59:10Z] [INFO] detected 2 monitor(s): #0=3840x2160@(0,0)(primary), #1=2560x1600@(-2560,548)
[2026-05-18T13:59:10Z] [INFO] waiting for enabled=true ...
[2026-05-18T14:19:41Z] [INFO] detected 2 monitor(s): #0=3840x2160@(0,0)(primary), #1=2560x1600@(-2560,548)
[2026-05-18T14:19:41Z] [INFO] waiting for enabled=true ...
[2026-05-18T14:25:45Z] [INFO] detected 2 monitor(s): #0=3840x2160@(0,0)(primary), #1=2560x1600@(-2560,548)
[2026-05-18T14:25:45Z] [INFO] waiting for enabled=true ...
[2026-05-18T14:43:52Z] [INFO] enabled detected → start capture
[2026-05-18T14:44:08Z] [WARN] bartender announce 'start' post fail: subprocess timeout after 15.0s
[2026-05-18T14:48:41Z] [INFO] detected 2 monitor(s): #0=3840x2160@(0,0)(primary), #1=2560x1600@(-2560,548)
[2026-05-18T14:50:26Z] [INFO] detected 2 monitor(s): #0=3840x2160@(0,0)(primary), #1=2560x1600@(-2560,548)
[2026-05-18T14:51:14Z] [INFO] detected 2 monitor(s): #0=3840x2160@(0,0)(primary), #1=2560x1600@(-2560,548)
[2026-05-18T14:53:12Z] [INFO] detected 2 monitor(s): #0=3840x2160@(0,0)(primary), #1=2560x1600@(-2560,548)
[2026-05-18T15:03:11Z] [ERROR] capture fail (1): screen grab failed
[2026-05-18T15:03:12Z] [ERROR] capture fail (2): screen grab failed
[2026-05-18T15:03:13Z] [ERROR] capture fail (3): screen grab failed
[2026-05-18T15:17:29Z] [INFO] bartender announce 'stop' posted OK
[2026-05-18T15:17:29Z] [INFO] waiting for enabled=true ...
[2026-05-19T13:55:42Z] [INFO] detected 2 monitor(s): #0=3840x2160@(0,0)(primary), #1=2560x1600@(-2560,548)
[2026-05-19T13:55:42Z] [INFO] waiting for enabled=true ...
[2026-05-20T14:03:13Z] [INFO] detected 2 monitor(s): #0=3840x2160@(0,0)(primary), #1=2560x1600@(-2560,548)
[2026-05-20T14:03:13Z] [INFO] waiting for enabled=true ...
[2026-05-20T14:15:01Z] [INFO] detected 2 monitor(s): #0=3840x2160@(0,0)(primary), #1=2560x1600@(-2560,548)
[2026-05-20T14:15:01Z] [INFO] waiting for enabled=true ...
[2026-05-20T14:26:42Z] [INFO] detected 2 monitor(s): #0=3840x2160@(0,0)(primary), #1=2560x1600@(-2560,548)
[2026-05-20T14:26:42Z] [INFO] waiting for enabled=true ...
[2026-05-20T14:31:37Z] [INFO] detected 2 monitor(s): #0=3840x2160@(0,0)(primary), #1=2560x1600@(-2560,548)
[2026-05-20T14:31:37Z] [INFO] waiting for enabled=true ...
[2026-05-20T14:46:42Z] [INFO] detected 2 monitor(s): #0=3840x2160@(0,0)(primary), #1=2560x1600@(-2560,548)
[2026-05-20T14:46:42Z] [INFO] waiting for enabled=true ...
[2026-05-21T01:12:44Z] [INFO] detected 2 monitor(s): #0=3840x2160@(0,0)(primary), #1=2560x1600@(-2560,548)
[2026-05-21T01:12:44Z] [INFO] waiting for enabled=true ...
[2026-05-21T16:08:04Z] [INFO] detected 2 monitor(s): #0=3840x2160@(0,0)(primary), #1=2560x1600@(-2560,548)
[2026-05-21T16:08:04Z] [INFO] waiting for enabled=true ...
[2026-05-22T01:45:27Z] [INFO] detected 2 monitor(s): #0=3840x2160@(0,0)(primary), #1=2560x1600@(-2560,548)
[2026-05-22T01:45:27Z] [INFO] waiting for enabled=true ...
[2026-05-22T02:18:15Z] [INFO] enabled detected → start capture
[2026-05-22T02:18:19Z] [INFO] bartender announce 'start' posted OK
[2026-05-22T02:19:05Z] [INFO] bartender announce 'stop' posted OK
[2026-05-22T02:19:05Z] [INFO] waiting for enabled=true ...
[2026-05-22T08:57:55Z] [INFO] detected 2 monitor(s): #0=3840x2160@(0,0)(primary), #1=2560x1600@(-2560,548)
[2026-05-22T08:57:55Z] [INFO] waiting for enabled=true ...
[2026-05-22T09:36:52Z] [INFO] detected 2 monitor(s): #0=3840x2160@(0,0)(primary), #1=2560x1600@(-2560,548)
[2026-05-22T09:36:52Z] [INFO] waiting for enabled=true ...
[2026-05-22T10:09:10Z] [INFO] detected 2 monitor(s): #0=3840x2160@(0,0)(primary), #1=2560x1600@(-2560,548)
[2026-05-22T10:09:10Z] [INFO] waiting for enabled=true ...
[2026-05-22T10:09:42Z] [INFO] detected 2 monitor(s): #0=3840x2160@(0,0)(primary), #1=2560x1600@(-2560,548)
[2026-05-22T10:09:42Z] [INFO] waiting for enabled=true ...
[2026-05-22T10:12:46Z] [INFO] detected 2 monitor(s): #0=3840x2160@(0,0)(primary), #1=2560x1600@(-2560,548)
[2026-05-22T10:12:46Z] [INFO] waiting for enabled=true ...
[2026-05-23T00:15:10Z] [INFO] detected 2 monitor(s): #0=3840x2160@(0,0)(primary), #1=2560x1600@(-2560,548)
[2026-05-23T00:15:10Z] [INFO] waiting for enabled=true ...
[2026-05-23T01:28:34Z] [INFO] detected 2 monitor(s): #0=3840x2160@(0,0)(primary), #1=2560x1600@(-2560,548)
[2026-05-23T01:28:34Z] [INFO] waiting for enabled=true ...
[2026-05-23T12:22:34Z] [INFO] detected 2 monitor(s): #0=3840x2160@(0,0)(primary), #1=2560x1600@(-2560,548)
[2026-05-23T12:22:34Z] [INFO] waiting for enabled=true ...
[2026-05-23T12:38:02Z] [INFO] detected 2 monitor(s): #0=3840x2160@(0,0)(primary), #1=2560x1600@(-2560,548)
[2026-05-23T12:38:02Z] [INFO] waiting for enabled=true ...
[2026-05-23T12:44:11Z] [INFO] detected 2 monitor(s): #0=3840x2160@(0,0)(primary), #1=2560x1600@(-2560,548)
[2026-05-23T12:44:11Z] [INFO] waiting for enabled=true ...
[2026-05-23T12:46:49Z] [INFO] detected 2 monitor(s): #0=3840x2160@(0,0)(primary), #1=2560x1600@(-2560,548)
[2026-05-23T12:46:49Z] [INFO] waiting for enabled=true ...
[2026-05-23T13:05:57Z] [INFO] detected 2 monitor(s): #0=3840x2160@(0,0)(primary), #1=2560x1600@(-2560,548)
[2026-05-23T13:05:57Z] [INFO] waiting for enabled=true ...
[2026-05-23T13:12:10Z] [INFO] detected 2 monitor(s): #0=3840x2160@(0,0)(primary), #1=2560x1600@(-2560,548)
[2026-05-23T13:12:10Z] [INFO] waiting for enabled=true ...
[2026-05-23T13:14:48Z] [INFO] detected 2 monitor(s): #0=3840x2160@(0,0)(primary), #1=2560x1600@(-2560,548)
[2026-05-23T13:14:48Z] [INFO] waiting for enabled=true ...
[2026-05-23T13:15:09Z] [INFO] detected 2 monitor(s): #0=3840x2160@(0,0)(primary), #1=2560x1600@(-2560,548)
[2026-05-23T13:15:09Z] [INFO] waiting for enabled=true ...
[2026-05-23T13:24:32Z] [INFO] detected 2 monitor(s): #0=3840x2160@(0,0)(primary), #1=2560x1600@(-2560,548)
[2026-05-23T13:24:32Z] [INFO] waiting for enabled=true ...
[2026-05-23T13:30:34Z] [INFO] detected 2 monitor(s): #0=3840x2160@(0,0)(primary), #1=2560x1600@(-2560,548)
[2026-05-23T13:30:34Z] [INFO] waiting for enabled=true ...
[2026-05-23T13:33:35Z] [INFO] detected 2 monitor(s): #0=3840x2160@(0,0)(primary), #1=2560x1600@(-2560,548)
[2026-05-23T13:33:35Z] [INFO] waiting for enabled=true ...
[2026-05-23T13:35:00Z] [INFO] detected 2 monitor(s): #0=3840x2160@(0,0)(primary), #1=2560x1600@(-2560,548)
[2026-05-23T13:35:00Z] [INFO] waiting for enabled=true ...
[2026-05-23T13:36:30Z] [INFO] detected 2 monitor(s): #0=3840x2160@(0,0)(primary), #1=2560x1600@(-2560,548)
[2026-05-23T13:36:30Z] [INFO] waiting for enabled=true ...
[2026-05-23T13:37:34Z] [INFO] detected 2 monitor(s): #0=3840x2160@(0,0)(primary), #1=2560x1600@(-2560,548)
[2026-05-23T13:37:34Z] [INFO] waiting for enabled=true ...
[2026-05-23T13:37:42Z] [INFO] detected 2 monitor(s): #0=3840x2160@(0,0)(primary), #1=2560x1600@(-2560,548)
[2026-05-23T13:37:42Z] [INFO] waiting for enabled=true ...
[2026-05-23T13:38:57Z] [INFO] detected 2 monitor(s): #0=3840x2160@(0,0)(primary), #1=2560x1600@(-2560,548)
[2026-05-23T13:38:57Z] [INFO] waiting for enabled=true ...
[2026-05-23T13:40:07Z] [INFO] detected 2 monitor(s): #0=3840x2160@(0,0)(primary), #1=2560x1600@(-2560,548)
[2026-05-23T13:40:07Z] [INFO] waiting for enabled=true ...
[2026-05-23T13:40:36Z] [INFO] detected 2 monitor(s): #0=3840x2160@(0,0)(primary), #1=2560x1600@(-2560,548)
[2026-05-23T13:40:36Z] [INFO] waiting for enabled=true ...
[2026-05-23T13:59:38Z] [INFO] detected 2 monitor(s): #0=3840x2160@(0,0)(primary), #1=2560x1600@(-2560,548)
[2026-05-23T13:59:38Z] [INFO] waiting for enabled=true ...
[2026-05-23T14:09:05Z] [INFO] detected 2 monitor(s): #0=3840x2160@(0,0)(primary), #1=2560x1600@(-2560,548)
[2026-05-23T14:09:05Z] [INFO] waiting for enabled=true ...
[2026-05-23T14:11:25Z] [INFO] detected 2 monitor(s): #0=3840x2160@(0,0)(primary), #1=2560x1600@(-2560,548)
[2026-05-23T14:11:25Z] [INFO] waiting for enabled=true ...
[2026-05-23T14:17:26Z] [INFO] detected 2 monitor(s): #0=3840x2160@(0,0)(primary), #1=2560x1600@(-2560,548)
[2026-05-23T14:17:26Z] [INFO] waiting for enabled=true ...
[2026-05-23T23:34:23Z] [INFO] detected 2 monitor(s): #0=3840x2160@(0,0)(primary), #1=2560x1600@(-2560,548)
[2026-05-23T23:34:23Z] [INFO] waiting for enabled=true ...
[2026-05-24T00:18:54Z] [INFO] detected 2 monitor(s): #0=3840x2160@(0,0)(primary), #1=2560x1600@(-2560,548)
[2026-05-24T00:18:54Z] [INFO] waiting for enabled=true ...
[2026-05-24T02:28:53Z] [INFO] detected 2 monitor(s): #0=3840x2160@(0,0)(primary), #1=2560x1600@(-2560,548)
[2026-05-24T02:28:53Z] [INFO] waiting for enabled=true ...
[2026-05-24T02:31:01Z] [INFO] detected 2 monitor(s): #0=3840x2160@(0,0)(primary), #1=2560x1600@(-2560,548)
[2026-05-24T02:31:01Z] [INFO] waiting for enabled=true ...
[2026-05-24T02:33:22Z] [INFO] detected 2 monitor(s): #0=3840x2160@(0,0)(primary), #1=2560x1600@(-2560,548)
[2026-05-24T02:33:22Z] [INFO] waiting for enabled=true ...
[2026-05-24T02:33:30Z] [INFO] detected 2 monitor(s): #0=3840x2160@(0,0)(primary), #1=2560x1600@(-2560,548)
[2026-05-24T02:33:30Z] [INFO] waiting for enabled=true ...
[2026-05-24T02:45:02Z] [INFO] detected 2 monitor(s): #0=3840x2160@(0,0)(primary), #1=2560x1600@(-2560,548)
[2026-05-24T02:45:02Z] [INFO] waiting for enabled=true ...
[2026-05-24T03:05:21Z] [INFO] detected 2 monitor(s): #0=3840x2160@(0,0)(primary), #1=2560x1600@(-2560,548)
[2026-05-24T03:05:21Z] [INFO] waiting for enabled=true ...
[2026-05-24T03:05:31Z] [INFO] detected 2 monitor(s): #0=3840x2160@(0,0)(primary), #1=2560x1600@(-2560,548)
[2026-05-24T03:05:31Z] [INFO] waiting for enabled=true ...
[2026-05-24T03:09:20Z] [INFO] detected 2 monitor(s): #0=3840x2160@(0,0)(primary), #1=2560x1600@(-2560,548)
[2026-05-24T03:09:20Z] [INFO] waiting for enabled=true ...
[2026-05-24T03:10:48Z] [INFO] detected 2 monitor(s): #0=3840x2160@(0,0)(primary), #1=2560x1600@(-2560,548)
[2026-05-24T03:10:48Z] [INFO] waiting for enabled=true ...
[2026-05-24T03:13:24Z] [INFO] detected 2 monitor(s): #0=3840x2160@(0,0)(primary), #1=2560x1600@(-2560,548)
[2026-05-24T03:13:24Z] [INFO] waiting for enabled=true ...
[2026-05-24T03:23:57Z] [INFO] detected 2 monitor(s): #0=3840x2160@(0,0)(primary), #1=2560x1600@(-2560,548)
[2026-05-24T03:23:57Z] [INFO] waiting for enabled=true ...
[2026-05-24T03:26:06Z] [INFO] detected 2 monitor(s): #0=3840x2160@(0,0)(primary), #1=2560x1600@(-2560,548)
[2026-05-24T03:26:06Z] [INFO] waiting for enabled=true ...
[2026-05-24T03:32:17Z] [INFO] detected 2 monitor(s): #0=3840x2160@(0,0)(primary), #1=2560x1600@(-2560,548)
[2026-05-24T03:32:17Z] [INFO] waiting for enabled=true ...
[2026-05-24T15:02:16Z] [INFO] detected 2 monitor(s): #0=3840x2160@(0,0)(primary), #1=2560x1600@(-2560,548)
[2026-05-24T15:02:16Z] [INFO] waiting for enabled=true ...
[2026-05-24T15:08:18Z] [INFO] detected 2 monitor(s): #0=3840x2160@(0,0)(primary), #1=2560x1600@(-2560,548)
[2026-05-24T15:08:18Z] [INFO] waiting for enabled=true ...
[2026-05-24T15:08:24Z] [INFO] detected 2 monitor(s): #0=3840x2160@(0,0)(primary), #1=2560x1600@(-2560,548)
[2026-05-24T15:08:24Z] [INFO] waiting for enabled=true ...
[2026-05-24T15:20:04Z] [INFO] detected 2 monitor(s): #0=3840x2160@(0,0)(primary), #1=2560x1600@(-2560,548)
[2026-05-24T15:20:04Z] [INFO] waiting for enabled=true ...
[2026-05-24T15:22:52Z] [INFO] detected 2 monitor(s): #0=3840x2160@(0,0)(primary), #1=2560x1600@(-2560,548)
[2026-05-24T15:22:52Z] [INFO] waiting for enabled=true ...
[2026-05-24T23:55:33Z] [INFO] detected 1 monitor(s): #0=2560x1600@(0,0)(primary)
[2026-05-24T23:55:33Z] [INFO] waiting for enabled=true ...
[2026-05-25T00:48:51Z] [INFO] detected 1 monitor(s): #0=2560x1600@(0,0)(primary)
[2026-05-25T00:48:51Z] [INFO] waiting for enabled=true ...
[2026-05-25T01:11:29Z] [INFO] detected 1 monitor(s): #0=2560x1600@(0,0)(primary)
[2026-05-25T01:11:29Z] [INFO] waiting for enabled=true ...
[2026-05-25T01:23:17Z] [INFO] detected 1 monitor(s): #0=2560x1600@(0,0)(primary)
[2026-05-25T01:23:17Z] [INFO] waiting for enabled=true ...
[2026-05-25T01:28:52Z] [INFO] detected 1 monitor(s): #0=2560x1600@(0,0)(primary)
[2026-05-25T01:28:52Z] [INFO] waiting for enabled=true ...
[2026-05-25T01:53:07Z] [INFO] detected 1 monitor(s): #0=2560x1600@(0,0)(primary)
[2026-05-25T01:53:07Z] [INFO] waiting for enabled=true ...
[2026-05-25T02:08:42Z] [INFO] detected 1 monitor(s): #0=2560x1600@(0,0)(primary)
[2026-05-25T02:08:42Z] [INFO] waiting for enabled=true ...
[2026-05-25T02:13:36Z] [INFO] detected 1 monitor(s): #0=2560x1600@(0,0)(primary)
[2026-05-25T02:13:36Z] [INFO] waiting for enabled=true ...
[2026-05-25T02:15:55Z] [INFO] detected 1 monitor(s): #0=2560x1600@(0,0)(primary)
[2026-05-25T02:15:55Z] [INFO] waiting for enabled=true ...
[2026-05-25T02:17:32Z] [INFO] detected 1 monitor(s): #0=2560x1600@(0,0)(primary)
[2026-05-25T02:17:32Z] [INFO] waiting for enabled=true ...
[2026-05-25T03:11:46Z] [INFO] detected 1 monitor(s): #0=2560x1600@(0,0)(primary)
[2026-05-25T03:11:46Z] [INFO] waiting for enabled=true ...
[2026-05-25T08:09:47Z] [INFO] detected 1 monitor(s): #0=2560x1600@(0,0)(primary)
[2026-05-25T08:09:47Z] [INFO] waiting for enabled=true ...
[2026-05-25T08:12:09Z] [INFO] detected 1 monitor(s): #0=2560x1600@(0,0)(primary)
[2026-05-25T08:12:09Z] [INFO] waiting for enabled=true ...
[2026-05-25T08:37:28Z] [INFO] detected 1 monitor(s): #0=2560x1600@(0,0)(primary)
[2026-05-25T08:37:28Z] [INFO] waiting for enabled=true ...
[2026-05-26T00:40:31Z] [INFO] detected 1 monitor(s): #0=2560x1600@(0,0)(primary)
[2026-05-26T00:40:31Z] [INFO] waiting for enabled=true ...
[2026-05-26T01:09:36Z] [INFO] detected 1 monitor(s): #0=2560x1600@(0,0)(primary)
[2026-05-26T01:09:36Z] [INFO] waiting for enabled=true ...
[2026-05-26T01:09:50Z] [INFO] detected 1 monitor(s): #0=2560x1600@(0,0)(primary)
[2026-05-26T01:09:50Z] [INFO] waiting for enabled=true ...
[2026-05-26T01:16:46Z] [INFO] detected 1 monitor(s): #0=2560x1600@(0,0)(primary)
[2026-05-26T01:16:46Z] [INFO] waiting for enabled=true ...
[2026-05-26T01:22:28Z] [INFO] detected 1 monitor(s): #0=2560x1600@(0,0)(primary)
[2026-05-26T01:22:28Z] [INFO] waiting for enabled=true ...
[2026-05-26T01:22:39Z] [INFO] detected 1 monitor(s): #0=2560x1600@(0,0)(primary)
[2026-05-26T01:22:39Z] [INFO] waiting for enabled=true ...
[2026-05-26T01:25:26Z] [INFO] detected 1 monitor(s): #0=2560x1600@(0,0)(primary)
[2026-05-26T01:25:26Z] [INFO] waiting for enabled=true ...
[2026-05-26T01:25:32Z] [INFO] detected 1 monitor(s): #0=2560x1600@(0,0)(primary)
[2026-05-26T01:25:32Z] [INFO] waiting for enabled=true ...
[2026-05-26T01:30:51Z] [INFO] detected 1 monitor(s): #0=2560x1600@(0,0)(primary)
[2026-05-26T01:30:51Z] [INFO] waiting for enabled=true ...
[2026-05-26T01:32:12Z] [INFO] detected 1 monitor(s): #0=2560x1600@(0,0)(primary)
[2026-05-26T01:32:12Z] [INFO] waiting for enabled=true ...
[2026-05-26T01:33:13Z] [INFO] detected 1 monitor(s): #0=2560x1600@(0,0)(primary)
[2026-05-26T01:33:13Z] [INFO] waiting for enabled=true ...
[2026-05-26T01:34:30Z] [INFO] detected 1 monitor(s): #0=2560x1600@(0,0)(primary)
[2026-05-26T01:34:30Z] [INFO] waiting for enabled=true ...
[2026-05-26T01:37:40Z] [INFO] detected 1 monitor(s): #0=2560x1600@(0,0)(primary)
[2026-05-26T01:37:40Z] [INFO] waiting for enabled=true ...
[2026-05-26T01:45:25Z] [INFO] detected 1 monitor(s): #0=2560x1600@(0,0)(primary)
[2026-05-26T01:45:25Z] [INFO] waiting for enabled=true ...
[2026-05-26T01:48:11Z] [INFO] detected 1 monitor(s): #0=2560x1600@(0,0)(primary)
[2026-05-26T01:48:11Z] [INFO] waiting for enabled=true ...
[2026-05-26T01:51:11Z] [INFO] detected 1 monitor(s): #0=2560x1600@(0,0)(primary)
[2026-05-26T01:51:11Z] [INFO] waiting for enabled=true ...
[2026-05-26T01:53:35Z] [INFO] detected 1 monitor(s): #0=2560x1600@(0,0)(primary)
[2026-05-26T01:53:35Z] [INFO] waiting for enabled=true ...
[2026-05-26T01:55:06Z] [INFO] detected 1 monitor(s): #0=2560x1600@(0,0)(primary)
[2026-05-26T01:55:06Z] [INFO] waiting for enabled=true ...
[2026-05-26T01:56:30Z] [INFO] detected 1 monitor(s): #0=2560x1600@(0,0)(primary)
[2026-05-26T01:56:30Z] [INFO] waiting for enabled=true ...
[2026-05-26T02:02:37Z] [INFO] detected 1 monitor(s): #0=2560x1600@(0,0)(primary)
[2026-05-26T02:02:37Z] [INFO] waiting for enabled=true ...
[2026-05-26T02:09:52Z] [INFO] detected 1 monitor(s): #0=2560x1600@(0,0)(primary)
[2026-05-26T02:09:52Z] [INFO] waiting for enabled=true ...
[2026-05-26T02:13:42Z] [INFO] detected 1 monitor(s): #0=2560x1600@(0,0)(primary)
[2026-05-26T02:13:42Z] [INFO] waiting for enabled=true ...
[2026-05-26T05:46:33Z] [INFO] detected 1 monitor(s): #0=2560x1600@(0,0)(primary)
[2026-05-26T05:46:33Z] [INFO] waiting for enabled=true ...
[2026-05-26T15:29:37Z] [INFO] detected 1 monitor(s): #0=2560x1600@(0,0)(primary)
[2026-05-26T15:29:37Z] [INFO] waiting for enabled=true ...
[2026-05-26T15:32:40Z] [INFO] detected 1 monitor(s): #0=2560x1600@(0,0)(primary)
[2026-05-26T15:32:40Z] [INFO] waiting for enabled=true ...
[2026-05-26T15:35:48Z] [INFO] detected 1 monitor(s): #0=2560x1600@(0,0)(primary)
[2026-05-26T15:35:48Z] [INFO] waiting for enabled=true ...
[2026-05-26T16:04:40Z] [INFO] detected 1 monitor(s): #0=2560x1600@(0,0)(primary)
[2026-05-26T16:04:40Z] [INFO] waiting for enabled=true ...
[2026-05-27T00:49:47Z] [INFO] detected 1 monitor(s): #0=2560x1600@(0,0)(primary)
[2026-05-27T00:49:47Z] [INFO] waiting for enabled=true ...
[2026-05-27T01:33:52Z] [INFO] detected 1 monitor(s): #0=2560x1600@(0,0)(primary)
[2026-05-27T01:33:52Z] [INFO] waiting for enabled=true ...
[2026-05-27T01:36:58Z] [INFO] detected 1 monitor(s): #0=2560x1600@(0,0)(primary)
[2026-05-27T01:36:58Z] [INFO] waiting for enabled=true ...
[2026-05-27T09:15:09Z] [INFO] detected 1 monitor(s): #0=2560x1600@(0,0)(primary)
[2026-05-27T09:15:09Z] [INFO] waiting for enabled=true ...
[2026-05-27T09:38:31Z] [INFO] detected 1 monitor(s): #0=2560x1600@(0,0)(primary)
[2026-05-27T09:38:31Z] [INFO] waiting for enabled=true ...
[2026-05-27T09:40:46Z] [INFO] detected 1 monitor(s): #0=2560x1600@(0,0)(primary)
[2026-05-27T09:40:46Z] [INFO] waiting for enabled=true ...
[2026-05-27T09:49:13Z] [INFO] detected 1 monitor(s): #0=2560x1600@(0,0)(primary)
[2026-05-27T09:49:13Z] [INFO] waiting for enabled=true ...
[2026-05-28T00:50:44Z] [INFO] detected 1 monitor(s): #0=2560x1600@(0,0)(primary)
[2026-05-28T00:50:44Z] [INFO] waiting for enabled=true ...
[2026-05-28T01:18:16Z] [INFO] detected 1 monitor(s): #0=2560x1600@(0,0)(primary)
[2026-05-28T01:18:16Z] [INFO] waiting for enabled=true ...
[2026-05-28T01:36:09Z] [INFO] detected 1 monitor(s): #0=2560x1600@(0,0)(primary)
[2026-05-28T01:36:09Z] [INFO] waiting for enabled=true ...
[2026-05-28T02:43:21Z] [INFO] detected 1 monitor(s): #0=2560x1600@(0,0)(primary)
[2026-05-28T02:43:21Z] [INFO] waiting for enabled=true ...
[2026-05-28T02:50:53Z] [INFO] detected 1 monitor(s): #0=2560x1600@(0,0)(primary)
[2026-05-28T02:50:53Z] [INFO] waiting for enabled=true ...
[2026-05-28T02:51:06Z] [INFO] detected 1 monitor(s): #0=2560x1600@(0,0)(primary)
[2026-05-28T02:51:06Z] [INFO] waiting for enabled=true ...
[2026-05-28T05:40:14Z] [INFO] detected 1 monitor(s): #0=2560x1600@(0,0)(primary)
[2026-05-28T05:40:14Z] [INFO] waiting for enabled=true ...
[2026-05-28T06:12:41Z] [INFO] detected 1 monitor(s): #0=2560x1600@(0,0)(primary)
[2026-05-28T06:12:41Z] [INFO] waiting for enabled=true ...
[2026-05-28T06:14:26Z] [INFO] detected 1 monitor(s): #0=2560x1600@(0,0)(primary)
[2026-05-28T06:14:26Z] [INFO] waiting for enabled=true ...
[2026-05-29T00:36:59Z] [INFO] detected 1 monitor(s): #0=2560x1600@(0,0)(primary)
[2026-05-29T00:36:59Z] [INFO] waiting for enabled=true ...
[2026-05-29T01:36:31Z] [INFO] detected 1 monitor(s): #0=2560x1600@(0,0)(primary)
[2026-05-29T01:36:31Z] [INFO] waiting for enabled=true ...
[2026-05-29T03:30:48Z] [INFO] detected 1 monitor(s): #0=2560x1600@(0,0)(primary)
[2026-05-29T03:30:48Z] [INFO] waiting for enabled=true ...
[2026-05-29T08:59:39Z] [INFO] detected 1 monitor(s): #0=2560x1600@(0,0)(primary)
[2026-05-29T08:59:39Z] [INFO] waiting for enabled=true ...
[2026-05-29T09:06:17Z] [INFO] detected 1 monitor(s): #0=2560x1600@(0,0)(primary)
[2026-05-29T09:06:17Z] [INFO] waiting for enabled=true ...
[2026-05-29T09:06:36Z] [INFO] detected 1 monitor(s): #0=2560x1600@(0,0)(primary)
[2026-05-29T09:06:36Z] [INFO] waiting for enabled=true ...
[2026-05-29T09:34:22Z] [INFO] detected 1 monitor(s): #0=2560x1600@(0,0)(primary)
[2026-05-29T09:34:22Z] [INFO] waiting for enabled=true ...
[2026-05-29T09:38:04Z] [INFO] detected 1 monitor(s): #0=2560x1600@(0,0)(primary)
[2026-05-29T09:38:04Z] [INFO] waiting for enabled=true ...
[2026-05-29T10:01:29Z] [INFO] detected 1 monitor(s): #0=2560x1600@(0,0)(primary)
[2026-05-29T10:01:29Z] [INFO] waiting for enabled=true ...
[2026-05-29T10:02:49Z] [INFO] detected 1 monitor(s): #0=2560x1600@(0,0)(primary)
[2026-05-29T10:02:49Z] [INFO] waiting for enabled=true ...
[2026-05-29T10:09:24Z] [INFO] detected 1 monitor(s): #0=2560x1600@(0,0)(primary)
[2026-05-29T10:09:24Z] [INFO] waiting for enabled=true ...
[2026-05-29T10:19:30Z] [INFO] detected 1 monitor(s): #0=2560x1600@(0,0)(primary)
[2026-05-29T10:19:30Z] [INFO] waiting for enabled=true ...
[2026-05-29T10:20:04Z] [INFO] detected 1 monitor(s): #0=2560x1600@(0,0)(primary)
[2026-05-29T10:20:04Z] [INFO] waiting for enabled=true ...
[2026-05-29T10:20:15Z] [INFO] detected 1 monitor(s): #0=2560x1600@(0,0)(primary)
[2026-05-29T10:20:15Z] [INFO] waiting for enabled=true ...
[2026-05-29T22:38:35Z] [INFO] detected 1 monitor(s): #0=2560x1600@(0,0)(primary)
[2026-05-29T22:38:35Z] [INFO] waiting for enabled=true ...
[2026-05-29T22:53:27Z] [INFO] detected 1 monitor(s): #0=2560x1600@(0,0)(primary)
[2026-05-29T22:53:27Z] [INFO] waiting for enabled=true ...
[2026-05-29T22:58:29Z] [INFO] detected 1 monitor(s): #0=2560x1600@(0,0)(primary)
[2026-05-29T22:58:29Z] [INFO] waiting for enabled=true ...
[2026-05-29T23:00:29Z] [INFO] detected 1 monitor(s): #0=2560x1600@(0,0)(primary)
[2026-05-29T23:00:29Z] [INFO] waiting for enabled=true ...
[2026-05-29T23:06:15Z] [INFO] detected 1 monitor(s): #0=2560x1600@(0,0)(primary)
[2026-05-29T23:06:15Z] [INFO] waiting for enabled=true ...
[2026-05-29T23:10:09Z] [INFO] detected 1 monitor(s): #0=2560x1600@(0,0)(primary)
[2026-05-29T23:10:09Z] [INFO] waiting for enabled=true ...
[2026-05-29T23:11:34Z] [INFO] detected 1 monitor(s): #0=2560x1600@(0,0)(primary)
[2026-05-29T23:11:34Z] [INFO] waiting for enabled=true ...
[2026-05-29T23:12:42Z] [INFO] detected 1 monitor(s): #0=2560x1600@(0,0)(primary)
[2026-05-29T23:12:42Z] [INFO] waiting for enabled=true ...
[2026-05-29T23:13:47Z] [INFO] detected 1 monitor(s): #0=2560x1600@(0,0)(primary)
[2026-05-29T23:13:47Z] [INFO] waiting for enabled=true ...
[2026-05-29T23:14:23Z] [INFO] detected 1 monitor(s): #0=2560x1600@(0,0)(primary)
[2026-05-29T23:14:23Z] [INFO] waiting for enabled=true ...
[2026-05-29T23:14:43Z] [INFO] detected 1 monitor(s): #0=2560x1600@(0,0)(primary)
[2026-05-29T23:14:43Z] [INFO] waiting for enabled=true ...
[2026-05-29T23:15:57Z] [INFO] detected 1 monitor(s): #0=2560x1600@(0,0)(primary)
[2026-05-29T23:15:57Z] [INFO] waiting for enabled=true ...
[2026-05-29T23:16:30Z] [INFO] detected 1 monitor(s): #0=2560x1600@(0,0)(primary)
[2026-05-29T23:16:30Z] [INFO] waiting for enabled=true ...
[2026-05-29T23:17:37Z] [INFO] detected 1 monitor(s): #0=2560x1600@(0,0)(primary)
[2026-05-29T23:17:37Z] [INFO] waiting for enabled=true ...
[2026-05-29T23:20:03Z] [INFO] detected 1 monitor(s): #0=2560x1600@(0,0)(primary)
[2026-05-29T23:20:03Z] [INFO] waiting for enabled=true ...
[2026-05-29T23:22:33Z] [INFO] detected 1 monitor(s): #0=2560x1600@(0,0)(primary)
[2026-05-29T23:22:33Z] [INFO] waiting for enabled=true ...
[2026-05-29T23:27:46Z] [INFO] detected 1 monitor(s): #0=2560x1600@(0,0)(primary)
[2026-05-29T23:27:46Z] [INFO] waiting for enabled=true ...
[2026-05-29T23:33:47Z] [INFO] detected 1 monitor(s): #0=2560x1600@(0,0)(primary)
[2026-05-29T23:33:47Z] [INFO] waiting for enabled=true ...
[2026-05-29T23:34:41Z] [INFO] detected 1 monitor(s): #0=2560x1600@(0,0)(primary)
[2026-05-29T23:34:41Z] [INFO] waiting for enabled=true ...
[2026-05-29T23:43:48Z] [INFO] detected 1 monitor(s): #0=2560x1600@(0,0)(primary)
[2026-05-29T23:43:48Z] [INFO] waiting for enabled=true ...
[2026-05-29T23:43:55Z] [INFO] detected 1 monitor(s): #0=2560x1600@(0,0)(primary)
[2026-05-29T23:43:55Z] [INFO] waiting for enabled=true ...
[2026-05-29T23:47:05Z] [INFO] detected 1 monitor(s): #0=2560x1600@(0,0)(primary)
[2026-05-29T23:47:05Z] [INFO] waiting for enabled=true ...
[2026-05-30T00:50:48Z] [INFO] detected 1 monitor(s): #0=2560x1600@(0,0)(primary)
[2026-05-30T00:50:48Z] [INFO] waiting for enabled=true ...
[2026-05-30T01:22:01Z] [INFO] detected 1 monitor(s): #0=2560x1600@(0,0)(primary)
[2026-05-30T01:22:01Z] [INFO] waiting for enabled=true ...
[2026-06-01T22:35:58Z] [INFO] detected 1 monitor(s): #0=2560x1600@(0,0)(primary)
[2026-06-01T22:35:58Z] [INFO] waiting for enabled=true ...
[2026-06-01T23:02:10Z] [INFO] detected 1 monitor(s): #0=2560x1600@(0,0)(primary)
[2026-06-01T23:02:10Z] [INFO] waiting for enabled=true ...
[2026-06-02T09:57:05Z] [INFO] enabled detected → start capture
[2026-06-02T09:57:11Z] [INFO] bartender announce 'start' posted OK
[2026-06-02T12:18:17Z] [INFO] bartender announce 'stop' posted OK
[2026-06-02T12:18:17Z] [INFO] waiting for enabled=true ...
[2026-06-03T23:50:16Z] [INFO] detected 2 monitor(s): #0=3840x2160@(0,0)(primary), #1=2560x1600@(-2560,548)
[2026-06-03T23:50:16Z] [INFO] waiting for enabled=true ...
[2026-06-06T03:09:04Z] [INFO] detected 1 monitor(s): #0=2560x1600@(0,0)(primary)
[2026-06-06T03:09:04Z] [INFO] waiting for enabled=true ...
[2026-06-06T03:56:27Z] [INFO] enabled detected → start capture
[2026-06-06T03:56:32Z] [INFO] bartender announce 'start' posted OK
[2026-06-06T15:58:54Z] [INFO] ⛔ stop.lock detected → forcing enabled=false. reason: 2026-06-06T15:58:53.4092476Z
User clicked from blackout overlay (reason: Contains sensitive login information)
[2026-06-06T15:58:54Z] [INFO] stop.lock consumed (file removed)
[2026-06-06T15:59:09Z] [WARN] bartender announce 'stop' post fail: subprocess timeout after 15.0s
[2026-06-06T15:59:09Z] [INFO] waiting for enabled=true ...
[2026-06-06T22:25:53Z] [INFO] detected 1 monitor(s): #0=2560x1600@(0,0)(primary)
[2026-06-06T22:25:53Z] [INFO] waiting for enabled=true ...
[2026-06-06T22:42:39Z] [INFO] detected 1 monitor(s): #0=2560x1600@(0,0)(primary)
[2026-06-06T22:42:39Z] [INFO] waiting for enabled=true ...
[2026-06-06T22:56:18Z] [INFO] detected 1 monitor(s): #0=2560x1600@(0,0)(primary)
[2026-06-06T22:56:18Z] [INFO] waiting for enabled=true ...
[2026-06-06T22:57:04Z] [INFO] detected 1 monitor(s): #0=2560x1600@(0,0)(primary)
[2026-06-06T22:57:04Z] [INFO] waiting for enabled=true ...
[2026-06-06T22:59:12Z] [INFO] detected 1 monitor(s): #0=2560x1600@(0,0)(primary)
[2026-06-06T22:59:12Z] [INFO] waiting for enabled=true ...
[2026-06-06T22:59:38Z] [INFO] detected 1 monitor(s): #0=2560x1600@(0,0)(primary)
[2026-06-06T22:59:38Z] [INFO] waiting for enabled=true ...
[2026-06-06T23:12:39Z] [INFO] detected 1 monitor(s): #0=2560x1600@(0,0)(primary)
[2026-06-06T23:12:39Z] [INFO] waiting for enabled=true ...
[2026-06-06T23:14:21Z] [INFO] detected 1 monitor(s): #0=2560x1600@(0,0)(primary)
[2026-06-06T23:14:21Z] [INFO] waiting for enabled=true ...
[2026-06-06T23:15:36Z] [INFO] detected 1 monitor(s): #0=2560x1600@(0,0)(primary)
[2026-06-06T23:15:36Z] [INFO] waiting for enabled=true ...
[2026-06-06T23:22:15Z] [INFO] detected 1 monitor(s): #0=2560x1600@(0,0)(primary)
[2026-06-06T23:22:15Z] [INFO] waiting for enabled=true ...
[2026-06-06T23:32:24Z] [INFO] detected 1 monitor(s): #0=2560x1600@(0,0)(primary)
[2026-06-06T23:32:24Z] [INFO] waiting for enabled=true ...
[2026-06-06T23:35:10Z] [INFO] enabled detected → start capture
[2026-06-06T23:35:14Z] [INFO] bartender announce 'start' posted OK
[2026-06-06T23:44:55Z] [INFO] detected 2 monitor(s): #0=3840x2160@(0,0)(primary), #1=2560x1600@(-2560,548)
[2026-06-06T23:52:39Z] [INFO] detected 2 monitor(s): #0=3840x2160@(0,0)(primary), #1=2560x1600@(-2560,548)
[2026-06-07T00:03:50Z] [INFO] detected 2 monitor(s): #0=3840x2160@(0,0)(primary), #1=2560x1600@(-2560,548)
[2026-06-07T00:09:05Z] [INFO] detected 2 monitor(s): #0=3840x2160@(0,0)(primary), #1=2560x1600@(-2560,548)
[2026-06-07T00:14:41Z] [INFO] detected 2 monitor(s): #0=3840x2160@(0,0)(primary), #1=2560x1600@(-2560,548)
[2026-06-07T00:15:14Z] [INFO] bartender announce 'stop' posted OK
[2026-06-07T00:15:14Z] [INFO] waiting for enabled=true ...
[2026-06-07T00:15:14Z] [INFO] enabled detected → start capture
[2026-06-07T00:15:18Z] [INFO] bartender announce 'start' posted OK
[2026-06-07T00:31:05Z] [INFO] detected 2 monitor(s): #0=3840x2160@(0,0)(primary), #1=2560x1600@(-2560,548)
[2026-06-07T00:33:15Z] [INFO] detected 2 monitor(s): #0=3840x2160@(0,0)(primary), #1=2560x1600@(-2560,548)
[2026-06-07T00:33:36Z] [INFO] detected 2 monitor(s): #0=3840x2160@(0,0)(primary), #1=2560x1600@(-2560,548)
[2026-06-07T00:35:13Z] [INFO] detected 2 monitor(s): #0=3840x2160@(0,0)(primary), #1=2560x1600@(-2560,548)
[2026-06-07T00:39:22Z] [INFO] detected 2 monitor(s): #0=3840x2160@(0,0)(primary), #1=2560x1600@(-2560,548)
[2026-06-07T00:39:50Z] [INFO] detected 2 monitor(s): #0=3840x2160@(0,0)(primary), #1=2560x1600@(-2560,548)
[2026-06-07T01:01:50Z] [INFO] detected 2 monitor(s): #0=3840x2160@(0,0)(primary), #1=2560x1600@(-2560,548)
[2026-06-07T01:02:58Z] [INFO] detected 2 monitor(s): #0=3840x2160@(0,0)(primary), #1=2560x1600@(-2560,548)
[2026-06-07T01:03:12Z] [INFO] detected 2 monitor(s): #0=3840x2160@(0,0)(primary), #1=2560x1600@(-2560,548)
[2026-06-07T01:03:29Z] [INFO] detected 2 monitor(s): #0=3840x2160@(0,0)(primary), #1=2560x1600@(-2560,548)
[2026-06-07T01:03:39Z] [INFO] detected 2 monitor(s): #0=3840x2160@(0,0)(primary), #1=2560x1600@(-2560,548)
[2026-06-07T01:13:59Z] [INFO] detected 2 monitor(s): #0=3840x2160@(0,0)(primary), #1=2560x1600@(-2560,548)
[2026-06-07T01:15:30Z] [WARN] load gameview src fail: [WinError 2] The system cannot find the file specified: 'D:\\Unity\\EmblemOfValor\\AgentCommands\\_screenstream\\_gameview_src.jpg'
[2026-06-07T01:20:42Z] [WARN] load gameview src fail: [Errno 13] Permission denied: 'D:\\Unity\\EmblemOfValor\\AgentCommands\\_screenstream\\_gameview_src.jpg'
[2026-06-07T01:22:40Z] [INFO] detected 2 monitor(s): #0=3840x2160@(0,0)(primary), #1=2560x1600@(-2560,548)
[2026-06-07T01:35:37Z] [INFO] detected 2 monitor(s): #0=3840x2160@(0,0)(primary), #1=2560x1600@(-2560,548)
[2026-06-07T01:48:54Z] [INFO] detected 2 monitor(s): #0=3840x2160@(0,0)(primary), #1=2560x1600@(-2560,548)
[2026-06-07T01:51:11Z] [INFO] detected 2 monitor(s): #0=3840x2160@(0,0)(primary), #1=2560x1600@(-2560,548)
[2026-06-07T01:52:20Z] [INFO] detected 2 monitor(s): #0=3840x2160@(0,0)(primary), #1=2560x1600@(-2560,548)
[2026-06-07T01:55:40Z] [INFO] detected 2 monitor(s): #0=3840x2160@(0,0)(primary), #1=2560x1600@(-2560,548)
[2026-06-07T01:56:47Z] [INFO] detected 2 monitor(s): #0=3840x2160@(0,0)(primary), #1=2560x1600@(-2560,548)
[2026-06-07T02:03:45Z] [INFO] detected 2 monitor(s): #0=3840x2160@(0,0)(primary), #1=2560x1600@(-2560,548)
[2026-06-07T02:05:32Z] [INFO] detected 2 monitor(s): #0=3840x2160@(0,0)(primary), #1=2560x1600@(-2560,548)
[2026-06-07T02:06:13Z] [INFO] bartender announce 'stop' posted OK
[2026-06-07T02:06:13Z] [INFO] waiting for enabled=true ...
[2026-06-07T02:07:03Z] [INFO] enabled detected → start capture
[2026-06-07T02:07:07Z] [INFO] bartender announce 'start' posted OK
[2026-06-07T04:55:29Z] [INFO] bartender announce 'stop' posted OK
[2026-06-07T04:55:29Z] [INFO] waiting for enabled=true ...
[2026-06-07T05:25:02Z] [INFO] enabled detected → start capture
[2026-06-07T05:25:09Z] [INFO] bartender announce 'start' posted OK
[2026-06-07T15:59:31Z] [INFO] bartender announce 'stop' posted OK
[2026-06-07T15:59:31Z] [INFO] waiting for enabled=true ...
[2026-06-07T22:28:59Z] [INFO] detected 2 monitor(s): #0=3840x2160@(0,0)(primary), #1=2560x1600@(-2560,548)
[2026-06-07T22:28:59Z] [INFO] waiting for enabled=true ...
[2026-06-07T22:47:16Z] [INFO] enabled detected → start capture
[2026-06-07T22:47:19Z] [INFO] bartender announce 'start' posted OK
[2026-06-08T00:08:23Z] [INFO] ⛔ stop.lock detected → forcing enabled=false. reason: 2026-06-08T00:08:23.7374265Z
User clicked from blackout overlay (reason: Contains sensitive login information)
[2026-06-08T00:08:23Z] [INFO] stop.lock consumed (file removed)
[2026-06-08T00:08:27Z] [INFO] bartender announce 'stop' posted OK
[2026-06-08T00:08:27Z] [INFO] waiting for enabled=true ...
[2026-06-08T01:26:46Z] [INFO] detected 2 monitor(s): #0=3840x2160@(0,0)(primary), #1=2560x1600@(-2560,548)
[2026-06-08T01:26:46Z] [INFO] audio viz module loaded
[2026-06-08T01:26:46Z] [INFO] waiting for enabled=true ...
[2026-06-08T01:26:56Z] [INFO] enabled detected → start capture
[2026-06-08T01:27:03Z] [INFO] bartender announce 'start' posted OK
[2026-06-08T01:27:03Z] [INFO] audio capture started
[2026-06-08T05:45:23Z] [INFO] detected 2 monitor(s): #0=3840x2160@(0,0)(primary), #1=2560x1600@(-2560,548)
[2026-06-08T05:45:23Z] [INFO] audio viz module loaded
[2026-06-08T05:45:23Z] [INFO] audio capture started
[2026-06-08T05:49:55Z] [INFO] detected 2 monitor(s): #0=3840x2160@(0,0)(primary), #1=2560x1600@(-2560,548)
[2026-06-08T05:49:56Z] [INFO] audio viz module loaded
[2026-06-08T05:49:56Z] [INFO] audio capture started
[2026-06-08T05:54:03Z] [INFO] detected 2 monitor(s): #0=3840x2160@(0,0)(primary), #1=2560x1600@(-2560,548)
[2026-06-08T05:54:03Z] [INFO] audio viz module loaded
[2026-06-08T05:54:03Z] [INFO] audio capture started
[2026-06-08T05:54:04Z] [INFO] [viz-debug] col_max: 0.00 0.00 0.00 0.00 0.00 0.00 0.00 0.00 0.00 0.00 0.00 0.00 0.00 0.00 0.00 0.00 0.00 0.00 0.00 0.00 0.00 0.00 0.00 0.00 0.00
[2026-06-08T05:54:04Z] [INFO] [viz-debug] col_max: 0.00 0.00 0.00 0.00 0.00 0.00 0.00 0.00 0.00 0.00 0.00 0.00 0.00 0.00 0.00 0.00 0.00 0.00 0.00 0.00 0.00 0.00 0.00 1.00 0.88
[2026-06-08T05:54:05Z] [INFO] [viz-debug] col_max: 0.00 0.00 0.00 0.00 0.00 0.00 0.00 0.00 0.00 0.00 0.00 0.00 0.00 0.00 0.00 0.00 0.00 0.00 0.00 0.00 1.00 0.88 1.00 1.00 0.00
[2026-06-08T05:54:05Z] [INFO] [viz-debug] col_max: 0.00 0.00 0.00 0.00 0.00 0.00 0.00 0.00 0.00 0.00 0.00 0.00 0.00 0.00 0.00 0.00 1.00 0.88 1.00 1.00 0.00 1.00 1.00 0.00 1.00
[2026-06-08T05:54:06Z] [INFO] [viz-debug] col_max: 0.00 0.00 0.00 0.00 0.00 0.00 0.00 0.00 0.00 0.00 0.00 0.00 0.00 1.00 0.88 1.00 1.00 0.00 1.00 1.00 0.00 1.00 1.00 1.00 1.00
[2026-06-08T05:54:06Z] [INFO] [viz-debug] col_max: 0.00 0.00 0.00 0.00 0.00 0.00 0.00 0.00 0.00 0.00 0.00 1.00 0.88 1.00 1.00 0.00 1.00 1.00 0.00 1.00 1.00 1.00 1.00 1.00 1.00
[2026-06-08T05:54:07Z] [INFO] [viz-debug] col_max: 0.00 0.00 0.00 0.00 0.00 0.00 0.00 1.00 0.88 1.00 1.00 0.00 1.00 1.00 0.00 1.00 1.00 1.00 1.00 1.00 1.00 1.00 1.00 0.00 1.00
[2026-06-08T05:54:07Z] [INFO] [viz-debug] col_max: 0.00 0.00 0.00 0.00 1.00 0.88 1.00 1.00 0.00 1.00 1.00 0.00 1.00 1.00 1.00 1.00 1.00 1.00 1.00 1.00 0.00 1.00 1.00 0.00 1.00
[2026-06-08T05:54:08Z] [INFO] [viz-debug] col_max: 0.00 1.00 0.88 1.00 1.00 0.00 1.00 1.00 0.00 1.00 1.00 1.00 1.00 1.00 1.00 1.00 1.00 0.00 1.00 1.00 0.00 1.00 1.00 0.00 1.00
[2026-06-08T05:54:08Z] [INFO] [viz-debug] col_max: 1.00 1.00 0.00 1.00 1.00 0.00 1.00 1.00 1.00 1.00 1.00 1.00 1.00 1.00 0.00 1.00 1.00 0.00 1.00 1.00 0.00 1.00 1.00 0.00 1.00
[2026-06-08T05:54:09Z] [INFO] [viz-debug] col_max: 1.00 1.00 0.00 1.00 1.00 1.00 1.00 1.00 1.00 1.00 1.00 0.00 1.00 1.00 0.00 1.00 1.00 0.00 1.00 1.00 0.00 1.00 1.00 1.00 1.00
[2026-06-08T05:54:09Z] [INFO] [viz-debug] col_max: 1.00 1.00 1.00 1.00 1.00 1.00 1.00 1.00 0.00 1.00 1.00 0.00 1.00 1.00 0.00 1.00 1.00 0.00 1.00 1.00 1.00 1.00 1.00 1.00 1.00
[2026-06-08T05:54:10Z] [INFO] [viz-debug] col_max: 1.00 1.00 1.00 1.00 1.00 0.00 1.00 1.00 0.00 1.00 1.00 0.00 1.00 1.00 0.00 1.00 1.00 1.00 1.00 1.00 1.00 1.00 1.00 1.00 1.00
[2026-06-08T05:54:10Z] [INFO] [viz-debug] col_max: 1.00 1.00 0.00 1.00 1.00 0.00 1.00 1.00 0.00 1.00 1.00 0.00 1.00 1.00 1.00 1.00 1.00 1.00 1.00 1.00 1.00 1.00 1.00 1.00 1.00
[2026-06-08T05:54:11Z] [INFO] [viz-debug] col_max: 1.00 1.00 0.00 1.00 1.00 0.00 1.00 1.00 0.00 1.00 1.00 1.00 1.00 1.00 1.00 1.00 1.00 1.00 1.00 1.00 1.00 1.00 1.00 1.00 0.00
[2026-06-08T05:54:11Z] [INFO] [viz-debug] col_max: 1.00 0.00 1.00 1.00 0.00 1.00 1.00 1.00 1.00 1.00 1.00 1.00 1.00 1.00 1.00 1.00 1.00 1.00 1.00 1.00 0.00 1.00 1.00 0.00 1.00
[2026-06-08T05:54:12Z] [INFO] [viz-debug] col_max: 1.00 0.00 1.00 1.00 1.00 1.00 1.00 1.00 1.00 1.00 1.00 1.00 1.00 1.00 1.00 1.00 1.00 0.00 1.00 1.00 0.00 1.00 1.00 0.92 1.00
[2026-06-08T05:54:12Z] [INFO] [viz-debug] col_max: 1.00 1.00 1.00 1.00 1.00 1.00 1.00 1.00 1.00 1.00 1.00 1.00 1.00 1.00 0.00 1.00 1.00 0.00 1.00 1.00 0.92 1.00 1.00 1.00 1.00
[2026-06-08T05:54:13Z] [INFO] [viz-debug] col_max: 1.00 1.00 1.00 1.00 1.00 1.00 1.00 1.00 1.00 1.00 1.00 0.00 1.00 1.00 0.00 1.00 1.00 0.92 1.00 1.00 1.00 1.00 1.00 1.00 1.00
[2026-06-08T05:54:13Z] [INFO] [viz-debug] col_max: 1.00 1.00 1.00 1.00 1.00 1.00 1.00 1.00 0.00 1.00 1.00 0.00 1.00 1.00 0.92 1.00 1.00 1.00 1.00 1.00 1.00 1.00 1.00 1.00 1.00
[2026-06-08T05:54:14Z] [INFO] [viz-debug] col_max: 1.00 1.00 1.00 1.00 1.00 0.00 1.00 1.00 0.00 1.00 1.00 0.92 1.00 1.00 1.00 1.00 1.00 1.00 1.00 1.00 1.00 1.00 1.00 1.00 1.00
[2026-06-08T05:54:14Z] [INFO] [viz-debug] col_max: 1.00 0.00 1.00 1.00 0.00 1.00 1.00 0.92 1.00 1.00 1.00 1.00 1.00 1.00 1.00 1.00 1.00 1.00 1.00 1.00 1.00 1.00 1.00 0.00 1.00
[2026-06-08T05:54:15Z] [INFO] [viz-debug] col_max: 1.00 0.00 1.00 1.00 0.92 1.00 1.00 1.00 1.00 1.00 1.00 1.00 1.00 1.00 1.00 1.00 1.00 1.00 1.00 1.00 0.00 1.00 1.00 0.00 1.00
[2026-06-08T05:54:15Z] [INFO] [viz-debug] col_max: 1.00 0.92 1.00 1.00 1.00 1.00 1.00 1.00 1.00 1.00 1.00 1.00 1.00 1.00 1.00 1.00 1.00 0.00 1.00 1.00 0.00 1.00 1.00 1.00 1.00
[2026-06-08T05:54:16Z] [INFO] [viz-debug] col_max: 1.00 1.00 1.00 1.00 1.00 1.00 1.00 1.00 1.00 1.00 1.00 1.00 1.00 1.00 0.00 1.00 1.00 0.00 1.00 1.00 1.00 1.00 1.00 1.00 1.00
[2026-06-08T05:54:16Z] [INFO] [viz-debug] col_max: 1.00 1.00 1.00 1.00 1.00 1.00 1.00 1.00 1.00 1.00 1.00 0.00 1.00 1.00 0.00 1.00 1.00 1.00 1.00 1.00 1.00 1.00 1.00 1.00 1.00
[2026-06-08T05:54:17Z] [INFO] [viz-debug] col_max: 1.00 1.00 1.00 1.00 1.00 1.00 1.00 1.00 0.00 1.00 1.00 0.00 1.00 1.00 1.00 1.00 1.00 1.00 1.00 1.00 1.00 1.00 1.00 1.00 0.84
[2026-06-08T05:54:17Z] [INFO] [viz-debug] col_max: 1.00 1.00 1.00 1.00 0.00 1.00 1.00 0.00 1.00 1.00 1.00 1.00 1.00 1.00 1.00 1.00 1.00 1.00 1.00 1.00 0.84 1.00 1.00 0.00 1.00
[2026-06-08T05:54:18Z] [INFO] [viz-debug] col_max: 1.00 0.00 1.00 1.00 0.00 1.00 1.00 1.00 1.00 1.00 1.00 1.00 1.00 1.00 1.00 1.00 1.00 0.84 1.00 1.00 0.00 1.00 1.00 0.00 1.00
[2026-06-08T05:54:18Z] [INFO] [viz-debug] col_max: 1.00 0.00 1.00 1.00 1.00 1.00 1.00 1.00 1.00 1.00 1.00 1.00 1.00 1.00 0.84 1.00 1.00 0.00 1.00 1.00 0.00 1.00 1.00 1.00 1.00
[2026-06-08T05:54:19Z] [INFO] [viz-debug] col_max: 1.00 1.00 1.00 1.00 1.00 1.00 1.00 1.00 1.00 1.00 1.00 0.84 1.00 1.00 0.00 1.00 1.00 0.00 1.00 1.00 1.00 1.00 1.00 1.00 1.00
[2026-06-08T05:54:19Z] [INFO] [viz-debug] col_max: 1.00 1.00 1.00 1.00 1.00 1.00 1.00 1.00 0.84 1.00 1.00 0.00 1.00 1.00 0.00 1.00 1.00 1.00 1.00 1.00 1.00 1.00 1.00 1.00 1.00
[2026-06-08T05:54:20Z] [INFO] [viz-debug] col_max: 1.00 1.00 1.00 1.00 0.84 1.00 1.00 0.00 1.00 1.00 0.00 1.00 1.00 1.00 1.00 1.00 1.00 1.00 1.00 1.00 1.00 1.00 1.00 0.00 1.00
[2026-06-08T05:54:20Z] [INFO] [viz-debug] col_max: 1.00 0.84 1.00 1.00 0.00 1.00 1.00 0.00 1.00 1.00 1.00 1.00 1.00 1.00 1.00 1.00 1.00 1.00 1.00 1.00 0.00 1.00 1.00 0.00 1.00
[2026-06-08T05:54:21Z] [INFO] [viz-debug] col_max: 1.00 0.00 1.00 1.00 0.00 1.00 1.00 1.00 1.00 1.00 1.00 1.00 1.00 1.00 1.00 1.00 1.00 0.00 1.00 1.00 0.00 1.00 1.00 1.00 1.00
[2026-06-08T05:54:21Z] [INFO] [viz-debug] col_max: 0.00 1.00 1.00 1.00 1.00 1.00 1.00 1.00 1.00 1.00 1.00 1.00 1.00 0.00 1.00 1.00 0.00 1.00 1.00 1.00 1.00 1.00 1.00 1.00 1.00
[2026-06-08T05:54:22Z] [INFO] [viz-debug] col_max: 1.00 1.00 1.00 1.00 1.00 1.00 1.00 1.00 1.00 1.00 0.00 1.00 1.00 0.00 1.00 1.00 1.00 1.00 1.00 1.00 1.00 1.00 1.00 0.00 1.00
[2026-06-08T05:54:22Z] [INFO] [viz-debug] col_max: 1.00 1.00 1.00 1.00 1.00 1.00 1.00 0.00 1.00 1.00 0.00 1.00 1.00 1.00 1.00 1.00 1.00 1.00 1.00 1.00 0.00 1.00 1.00 0.82 1.00
[2026-06-08T05:54:23Z] [INFO] [viz-debug] col_max: 1.00 1.00 1.00 1.00 0.00 1.00 1.00 0.00 1.00 1.00 1.00 1.00 1.00 1.00 1.00 1.00 1.00 0.00 1.00 1.00 0.82 1.00 1.00 1.00 1.00
[2026-06-08T05:54:23Z] [INFO] [viz-debug] col_max: 1.00 0.00 1.00 1.00 0.00 1.00 1.00 1.00 1.00 1.00 1.00 1.00 1.00 1.00 0.00 1.00 1.00 0.82 1.00 1.00 1.00 1.00 1.00 1.00 1.00
[2026-06-08T05:54:24Z] [INFO] [viz-debug] col_max: 1.00 0.00 1.00 1.00 1.00 1.00 1.00 1.00 1.00 1.00 1.00 0.00 1.00 1.00 0.82 1.00 1.00 1.00 1.00 1.00 1.00 1.00 1.00 1.00 0.00
[2026-06-08T05:54:24Z] [INFO] [viz-debug] col_max: 1.00 1.00 1.00 1.00 1.00 1.00 1.00 1.00 0.00 1.00 1.00 0.82 1.00 1.00 1.00 1.00 1.00 1.00 1.00 1.00 1.00 0.00 1.00 1.00 0.00
[2026-06-08T05:54:25Z] [INFO] [viz-debug] col_max: 1.00 1.00 1.00 1.00 0.00 1.00 1.00 0.82 1.00 1.00 1.00 1.00 1.00 1.00 1.00 1.00 1.00 0.00 1.00 1.00 0.00 1.00 1.00 0.00 1.00
[2026-06-08T05:54:25Z] [INFO] [viz-debug] col_max: 1.00 0.00 1.00 1.00 0.82 1.00 1.00 1.00 1.00 1.00 1.00 1.00 1.00 1.00 0.00 1.00 1.00 0.00 1.00 1.00 0.00 1.00 1.00 0.00 1.00
[2026-06-08T05:54:26Z] [INFO] [viz-debug] col_max: 1.00 0.82 1.00 1.00 1.00 1.00 1.00 1.00 1.00 1.00 1.00 0.00 1.00 1.00 0.00 1.00 1.00 0.00 1.00 1.00 0.00 1.00 1.00 1.00 1.00
[2026-06-08T05:54:26Z] [INFO] [viz-debug] col_max: 1.00 1.00 1.00 1.00 1.00 1.00 1.00 1.00 0.00 1.00 1.00 0.00 1.00 1.00 0.00 1.00 1.00 0.00 1.00 1.00 1.00 1.00 1.00 1.00 1.00
[2026-06-08T05:54:27Z] [INFO] [viz-debug] col_max: 1.00 1.00 1.00 1.00 1.00 0.00 1.00 1.00 0.00 1.00 1.00 0.00 1.00 1.00 0.00 1.00 1.00 1.00 1.00 1.00 1.00 1.00 1.00 1.00 1.00
[2026-06-08T05:54:27Z] [INFO] [viz-debug] col_max: 1.00 1.00 0.00 1.00 1.00 0.00 1.00 1.00 0.00 1.00 1.00 0.00 1.00 1.00 1.00 1.00 1.00 1.00 1.00 1.00 1.00 1.00 1.00 1.00 0.97
[2026-06-08T05:54:28Z] [INFO] [viz-debug] col_max: 1.00 0.00 1.00 1.00 0.00 1.00 1.00 0.00 1.00 1.00 1.00 1.00 1.00 1.00 1.00 1.00 1.00 1.00 1.00 1.00 0.97 1.00 1.00 0.00 1.00
[2026-06-08T05:54:28Z] [INFO] [viz-debug] col_max: 1.00 0.00 1.00 1.00 0.00 1.00 1.00 1.00 1.00 1.00 1.00 1.00 1.00 1.00 1.00 1.00 1.00 0.97 1.00 1.00 0.00 1.00 1.00 1.00 1.00
[2026-06-08T05:54:29Z] [INFO] [viz-debug] col_max: 1.00 0.00 1.00 1.00 1.00 1.00 1.00 1.00 1.00 1.00 1.00 1.00 1.00 1.00 0.97 1.00 1.00 0.00 1.00 1.00 1.00 1.00 1.00 1.00 1.00
[2026-06-08T05:54:30Z] [INFO] [viz-debug] col_max: 1.00 1.00 1.00 1.00 1.00 1.00 1.00 1.00 1.00 1.00 1.00 0.97 1.00 1.00 0.00 1.00 1.00 1.00 1.00 1.00 1.00 1.00 1.00 1.00 1.00
[2026-06-08T05:54:30Z] [INFO] [viz-debug] col_max: 1.00 1.00 1.00 1.00 1.00 1.00 1.00 0.97 1.00 1.00 0.00 1.00 1.00 1.00 1.00 1.00 1.00 1.00 1.00 1.00 1.00 1.00 1.00 0.00 1.00
[2026-06-08T05:54:31Z] [INFO] [viz-debug] col_max: 1.00 1.00 1.00 1.00 0.97 1.00 1.00 0.00 1.00 1.00 1.00 1.00 1.00 1.00 1.00 1.00 1.00 1.00 1.00 1.00 0.00 1.00 1.00 0.00 1.00
[2026-06-08T05:54:31Z] [INFO] [viz-debug] col_max: 1.00 0.97 1.00 1.00 0.00 1.00 1.00 1.00 1.00 1.00 1.00 1.00 1.00 1.00 1.00 1.00 1.00 0.00 1.00 1.00 0.00 1.00 1.00 1.00 1.00
[2026-06-08T05:54:32Z] [INFO] [viz-debug] col_max: 1.00 0.00 1.00 1.00 1.00 1.00 1.00 1.00 1.00 1.00 1.00 1.00 1.00 1.00 0.00 1.00 1.00 0.00 1.00 1.00 1.00 1.00 1.00 1.00 1.00
[2026-06-08T05:54:32Z] [INFO] [viz-debug] col_max: 1.00 1.00 1.00 1.00 1.00 1.00 1.00 1.00 1.00 1.00 1.00 0.00 1.00 1.00 0.00 1.00 1.00 1.00 1.00 1.00 1.00 1.00 1.00 1.00 1.00
[2026-06-08T05:54:33Z] [INFO] [viz-debug] col_max: 1.00 1.00 1.00 1.00 1.00 1.00 1.00 1.00 0.00 1.00 1.00 0.00 1.00 1.00 1.00 1.00 1.00 1.00 1.00 1.00 1.00 1.00 1.00 1.00 1.00
[2026-06-08T05:54:33Z] [INFO] [viz-debug] col_max: 1.00 1.00 1.00 1.00 1.00 0.00 1.00 1.00 0.00 1.00 1.00 1.00 1.00 1.00 1.00 1.00 1.00 1.00 1.00 1.00 1.00 1.00 1.00 1.00 1.00
[2026-06-08T05:54:34Z] [INFO] [viz-debug] col_max: 1.00 1.00 0.00 1.00 1.00 0.00 1.00 1.00 1.00 1.00 1.00 1.00 1.00 1.00 1.00 1.00 1.00 1.00 1.00 1.00 1.00 1.00 1.00 1.00 1.00
[2026-06-08T05:54:34Z] [INFO] [viz-debug] col_max: 1.00 0.00 1.00 1.00 1.00 1.00 1.00 1.00 1.00 1.00 1.00 1.00 1.00 1.00 1.00 1.00 1.00 1.00 1.00 1.00 1.00 1.00 1.00 0.00 1.00
[2026-06-08T05:54:35Z] [INFO] [viz-debug] col_max: 1.00 1.00 1.00 1.00 1.00 1.00 1.00 1.00 1.00 1.00 1.00 1.00 1.00 1.00 1.00 1.00 1.00 1.00 1.00 1.00 0.00 1.00 1.00 0.00 1.00
[2026-06-08T05:54:35Z] [INFO] [viz-debug] col_max: 1.00 1.00 1.00 1.00 1.00 1.00 1.00 1.00 1.00 1.00 1.00 1.00 1.00 1.00 1.00 1.00 1.00 0.00 1.00 1.00 0.00 1.00 1.00 0.90 1.00
[2026-06-08T05:54:36Z] [INFO] [viz-debug] col_max: 1.00 1.00 1.00 1.00 1.00 1.00 1.00 1.00 1.00 1.00 1.00 1.00 1.00 1.00 0.00 1.00 1.00 0.00 1.00 1.00 0.90 1.00 1.00 1.00 1.00
[2026-06-08T05:54:36Z] [INFO] [viz-debug] col_max: 1.00 1.00 1.00 1.00 1.00 1.00 1.00 1.00 1.00 1.00 1.00 0.00 1.00 1.00 0.00 1.00 1.00 0.90 1.00 1.00 1.00 1.00 1.00 1.00 1.00
[2026-06-08T05:54:37Z] [INFO] [viz-debug] col_max: 1.00 1.00 1.00 1.00 1.00 1.00 1.00 0.00 1.00 1.00 0.00 1.00 1.00 0.90 1.00 1.00 1.00 1.00 1.00 1.00 1.00 1.00 1.00 0.00 1.00
[2026-06-08T05:54:37Z] [INFO] [viz-debug] col_max: 1.00 1.00 1.00 1.00 0.00 1.00 1.00 0.00 1.00 1.00 0.90 1.00 1.00 1.00 1.00 1.00 1.00 1.00 1.00 1.00 0.00 1.00 1.00 0.00 1.00
[2026-06-08T05:54:38Z] [INFO] [viz-debug] col_max: 1.00 0.00 1.00 1.00 0.00 1.00 1.00 0.90 1.00 1.00 1.00 1.00 1.00 1.00 1.00 1.00 1.00 0.00 1.00 1.00 0.00 1.00 1.00 1.00 1.00
[2026-06-08T05:54:38Z] [INFO] [viz-debug] col_max: 1.00 0.00 1.00 1.00 0.90 1.00 1.00 1.00 1.00 1.00 1.00 1.00 1.00 1.00 0.00 1.00 1.00 0.00 1.00 1.00 1.00 1.00 1.00 1.00 1.00
[2026-06-08T05:54:39Z] [INFO] [viz-debug] col_max: 1.00 0.90 1.00 1.00 1.00 1.00 1.00 1.00 1.00 1.00 1.00 0.00 1.00 1.00 0.00 1.00 1.00 1.00 1.00 1.00 1.00 1.00 1.00 1.00 1.00
[2026-06-08T05:54:39Z] [INFO] [viz-debug] col_max: 1.00 1.00 1.00 1.00 1.00 1.00 1.00 1.00 0.00 1.00 1.00 0.00 1.00 1.00 1.00 1.00 1.00 1.00 1.00 1.00 1.00 1.00 1.00 1.00 1.00
[2026-06-08T05:54:40Z] [INFO] [viz-debug] col_max: 1.00 1.00 1.00 1.00 1.00 0.00 1.00 1.00 0.00 1.00 1.00 1.00 1.00 1.00 1.00 1.00 1.00 1.00 1.00 1.00 1.00 1.00 1.00 1.00 1.00
[2026-06-08T05:54:40Z] [INFO] [viz-debug] col_max: 1.00 0.00 1.00 1.00 0.00 1.00 1.00 1.00 1.00 1.00 1.00 1.00 1.00 1.00 1.00 1.00 1.00 1.00 1.00 1.00 1.00 1.00 1.00 0.82 1.00
[2026-06-08T05:54:41Z] [INFO] [viz-debug] col_max: 1.00 0.00 1.00 1.00 1.00 1.00 1.00 1.00 1.00 1.00 1.00 1.00 1.00 1.00 1.00 1.00 1.00 1.00 1.00 1.00 0.82 1.00 1.00 0.00 1.00
[2026-06-08T05:54:41Z] [INFO] [viz-debug] col_max: 1.00 1.00 1.00 1.00 1.00 1.00 1.00 1.00 1.00 1.00 1.00 1.00 1.00 1.00 1.00 1.00 1.00 0.82 1.00 1.00 0.00 1.00 1.00 1.00 1.00
[2026-06-08T05:54:42Z] [INFO] [viz-debug] col_max: 1.00 1.00 1.00 1.00 1.00 1.00 1.00 1.00 1.00 1.00 1.00 1.00 1.00 1.00 0.82 1.00 1.00 0.00 1.00 1.00 1.00 1.00 1.00 1.00 1.00
[2026-06-08T05:54:42Z] [INFO] [viz-debug] col_max: 1.00 1.00 1.00 1.00 1.00 1.00 1.00 1.00 1.00 1.00 1.00 0.82 1.00 1.00 0.00 1.00 1.00 1.00 1.00 1.00 1.00 1.00 1.00 1.00 1.00
[2026-06-08T05:54:43Z] [INFO] [viz-debug] col_max: 1.00 1.00 1.00 1.00 1.00 1.00 1.00 0.82 1.00 1.00 0.00 1.00 1.00 1.00 1.00 1.00 1.00 1.00 1.00 1.00 1.00 1.00 1.00 0.00 1.00
[2026-06-08T05:54:43Z] [INFO] [viz-debug] col_max: 1.00 1.00 1.00 1.00 0.82 1.00 1.00 0.00 1.00 1.00 1.00 1.00 1.00 1.00 1.00 1.00 1.00 1.00 1.00 1.00 0.00 1.00 1.00 0.00 1.00
[2026-06-08T05:54:44Z] [INFO] [viz-debug] col_max: 1.00 0.82 1.00 1.00 0.00 1.00 1.00 1.00 1.00 1.00 1.00 1.00 1.00 1.00 1.00 1.00 1.00 0.00 1.00 1.00 0.00 1.00 1.00 1.00 1.00
[2026-06-08T05:54:44Z] [INFO] [viz-debug] col_max: 1.00 0.00 1.00 1.00 1.00 1.00 1.00 1.00 1.00 1.00 1.00 1.00 1.00 1.00 0.00 1.00 1.00 0.00 1.00 1.00 1.00 1.00 1.00 1.00 1.00
[2026-06-08T05:54:45Z] [INFO] [viz-debug] col_max: 1.00 1.00 1.00 1.00 1.00 1.00 1.00 1.00 1.00 1.00 1.00 0.00 1.00 1.00 0.00 1.00 1.00 1.00 1.00 1.00 1.00 1.00 1.00 1.00 1.00
[2026-06-08T05:54:45Z] [INFO] [viz-debug] col_max: 1.00 1.00 1.00 1.00 1.00 1.00 1.00 0.00 1.00 1.00 0.00 1.00 1.00 1.00 1.00 1.00 1.00 1.00 1.00 1.00 1.00 1.00 1.00 0.00 1.00
[2026-06-08T05:54:46Z] [INFO] [viz-debug] col_max: 1.00 1.00 1.00 1.00 0.00 1.00 1.00 0.00 1.00 1.00 1.00 1.00 1.00 1.00 1.00 1.00 1.00 1.00 1.00 1.00 0.00 1.00 1.00 0.00 1.00
[2026-06-08T05:54:46Z] [INFO] [viz-debug] col_max: 1.00 0.00 1.00 1.00 0.00 1.00 1.00 1.00 1.00 1.00 1.00 1.00 1.00 1.00 1.00 1.00 1.00 0.00 1.00 1.00 0.00 1.00 1.00 1.00 1.00
[2026-06-08T05:54:47Z] [INFO] [viz-debug] col_max: 1.00 0.00 1.00 1.00 1.00 1.00 1.00 1.00 1.00 1.00 1.00 1.00 1.00 1.00 0.00 1.00 1.00 0.00 1.00 1.00 1.00 1.00 1.00 1.00 1.00
[2026-06-08T05:54:47Z] [INFO] [viz-debug] col_max: 1.00 1.00 1.00 1.00 1.00 1.00 1.00 1.00 1.00 1.00 1.00 0.00 1.00 1.00 0.00 1.00 1.00 1.00 1.00 1.00 1.00 1.00 1.00 1.00 1.00
[2026-06-08T05:54:48Z] [INFO] [viz-debug] col_max: 1.00 1.00 1.00 1.00 1.00 1.00 1.00 1.00 0.00 1.00 1.00 0.00 1.00 1.00 1.00 1.00 1.00 1.00 1.00 1.00 1.00 1.00 1.00 1.00 0.64
[2026-06-08T05:54:48Z] [INFO] [viz-debug] col_max: 1.00 1.00 1.00 1.00 0.00 1.00 1.00 0.00 1.00 1.00 1.00 1.00 1.00 1.00 1.00 1.00 1.00 1.00 1.00 1.00 0.64 1.00 1.00 0.00 1.00
[2026-06-08T05:54:49Z] [INFO] [viz-debug] col_max: 1.00 0.00 1.00 1.00 0.00 1.00 1.00 1.00 1.00 1.00 1.00 1.00 1.00 1.00 1.00 1.00 1.00 0.64 1.00 1.00 0.00 1.00 1.00 0.00 1.00
[2026-06-08T05:54:49Z] [INFO] [viz-debug] col_max: 1.00 0.00 1.00 1.00 1.00 1.00 1.00 1.00 1.00 1.00 1.00 1.00 1.00 1.00 0.64 1.00 1.00 0.00 1.00 1.00 0.00 1.00 1.00 0.88 1.00
[2026-06-08T05:54:50Z] [INFO] [viz-debug] col_max: 1.00 1.00 1.00 1.00 1.00 1.00 1.00 1.00 1.00 1.00 1.00 0.64 1.00 1.00 0.00 1.00 1.00 0.00 1.00 1.00 0.88 1.00 1.00 1.00 1.00
[2026-06-08T05:54:50Z] [INFO] [viz-debug] col_max: 1.00 1.00 1.00 1.00 1.00 1.00 1.00 1.00 1.00 0.64 1.00 1.00 0.00 1.00 1.00 0.00 1.00 1.00 0.88 1.00 1.00 1.00 1.00 1.00 1.00
[2026-06-08T05:54:51Z] [INFO] [viz-debug] col_max: 1.00 1.00 1.00 1.00 1.00 0.64 1.00 1.00 0.00 1.00 1.00 0.00 1.00 1.00 0.88 1.00 1.00 1.00 1.00 1.00 1.00 1.00 1.00 0.00 1.00
[2026-06-08T05:54:51Z] [INFO] [viz-debug] col_max: 1.00 1.00 0.64 1.00 1.00 0.00 1.00 1.00 0.00 1.00 1.00 0.88 1.00 1.00 1.00 1.00 1.00 1.00 1.00 1.00 0.00 1.00 1.00 0.83 1.00
[2026-06-08T05:54:52Z] [INFO] [viz-debug] col_max: 1.00 1.00 0.00 1.00 1.00 0.00 1.00 1.00 0.88 1.00 1.00 1.00 1.00 1.00 1.00 1.00 1.00 0.00 1.00 1.00 0.83 1.00 1.00 1.00 1.00
[2026-06-08T05:54:52Z] [INFO] [viz-debug] col_max: 1.00 1.00 0.00 1.00 1.00 0.88 1.00 1.00 1.00 1.00 1.00 1.00 1.00 1.00 0.00 1.00 1.00 0.83 1.00 1.00 1.00 1.00 1.00 1.00 1.00
[2026-06-08T05:54:53Z] [INFO] [viz-debug] col_max: 1.00 0.88 1.00 1.00 1.00 1.00 1.00 1.00 1.00 1.00 0.00 1.00 1.00 0.83 1.00 1.00 1.00 1.00 1.00 1.00 1.00 1.00 1.00 0.00 1.00
[2026-06-08T05:54:53Z] [INFO] [viz-debug] col_max: 1.00 1.00 1.00 1.00 1.00 1.00 1.00 0.00 1.00 1.00 0.83 1.00 1.00 1.00 1.00 1.00 1.00 1.00 1.00 1.00 0.00 1.00 1.00 0.00 1.00
[2026-06-08T05:54:54Z] [INFO] [viz-debug] col_max: 1.00 1.00 1.00 1.00 0.00 1.00 1.00 0.83 1.00 1.00 1.00 1.00 1.00 1.00 1.00 1.00 1.00 0.00 1.00 1.00 0.00 1.00 1.00 0.00 1.00
[2026-06-08T05:54:54Z] [INFO] [viz-debug] col_max: 1.00 0.00 1.00 1.00 0.83 1.00 1.00 1.00 1.00 1.00 1.00 1.00 1.00 1.00 0.00 1.00 1.00 0.00 1.00 1.00 0.00 1.00 1.00 1.00 1.00
[2026-06-08T05:54:55Z] [INFO] [viz-debug] col_max: 1.00 0.83 1.00 1.00 1.00 1.00 1.00 1.00 1.00 1.00 1.00 0.00 1.00 1.00 0.00 1.00 1.00 0.00 1.00 1.00 1.00 1.00 1.00 1.00 1.00
[2026-06-08T05:54:55Z] [INFO] [viz-debug] col_max: 1.00 1.00 1.00 1.00 1.00 1.00 1.00 0.00 1.00 1.00 0.00 1.00 1.00 0.00 1.00 1.00 1.00 1.00 1.00 1.00 1.00 1.00 1.00 0.00 1.00
[2026-06-08T05:54:56Z] [INFO] [viz-debug] col_max: 1.00 1.00 1.00 1.00 0.00 1.00 1.00 0.00 1.00 1.00 0.00 1.00 1.00 1.00 1.00 1.00 1.00 1.00 1.00 1.00 0.00 1.00 1.00 0.00 1.00
[2026-06-08T05:54:56Z] [INFO] [viz-debug] col_max: 1.00 0.00 1.00 1.00 0.00 1.00 1.00 0.00 1.00 1.00 1.00 1.00 1.00 1.00 1.00 1.00 1.00 0.00 1.00 1.00 0.00 1.00 1.00 0.00 1.00
[2026-06-08T05:54:57Z] [INFO] [viz-debug] col_max: 1.00 0.00 1.00 1.00 0.00 1.00 1.00 1.00 1.00 1.00 1.00 1.00 1.00 1.00 0.00 1.00 1.00 0.00 1.00 1.00 0.00 1.00 1.00 1.00 1.00
[2026-06-08T05:54:57Z] [INFO] [viz-debug] col_max: 1.00 0.00 1.00 1.00 1.00 1.00 1.00 1.00 1.00 1.00 1.00 0.00 1.00 1.00 0.00 1.00 1.00 0.00 1.00 1.00 1.00 1.00 1.00 1.00 1.00
[2026-06-08T05:54:58Z] [INFO] [viz-debug] col_max: 1.00 1.00 1.00 1.00 1.00 1.00 1.00 1.00 0.00 1.00 1.00 0.00 1.00 1.00 0.00 1.00 1.00 1.00 1.00 1.00 1.00 1.00 1.00 0.00 1.00
[2026-06-08T05:54:58Z] [INFO] [viz-debug] col_max: 1.00 1.00 1.00 1.00 1.00 0.00 1.00 1.00 0.00 1.00 1.00 0.00 1.00 1.00 1.00 1.00 1.00 1.00 1.00 1.00 0.00 1.00 1.00 0.46 1.00
[2026-06-08T05:54:59Z] [INFO] [viz-debug] col_max: 1.00 1.00 0.00 1.00 1.00 0.00 1.00 1.00 0.00 1.00 1.00 1.00 1.00 1.00 1.00 1.00 1.00 0.00 1.00 1.00 0.46 1.00 1.00 1.00 1.00
[2026-06-08T05:55:00Z] [INFO] [viz-debug] col_max: 1.00 1.00 0.00 1.00 1.00 0.00 1.00 1.00 1.00 1.00 1.00 1.00 1.00 1.00 0.00 1.00 1.00 0.46 1.00 1.00 1.00 1.00 1.00 1.00 1.00
[2026-06-08T05:55:00Z] [INFO] [viz-debug] col_max: 1.00 1.00 0.00 1.00 1.00 1.00 1.00 1.00 1.00 1.00 1.00 0.00 1.00 1.00 0.46 1.00 1.00 1.00 1.00 1.00 1.00 1.00 1.00 1.00 1.00
[2026-06-08T05:55:01Z] [INFO] [viz-debug] col_max: 1.00 1.00 1.00 1.00 1.00 1.00 1.00 1.00 0.00 1.00 1.00 0.46 1.00 1.00 1.00 1.00 1.00 1.00 1.00 1.00 1.00 1.00 1.00 1.00 0.00
[2026-06-08T05:55:01Z] [INFO] [viz-debug] col_max: 1.00 1.00 1.00 1.00 0.00 1.00 1.00 0.46 1.00 1.00 1.00 1.00 1.00 1.00 1.00 1.00 1.00 1.00 1.00 1.00 0.00 1.00 1.00 0.00 1.00
[2026-06-08T05:55:02Z] [INFO] [viz-debug] col_max: 1.00 0.00 1.00 1.00 0.46 1.00 1.00 1.00 1.00 1.00 1.00 1.00 1.00 1.00 1.00 1.00 1.00 0.00 1.00 1.00 0.00 1.00 1.00 0.00 1.00
[2026-06-08T05:55:02Z] [INFO] [viz-debug] col_max: 1.00 0.46 1.00 1.00 1.00 1.00 1.00 1.00 1.00 1.00 1.00 1.00 1.00 1.00 0.00 1.00 1.00 0.00 1.00 1.00 0.00 1.00 1.00 1.00 1.00
[2026-06-08T05:55:03Z] [INFO] [viz-debug] col_max: 1.00 1.00 1.00 1.00 1.00 1.00 1.00 1.00 1.00 1.00 1.00 0.00 1.00 1.00 0.00 1.00 1.00 0.00 1.00 1.00 1.00 1.00 1.00 1.00 1.00
[2026-06-08T05:55:03Z] [INFO] [viz-debug] col_max: 1.00 1.00 1.00 1.00 1.00 1.00 1.00 1.00 0.00 1.00 1.00 0.00 1.00 1.00 0.00 1.00 1.00 1.00 1.00 1.00 1.00 1.00 1.00 1.00 1.00
[2026-06-08T05:55:04Z] [INFO] [viz-debug] col_max: 1.00 1.00 1.00 1.00 0.00 1.00 1.00 0.00 1.00 1.00 0.00 1.00 1.00 1.00 1.00 1.00 1.00 1.00 1.00 1.00 1.00 1.00 1.00 0.00 1.00
[2026-06-08T05:55:04Z] [INFO] [viz-debug] col_max: 1.00 0.00 1.00 1.00 0.00 1.00 1.00 0.00 1.00 1.00 1.00 1.00 1.00 1.00 1.00 1.00 1.00 1.00 1.00 1.00 0.00 1.00 1.00 0.00 1.00
[2026-06-08T05:55:05Z] [INFO] [viz-debug] col_max: 1.00 0.00 1.00 1.00 0.00 1.00 1.00 1.00 1.00 1.00 1.00 1.00 1.00 1.00 1.00 1.00 1.00 0.00 1.00 1.00 0.00 1.00 1.00 1.00 1.00
[2026-06-08T05:55:05Z] [INFO] [viz-debug] col_max: 1.00 0.00 1.00 1.00 1.00 1.00 1.00 1.00 1.00 1.00 1.00 1.00 1.00 1.00 0.00 1.00 1.00 0.00 1.00 1.00 1.00 1.00 1.00 1.00 1.00
[2026-06-08T05:55:06Z] [INFO] [viz-debug] col_max: 1.00 1.00 1.00 1.00 1.00 1.00 1.00 1.00 1.00 1.00 0.00 1.00 1.00 0.00 1.00 1.00 1.00 1.00 1.00 1.00 1.00 1.00 1.00 1.00 1.00
[2026-06-08T05:55:06Z] [INFO] [viz-debug] col_max: 1.00 1.00 1.00 1.00 1.00 1.00 1.00 0.00 1.00 1.00 0.00 1.00 1.00 1.00 1.00 1.00 1.00 1.00 1.00 1.00 1.00 1.00 1.00 0.00 1.00
[2026-06-08T05:55:07Z] [INFO] [viz-debug] col_max: 1.00 1.00 1.00 1.00 0.00 1.00 1.00 0.00 1.00 1.00 1.00 1.00 1.00 1.00 1.00 1.00 1.00 1.00 1.00 1.00 0.00 1.00 1.00 0.00 1.00
[2026-06-08T05:55:07Z] [INFO] [viz-debug] col_max: 1.00 0.00 1.00 1.00 0.00 1.00 1.00 1.00 1.00 1.00 1.00 1.00 1.00 1.00 1.00 1.00 1.00 0.00 1.00 1.00 0.00 1.00 1.00 1.00 1.00
[2026-06-08T05:55:08Z] [INFO] [viz-debug] col_max: 1.00 0.00 1.00 1.00 1.00 1.00 1.00 1.00 1.00 1.00 1.00 1.00 1.00 1.00 0.00 1.00 1.00 0.00 1.00 1.00 1.00 1.00 1.00 1.00 1.00
[2026-06-08T05:55:08Z] [INFO] [viz-debug] col_max: 1.00 1.00 1.00 1.00 1.00 1.00 1.00 1.00 1.00 1.00 1.00 0.00 1.00 1.00 0.00 1.00 1.00 1.00 1.00 1.00 1.00 1.00 1.00 1.00 1.00
[2026-06-08T05:55:09Z] [INFO] [viz-debug] col_max: 1.00 1.00 1.00 1.00 1.00 1.00 1.00 1.00 0.00 1.00 1.00 0.00 1.00 1.00 1.00 1.00 1.00 1.00 1.00 1.00 1.00 1.00 1.00 1.00 1.00
[2026-06-08T05:55:09Z] [INFO] [viz-debug] col_max: 1.00 1.00 1.00 1.00 1.00 0.00 1.00 1.00 0.00 1.00 1.00 1.00 1.00 1.00 1.00 1.00 1.00 1.00 1.00 1.00 1.00 1.00 1.00 1.00 1.00
[2026-06-08T05:55:10Z] [INFO] [viz-debug] col_max: 1.00 1.00 0.00 1.00 1.00 0.00 1.00 1.00 1.00 1.00 1.00 1.00 1.00 1.00 1.00 1.00 1.00 1.00 1.00 1.00 1.00 1.00 1.00 1.00 1.00
[2026-06-08T05:55:10Z] [INFO] [viz-debug] col_max: 1.00 1.00 0.00 1.00 1.00 1.00 1.00 1.00 1.00 1.00 1.00 1.00 1.00 1.00 1.00 1.00 1.00 1.00 1.00 1.00 1.00 1.00 1.00 1.00 1.00
[2026-06-08T05:55:11Z] [INFO] [viz-debug] col_max: 1.00 1.00 1.00 1.00 1.00 1.00 1.00 1.00 1.00 1.00 1.00 1.00 1.00 1.00 1.00 1.00 1.00 1.00 1.00 1.00 1.00 1.00 1.00 1.00 1.00
[2026-06-08T05:55:11Z] [INFO] [viz-debug] col_max: 1.00 1.00 1.00 1.00 1.00 1.00 1.00 1.00 1.00 1.00 1.00 1.00 1.00 1.00 1.00 1.00 1.00 1.00 1.00 1.00 1.00 1.00 1.00 1.00 0.00
[2026-06-08T05:55:12Z] [INFO] [viz-debug] col_max: 1.00 1.00 1.00 1.00 1.00 1.00 1.00 1.00 1.00 1.00 1.00 1.00 1.00 1.00 1.00 1.00 1.00 1.00 1.00 1.00 1.00 0.00 1.00 1.00 0.00
[2026-06-08T05:55:12Z] [INFO] [viz-debug] col_max: 1.00 1.00 1.00 1.00 1.00 1.00 1.00 1.00 1.00 1.00 1.00 1.00 1.00 1.00 1.00 1.00 1.00 0.00 1.00 1.00 0.00 1.00 1.00 0.00 1.00
[2026-06-08T05:55:13Z] [INFO] [viz-debug] col_max: 1.00 1.00 1.00 1.00 1.00 1.00 1.00 1.00 1.00 1.00 1.00 1.00 1.00 1.00 0.00 1.00 1.00 0.00 1.00 1.00 0.00 1.00 1.00 0.98 1.00
[2026-06-08T05:55:13Z] [INFO] [viz-debug] col_max: 1.00 1.00 1.00 1.00 1.00 1.00 1.00 1.00 1.00 1.00 1.00 0.00 1.00 1.00 0.00 1.00 1.00 0.00 1.00 1.00 0.98 1.00 1.00 1.00 1.00
[2026-06-08T05:55:14Z] [INFO] [viz-debug] col_max: 1.00 1.00 1.00 1.00 1.00 1.00 1.00 1.00 0.00 1.00 1.00 0.00 1.00 1.00 0.00 1.00 1.00 0.98 1.00 1.00 1.00 1.00 1.00 1.00 1.00
[2026-06-08T05:55:14Z] [INFO] [viz-debug] col_max: 1.00 1.00 1.00 1.00 0.00 1.00 1.00 0.00 1.00 1.00 0.00 1.00 1.00 0.98 1.00 1.00 1.00 1.00 1.00 1.00 1.00 1.00 1.00 0.00 1.00
[2026-06-08T05:55:15Z] [INFO] [viz-debug] col_max: 1.00 0.00 1.00 1.00 0.00 1.00 1.00 0.00 1.00 1.00 0.98 1.00 1.00 1.00 1.00 1.00 1.00 1.00 1.00 1.00 0.00 1.00 1.00 0.00 1.00
[2026-06-08T05:55:15Z] [INFO] [viz-debug] col_max: 1.00 0.00 1.00 1.00 0.00 1.00 1.00 0.98 1.00 1.00 1.00 1.00 1.00 1.00 1.00 1.00 1.00 0.00 1.00 1.00 0.00 1.00 1.00 0.00 1.00
[2026-06-08T05:55:16Z] [INFO] [viz-debug] col_max: 1.00 0.00 1.00 1.00 0.98 1.00 1.00 1.00 1.00 1.00 1.00 1.00 1.00 1.00 0.00 1.00 1.00 0.00 1.00 1.00 0.00 1.00 1.00 1.00 1.00
[2026-06-08T05:55:16Z] [INFO] [viz-debug] col_max: 1.00 0.98 1.00 1.00 1.00 1.00 1.00 1.00 1.00 1.00 1.00 0.00 1.00 1.00 0.00 1.00 1.00 0.00 1.00 1.00 1.00 1.00 1.00 1.00 1.00
[2026-06-08T05:55:17Z] [INFO] [viz-debug] col_max: 1.00 1.00 1.00 1.00 1.00 1.00 1.00 1.00 0.00 1.00 1.00 0.00 1.00 1.00 0.00 1.00 1.00 1.00 1.00 1.00 1.00 1.00 1.00 1.00 0.00
[2026-06-08T05:55:17Z] [INFO] [viz-debug] col_max: 1.00 1.00 1.00 1.00 0.00 1.00 1.00 0.00 1.00 1.00 0.00 1.00 1.00 1.00 1.00 1.00 1.00 1.00 1.00 1.00 0.00 1.00 1.00 0.00 1.00
[2026-06-08T05:55:18Z] [INFO] [viz-debug] col_max: 1.00 0.00 1.00 1.00 0.00 1.00 1.00 0.00 1.00 1.00 1.00 1.00 1.00 1.00 1.00 1.00 1.00 0.00 1.00 1.00 0.00 1.00 1.00 0.00 1.00
[2026-06-08T05:55:18Z] [INFO] [viz-debug] col_max: 1.00 0.00 1.00 1.00 0.00 1.00 1.00 1.00 1.00 1.00 1.00 1.00 1.00 1.00 0.00 1.00 1.00 0.00 1.00 1.00 0.00 1.00 1.00 1.00 1.00
[2026-06-08T05:55:19Z] [INFO] [viz-debug] col_max: 1.00 0.00 1.00 1.00 1.00 1.00 1.00 1.00 1.00 1.00 1.00 0.00 1.00 1.00 0.00 1.00 1.00 0.00 1.00 1.00 1.00 1.00 1.00 1.00 1.00
[2026-06-08T05:55:19Z] [INFO] [viz-debug] col_max: 1.00 1.00 1.00 1.00 1.00 1.00 1.00 1.00 0.00 1.00 1.00 0.00 1.00 1.00 0.00 1.00 1.00 1.00 1.00 1.00 1.00 1.00 1.00 1.00 1.00
[2026-06-08T05:55:20Z] [INFO] [viz-debug] col_max: 1.00 1.00 1.00 1.00 0.00 1.00 1.00 0.00 1.00 1.00 0.00 1.00 1.00 1.00 1.00 1.00 1.00 1.00 1.00 1.00 1.00 1.00 1.00 0.00 1.00
[2026-06-08T05:55:20Z] [INFO] [viz-debug] col_max: 1.00 0.00 1.00 1.00 0.00 1.00 1.00 0.00 1.00 1.00 1.00 1.00 1.00 1.00 1.00 1.00 1.00 1.00 1.00 1.00 0.00 1.00 1.00 0.00 1.00
[2026-06-08T05:55:21Z] [INFO] [viz-debug] col_max: 1.00 0.00 1.00 1.00 0.00 1.00 1.00 1.00 1.00 1.00 1.00 1.00 1.00 1.00 1.00 1.00 1.00 0.00 1.00 1.00 0.00 1.00 1.00 1.00 1.00
[2026-06-08T05:55:21Z] [INFO] [viz-debug] col_max: 1.00 0.00 1.00 1.00 1.00 1.00 1.00 1.00 1.00 1.00 1.00 1.00 1.00 1.00 0.00 1.00 1.00 0.00 1.00 1.00 1.00 1.00 1.00 1.00 1.00
[2026-06-08T05:55:22Z] [INFO] [viz-debug] col_max: 1.00 1.00 1.00 1.00 1.00 1.00 1.00 1.00 1.00 1.00 1.00 0.00 1.00 1.00 0.00 1.00 1.00 1.00 1.00 1.00 1.00 1.00 1.00 1.00 1.00
[2026-06-08T05:55:22Z] [INFO] [viz-debug] col_max: 1.00 1.00 1.00 1.00 1.00 1.00 1.00 0.00 1.00 1.00 0.00 1.00 1.00 1.00 1.00 1.00 1.00 1.00 1.00 1.00 1.00 1.00 1.00 0.00 1.00
[2026-06-08T05:55:23Z] [INFO] [viz-debug] col_max: 1.00 1.00 1.00 1.00 0.00 1.00 1.00 0.00 1.00 1.00 1.00 1.00 1.00 1.00 1.00 1.00 1.00 1.00 1.00 1.00 0.00 1.00 1.00 0.00 1.00
[2026-06-08T05:55:24Z] [INFO] [viz-debug] col_max: 1.00 0.00 1.00 1.00 0.00 1.00 1.00 1.00 1.00 1.00 1.00 1.00 1.00 1.00 1.00 1.00 1.00 0.00 1.00 1.00 0.00 1.00 1.00 1.00 1.00
[2026-06-08T05:55:24Z] [INFO] [viz-debug] col_max: 1.00 1.00 0.00 1.00 1.00 1.00 1.00 1.00 1.00 1.00 1.00 1.00 1.00 1.00 1.00 0.00 1.00 1.00 0.00 1.00 1.00 1.00 1.00 1.00 1.00
[2026-06-08T05:55:25Z] [INFO] [viz-debug] col_max: 1.00 1.00 1.00 1.00 1.00 1.00 1.00 1.00 1.00 1.00 1.00 0.00 1.00 1.00 0.00 1.00 1.00 1.00 1.00 1.00 1.00 1.00 1.00 0.00 1.00
[2026-06-08T05:55:25Z] [INFO] [viz-debug] col_max: 1.00 1.00 1.00 1.00 1.00 1.00 1.00 1.00 0.00 1.00 1.00 0.00 1.00 1.00 1.00 1.00 1.00 1.00 1.00 1.00 0.00 1.00 1.00 1.00 1.00
[2026-06-08T05:55:26Z] [INFO] [viz-debug] col_max: 1.00 1.00 1.00 1.00 1.00 0.00 1.00 1.00 0.00 1.00 1.00 1.00 1.00 1.00 1.00 1.00 1.00 0.00 1.00 1.00 1.00 1.00 1.00 1.00 1.00
[2026-06-08T05:55:26Z] [INFO] [viz-debug] col_max: 1.00 1.00 0.00 1.00 1.00 0.00 1.00 1.00 1.00 1.00 1.00 1.00 1.00 1.00 0.00 1.00 1.00 1.00 1.00 1.00 1.00 1.00 1.00 1.00 1.00
[2026-06-08T05:55:27Z] [INFO] [viz-debug] col_max: 1.00 1.00 0.00 1.00 1.00 1.00 1.00 1.00 1.00 1.00 1.00 0.00 1.00 1.00 1.00 1.00 1.00 1.00 1.00 1.00 1.00 1.00 1.00 1.00 1.00
[2026-06-08T05:55:27Z] [INFO] [viz-debug] col_max: 1.00 1.00 1.00 1.00 1.00 1.00 1.00 1.00 0.00 1.00 1.00 1.00 1.00 1.00 1.00 1.00 1.00 1.00 1.00 1.00 1.00 1.00 1.00 1.00 0.00
[2026-06-08T05:55:28Z] [INFO] [viz-debug] col_max: 1.00 1.00 1.00 1.00 0.00 1.00 1.00 1.00 1.00 1.00 1.00 1.00 1.00 1.00 1.00 1.00 1.00 1.00 1.00 1.00 0.00 1.00 1.00 0.00 1.00
[2026-06-08T05:55:28Z] [INFO] [viz-debug] col_max: 1.00 0.00 1.00 1.00 1.00 1.00 1.00 1.00 1.00 1.00 1.00 1.00 1.00 1.00 1.00 1.00 1.00 0.00 1.00 1.00 0.00 1.00 1.00 0.60 1.00
[2026-06-08T05:55:29Z] [INFO] [viz-debug] col_max: 1.00 1.00 1.00 1.00 1.00 1.00 1.00 1.00 1.00 1.00 1.00 1.00 1.00 1.00 0.00 1.00 1.00 0.00 1.00 1.00 0.60 1.00 1.00 1.00 1.00
[2026-06-08T05:55:29Z] [INFO] [viz-debug] col_max: 1.00 1.00 1.00 1.00 1.00 1.00 1.00 1.00 1.00 1.00 1.00 0.00 1.00 1.00 0.00 1.00 1.00 0.60 1.00 1.00 1.00 1.00 1.00 1.00 1.00
[2026-06-08T05:55:30Z] [INFO] [viz-debug] col_max: 1.00 1.00 1.00 1.00 1.00 1.00 1.00 1.00 1.00 0.00 1.00 1.00 0.00 1.00 1.00 0.60 1.00 1.00 1.00 1.00 1.00 1.00 1.00 1.00 0.00
[2026-06-08T05:55:30Z] [INFO] [viz-debug] col_max: 1.00 1.00 1.00 1.00 1.00 1.00 0.00 1.00 1.00 0.00 1.00 1.00 0.60 1.00 1.00 1.00 1.00 1.00 1.00 1.00 1.00 0.00 1.00 1.00 0.00
[2026-06-08T05:55:31Z] [INFO] [viz-debug] col_max: 1.00 1.00 0.00 1.00 1.00 0.00 1.00 1.00 0.60 1.00 1.00 1.00 1.00 1.00 1.00 1.00 1.00 0.00 1.00 1.00 0.00 1.00 1.00 1.00 1.00
[2026-06-08T05:55:31Z] [INFO] [viz-debug] col_max: 1.00 1.00 0.00 1.00 1.00 0.60 1.00 1.00 1.00 1.00 1.00 1.00 1.00 1.00 0.00 1.00 1.00 0.00 1.00 1.00 1.00 1.00 1.00 1.00 1.00
[2026-06-08T05:55:32Z] [INFO] [viz-debug] col_max: 1.00 1.00 0.60 1.00 1.00 1.00 1.00 1.00 1.00 1.00 1.00 0.00 1.00 1.00 0.00 1.00 1.00 1.00 1.00 1.00 1.00 1.00 1.00 1.00 1.00
[2026-06-08T05:55:32Z] [INFO] [viz-debug] col_max: 1.00 1.00 1.00 1.00 1.00 1.00 1.00 0.00 1.00 1.00 0.00 1.00 1.00 1.00 1.00 1.00 1.00 1.00 1.00 1.00 1.00 1.00 1.00 0.00 1.00
[2026-06-08T05:55:33Z] [INFO] [viz-debug] col_max: 1.00 1.00 1.00 1.00 0.00 1.00 1.00 0.00 1.00 1.00 1.00 1.00 1.00 1.00 1.00 1.00 1.00 1.00 1.00 1.00 0.00 1.00 1.00 0.00 1.00
[2026-06-08T05:55:33Z] [INFO] [viz-debug] col_max: 1.00 0.00 1.00 1.00 0.00 1.00 1.00 1.00 1.00 1.00 1.00 1.00 1.00 1.00 1.00 1.00 1.00 0.00 1.00 1.00 0.00 1.00 1.00 1.00 1.00
[2026-06-08T05:55:34Z] [INFO] [viz-debug] col_max: 1.00 0.00 1.00 1.00 1.00 1.00 1.00 1.00 1.00 1.00 1.00 1.00 1.00 1.00 0.00 1.00 1.00 0.00 1.00 1.00 1.00 1.00 1.00 1.00 1.00
[2026-06-08T05:55:34Z] [INFO] [viz-debug] col_max: 1.00 1.00 1.00 1.00 1.00 1.00 1.00 1.00 1.00 1.00 1.00 0.00 1.00 1.00 0.00 1.00 1.00 1.00 1.00 1.00 1.00 1.00 1.00 1.00 1.00
[2026-06-08T05:55:35Z] [INFO] [viz-debug] col_max: 1.00 1.00 1.00 1.00 1.00 1.00 1.00 1.00 0.00 1.00 1.00 0.00 1.00 1.00 1.00 1.00 1.00 1.00 1.00 1.00 1.00 1.00 1.00 1.00 1.00
[2026-06-08T05:55:35Z] [INFO] [viz-debug] col_max: 1.00 1.00 1.00 1.00 1.00 0.00 1.00 1.00 0.00 1.00 1.00 1.00 1.00 1.00 1.00 1.00 1.00 1.00 1.00 1.00 1.00 1.00 1.00 1.00 1.00
[2026-06-08T05:55:36Z] [INFO] [viz-debug] col_max: 1.00 1.00 0.00 1.00 1.00 0.00 1.00 1.00 1.00 1.00 1.00 1.00 1.00 1.00 1.00 1.00 1.00 1.00 1.00 1.00 1.00 1.00 1.00 1.00 0.00
[2026-06-08T05:55:36Z] [INFO] [viz-debug] col_max: 1.00 0.00 1.00 1.00 1.00 1.00 1.00 1.00 1.00 1.00 1.00 1.00 1.00 1.00 1.00 1.00 1.00 1.00 1.00 1.00 0.00 1.00 1.00 0.00 1.00
[2026-06-08T05:55:37Z] [INFO] [viz-debug] col_max: 1.00 1.00 1.00 1.00 1.00 1.00 1.00 1.00 1.00 1.00 1.00 1.00 1.00 1.00 1.00 1.00 1.00 0.00 1.00 1.00 0.00 1.00 1.00 0.00 1.00
[2026-06-08T05:55:37Z] [INFO] [viz-debug] col_max: 1.00 1.00 1.00 1.00 1.00 1.00 1.00 1.00 1.00 1.00 1.00 1.00 1.00 1.00 0.00 1.00 1.00 0.00 1.00 1.00 0.00 1.00 1.00 1.00 1.00
[2026-06-08T05:55:38Z] [INFO] [viz-debug] col_max: 1.00 1.00 1.00 1.00 1.00 1.00 1.00 1.00 1.00 1.00 1.00 0.00 1.00 1.00 0.00 1.00 1.00 0.00 1.00 1.00 1.00 1.00 1.00 1.00 1.00
[2026-06-08T05:55:38Z] [INFO] [viz-debug] col_max: 1.00 1.00 1.00 1.00 1.00 1.00 1.00 1.00 0.00 1.00 1.00 0.00 1.00 1.00 0.00 1.00 1.00 1.00 1.00 1.00 1.00 1.00 1.00 1.00 1.00
[2026-06-08T05:55:39Z] [INFO] [viz-debug] col_max: 1.00 1.00 1.00 1.00 0.00 1.00 1.00 0.00 1.00 1.00 0.00 1.00 1.00 1.00 1.00 1.00 1.00 1.00 1.00 1.00 1.00 1.00 1.00 0.00 1.00
[2026-06-08T05:55:39Z] [INFO] [viz-debug] col_max: 1.00 0.00 1.00 1.00 0.00 1.00 1.00 0.00 1.00 1.00 1.00 1.00 1.00 1.00 1.00 1.00 1.00 1.00 1.00 1.00 0.00 1.00 1.00 0.00 1.00
[2026-06-08T05:55:40Z] [INFO] [viz-debug] col_max: 1.00 0.00 1.00 1.00 0.00 1.00 1.00 1.00 1.00 1.00 1.00 1.00 1.00 1.00 1.00 1.00 1.00 0.00 1.00 1.00 0.00 1.00 1.00 1.00 1.00
[2026-06-08T05:55:40Z] [INFO] [viz-debug] col_max: 1.00 0.00 1.00 1.00 1.00 1.00 1.00 1.00 1.00 1.00 1.00 1.00 1.00 1.00 0.00 1.00 1.00 0.00 1.00 1.00 1.00 1.00 1.00 1.00 1.00
[2026-06-08T05:55:41Z] [INFO] [viz-debug] col_max: 1.00 1.00 1.00 1.00 1.00 1.00 1.00 1.00 1.00 1.00 1.00 0.00 1.00 1.00 0.00 1.00 1.00 1.00 1.00 1.00 1.00 1.00 1.00 1.00 1.00
[2026-06-08T05:55:41Z] [INFO] [viz-debug] col_max: 1.00 1.00 1.00 1.00 1.00 1.00 1.00 1.00 0.00 1.00 1.00 0.00 1.00 1.00 1.00 1.00 1.00 1.00 1.00 1.00 1.00 1.00 1.00 1.00 1.00
[2026-06-08T05:55:42Z] [INFO] [viz-debug] col_max: 1.00 1.00 1.00 1.00 1.00 0.00 1.00 1.00 0.00 1.00 1.00 1.00 1.00 1.00 1.00 1.00 1.00 1.00 1.00 1.00 1.00 1.00 1.00 1.00 0.00
[2026-06-08T05:55:42Z] [INFO] [viz-debug] col_max: 1.00 0.00 1.00 1.00 0.00 1.00 1.00 1.00 1.00 1.00 1.00 1.00 1.00 1.00 1.00 1.00 1.00 1.00 1.00 1.00 0.00 1.00 1.00 0.00 1.00
[2026-06-08T05:55:43Z] [INFO] [viz-debug] col_max: 1.00 0.00 1.00 1.00 1.00 1.00 1.00 1.00 1.00 1.00 1.00 1.00 1.00 1.00 1.00 1.00 1.00 0.00 1.00 1.00 0.00 1.00 1.00 0.00 1.00
[2026-06-08T05:55:43Z] [INFO] [viz-debug] col_max: 1.00 1.00 1.00 1.00 1.00 1.00 1.00 1.00 1.00 1.00 1.00 1.00 1.00 1.00 0.00 1.00 1.00 0.00 1.00 1.00 0.00 1.00 1.00 1.00 1.00
[2026-06-08T05:55:44Z] [INFO] [viz-debug] col_max: 1.00 1.00 1.00 1.00 1.00 1.00 1.00 1.00 1.00 1.00 1.00 0.00 1.00 1.00 0.00 1.00 1.00 0.00 1.00 1.00 1.00 1.00 1.00 1.00 1.00
[2026-06-08T05:55:44Z] [INFO] [viz-debug] col_max: 1.00 1.00 1.00 1.00 1.00 1.00 1.00 1.00 0.00 1.00 1.00 0.00 1.00 1.00 0.00 1.00 1.00 1.00 1.00 1.00 1.00 1.00 1.00 1.00 0.00
[2026-06-08T05:55:45Z] [INFO] [viz-debug] col_max: 1.00 1.00 1.00 1.00 0.00 1.00 1.00 0.00 1.00 1.00 0.00 1.00 1.00 1.00 1.00 1.00 1.00 1.00 1.00 1.00 0.00 1.00 1.00 0.00 1.00
[2026-06-08T05:55:45Z] [INFO] [viz-debug] col_max: 1.00 0.00 1.00 1.00 0.00 1.00 1.00 0.00 1.00 1.00 1.00 1.00 1.00 1.00 1.00 1.00 1.00 0.00 1.00 1.00 0.00 1.00 1.00 0.00 1.00
[2026-06-08T05:55:46Z] [INFO] [viz-debug] col_max: 1.00 0.00 1.00 1.00 0.00 1.00 1.00 1.00 1.00 1.00 1.00 1.00 1.00 1.00 0.00 1.00 1.00 0.00 1.00 1.00 0.00 1.00 1.00 1.00 1.00
[2026-06-08T05:55:46Z] [INFO] [viz-debug] col_max: 1.00 0.00 1.00 1.00 1.00 1.00 1.00 1.00 1.00 1.00 1.00 0.00 1.00 1.00 0.00 1.00 1.00 0.00 1.00 1.00 1.00 1.00 1.00 1.00 1.00
[2026-06-08T05:55:47Z] [INFO] [viz-debug] col_max: 1.00 1.00 1.00 1.00 1.00 1.00 1.00 1.00 0.00 1.00 1.00 0.00 1.00 1.00 0.00 1.00 1.00 1.00 1.00 1.00 1.00 1.00 1.00 1.00 1.00
[2026-06-08T05:55:47Z] [INFO] [viz-debug] col_max: 1.00 1.00 1.00 1.00 1.00 0.00 1.00 1.00 0.00 1.00 1.00 0.00 1.00 1.00 1.00 1.00 1.00 1.00 1.00 1.00 1.00 1.00 1.00 1.00 1.00
[2026-06-08T05:55:48Z] [INFO] [viz-debug] col_max: 1.00 1.00 0.00 1.00 1.00 0.00 1.00 1.00 0.00 1.00 1.00 1.00 1.00 1.00 1.00 1.00 1.00 1.00 1.00 1.00 1.00 1.00 1.00 1.00 0.00
[2026-06-08T05:55:48Z] [INFO] [viz-debug] col_max: 1.00 0.00 1.00 1.00 0.00 1.00 1.00 1.00 1.00 1.00 1.00 1.00 1.00 1.00 1.00 1.00 1.00 1.00 1.00 1.00 0.00 1.00 1.00 0.00 1.00
[2026-06-08T05:55:49Z] [INFO] [viz-debug] col_max: 1.00 0.00 1.00 1.00 1.00 1.00 1.00 1.00 1.00 1.00 1.00 1.00 1.00 1.00 1.00 1.00 1.00 0.00 1.00 1.00 0.00 1.00 1.00 1.00 1.00
[2026-06-08T05:55:49Z] [INFO] [viz-debug] col_max: 1.00 1.00 1.00 1.00 1.00 1.00 1.00 1.00 1.00 1.00 1.00 1.00 1.00 1.00 0.00 1.00 1.00 0.00 1.00 1.00 1.00 1.00 1.00 1.00 1.00
[2026-06-08T05:55:50Z] [INFO] [viz-debug] col_max: 1.00 1.00 1.00 1.00 1.00 1.00 1.00 1.00 1.00 1.00 1.00 0.00 1.00 1.00 0.00 1.00 1.00 1.00 1.00 1.00 1.00 1.00 1.00 1.00 1.00
[2026-06-08T05:55:50Z] [INFO] [viz-debug] col_max: 1.00 1.00 1.00 1.00 1.00 1.00 1.00 1.00 0.00 1.00 1.00 0.00 1.00 1.00 1.00 1.00 1.00 1.00 1.00 1.00 1.00 1.00 1.00 1.00 1.00
[2026-06-08T05:55:51Z] [INFO] [viz-debug] col_max: 1.00 1.00 1.00 1.00 1.00 0.00 1.00 1.00 0.00 1.00 1.00 1.00 1.00 1.00 1.00 1.00 1.00 1.00 1.00 1.00 1.00 1.00 1.00 1.00 1.00
[2026-06-08T05:55:52Z] [INFO] [viz-debug] col_max: 1.00 1.00 0.00 1.00 1.00 0.00 1.00 1.00 1.00 1.00 1.00 1.00 1.00 1.00 1.00 1.00 1.00 1.00 1.00 1.00 1.00 1.00 1.00 1.00 0.00
[2026-06-08T05:55:52Z] [INFO] [viz-debug] col_max: 1.00 0.00 1.00 1.00 1.00 1.00 1.00 1.00 1.00 1.00 1.00 1.00 1.00 1.00 1.00 1.00 1.00 1.00 1.00 1.00 0.00 1.00 1.00 0.00 1.00
[2026-06-08T05:55:53Z] [INFO] [viz-debug] col_max: 1.00 1.00 1.00 1.00 1.00 1.00 1.00 1.00 1.00 1.00 1.00 1.00 1.00 1.00 1.00 1.00 1.00 0.00 1.00 1.00 0.00 1.00 1.00 0.00 1.00
[2026-06-08T05:55:53Z] [INFO] [viz-debug] col_max: 1.00 1.00 1.00 1.00 1.00 1.00 1.00 1.00 1.00 1.00 1.00 1.00 1.00 1.00 0.00 1.00 1.00 0.00 1.00 1.00 0.00 1.00 1.00 1.00 1.00
[2026-06-08T05:55:54Z] [INFO] [viz-debug] col_max: 1.00 1.00 1.00 1.00 1.00 1.00 1.00 1.00 1.00 1.00 1.00 0.00 1.00 1.00 0.00 1.00 1.00 0.00 1.00 1.00 1.00 1.00 1.00 1.00 1.00
[2026-06-08T05:55:54Z] [INFO] [viz-debug] col_max: 1.00 1.00 1.00 1.00 1.00 1.00 1.00 1.00 0.00 1.00 1.00 0.00 1.00 1.00 0.00 1.00 1.00 1.00 1.00 1.00 1.00 1.00 1.00 1.00 1.00
[2026-06-08T05:55:55Z] [INFO] [viz-debug] col_max: 1.00 1.00 1.00 1.00 1.00 0.00 1.00 1.00 0.00 1.00 1.00 0.00 1.00 1.00 1.00 1.00 1.00 1.00 1.00 1.00 1.00 1.00 1.00 1.00 1.00
[2026-06-08T05:55:55Z] [INFO] [viz-debug] col_max: 1.00 1.00 0.00 1.00 1.00 0.00 1.00 1.00 0.00 1.00 1.00 1.00 1.00 1.00 1.00 1.00 1.00 1.00 1.00 1.00 1.00 1.00 1.00 1.00 0.00
[2026-06-08T05:55:56Z] [INFO] [viz-debug] col_max: 1.00 0.00 1.00 1.00 0.00 1.00 1.00 1.00 1.00 1.00 1.00 1.00 1.00 1.00 1.00 1.00 1.00 1.00 1.00 1.00 0.00 1.00 1.00 0.00 1.00
[2026-06-08T05:55:56Z] [INFO] [viz-debug] col_max: 1.00 0.00 1.00 1.00 1.00 1.00 1.00 1.00 1.00 1.00 1.00 1.00 1.00 1.00 1.00 1.00 1.00 0.00 1.00 1.00 0.00 1.00 1.00 0.75 1.00
[2026-06-08T05:55:57Z] [INFO] [viz-debug] col_max: 1.00 1.00 1.00 1.00 1.00 1.00 1.00 1.00 1.00 1.00 1.00 1.00 1.00 1.00 0.00 1.00 1.00 0.00 1.00 1.00 0.75 1.00 1.00 1.00 1.00
[2026-06-08T05:55:57Z] [INFO] [viz-debug] col_max: 1.00 1.00 1.00 1.00 1.00 1.00 1.00 1.00 1.00 1.00 1.00 0.00 1.00 1.00 0.00 1.00 1.00 0.75 1.00 1.00 1.00 1.00 1.00 1.00 1.00
[2026-06-08T05:55:58Z] [INFO] [viz-debug] col_max: 1.00 1.00 1.00 1.00 1.00 1.00 1.00 0.00 1.00 1.00 0.00 1.00 1.00 0.75 1.00 1.00 1.00 1.00 1.00 1.00 1.00 1.00 1.00 0.00 1.00
[2026-06-08T05:55:58Z] [INFO] [viz-debug] col_max: 1.00 1.00 1.00 1.00 0.00 1.00 1.00 0.00 1.00 1.00 0.75 1.00 1.00 1.00 1.00 1.00 1.00 1.00 1.00 1.00 0.00 1.00 1.00 0.00 1.00
[2026-06-08T05:55:59Z] [INFO] [viz-debug] col_max: 1.00 0.00 1.00 1.00 0.00 1.00 1.00 0.75 1.00 1.00 1.00 1.00 1.00 1.00 1.00 1.00 1.00 0.00 1.00 1.00 0.00 1.00 1.00 0.00 1.00
[2026-06-08T05:55:59Z] [INFO] [viz-debug] col_max: 1.00 0.00 1.00 1.00 0.75 1.00 1.00 1.00 1.00 1.00 1.00 1.00 1.00 1.00 0.00 1.00 1.00 0.00 1.00 1.00 0.00 1.00 1.00 1.00 1.00
[2026-06-08T05:56:00Z] [INFO] [viz-debug] col_max: 1.00 0.75 1.00 1.00 1.00 1.00 1.00 1.00 1.00 1.00 1.00 0.00 1.00 1.00 0.00 1.00 1.00 0.00 1.00 1.00 1.00 1.00 1.00 1.00 1.00
[2026-06-08T05:56:00Z] [INFO] [viz-debug] col_max: 1.00 1.00 1.00 1.00 1.00 1.00 1.00 1.00 0.00 1.00 1.00 0.00 1.00 1.00 0.00 1.00 1.00 1.00 1.00 1.00 1.00 1.00 1.00 1.00 1.00
[2026-06-08T05:56:01Z] [INFO] [viz-debug] col_max: 1.00 1.00 1.00 1.00 1.00 0.00 1.00 1.00 0.00 1.00 1.00 0.00 1.00 1.00 1.00 1.00 1.00 1.00 1.00 1.00 1.00 1.00 1.00 1.00 1.00
[2026-06-08T05:56:01Z] [INFO] [viz-debug] col_max: 1.00 1.00 0.00 1.00 1.00 0.00 1.00 1.00 0.00 1.00 1.00 1.00 1.00 1.00 1.00 1.00 1.00 1.00 1.00 1.00 1.00 1.00 1.00 1.00 0.85
[2026-06-08T05:56:02Z] [INFO] [viz-debug] col_max: 1.00 0.00 1.00 1.00 0.00 1.00 1.00 1.00 1.00 1.00 1.00 1.00 1.00 1.00 1.00 1.00 1.00 1.00 1.00 1.00 0.85 1.00 1.00 0.00 1.00
[2026-06-08T05:56:02Z] [INFO] [viz-debug] col_max: 1.00 0.00 1.00 1.00 1.00 1.00 1.00 1.00 1.00 1.00 1.00 1.00 1.00 1.00 1.00 1.00 1.00 0.85 1.00 1.00 0.00 1.00 1.00 0.00 1.00
[2026-06-08T05:56:03Z] [INFO] [viz-debug] col_max: 1.00 1.00 1.00 1.00 1.00 1.00 1.00 1.00 1.00 1.00 1.00 1.00 1.00 1.00 0.85 1.00 1.00 0.00 1.00 1.00 0.00 1.00 1.00 0.95 1.00
[2026-06-08T05:56:03Z] [INFO] [viz-debug] col_max: 1.00 1.00 1.00 1.00 1.00 1.00 1.00 1.00 1.00 1.00 1.00 0.85 1.00 1.00 0.00 1.00 1.00 0.00 1.00 1.00 0.95 1.00 1.00 1.00 1.00
[2026-06-08T05:56:04Z] [INFO] [viz-debug] col_max: 1.00 1.00 1.00 1.00 1.00 1.00 1.00 1.00 0.85 1.00 1.00 0.00 1.00 1.00 0.00 1.00 1.00 0.95 1.00 1.00 1.00 1.00 1.00 1.00 1.00
[2026-06-08T05:56:04Z] [INFO] [viz-debug] col_max: 1.00 1.00 1.00 1.00 1.00 0.85 1.00 1.00 0.00 1.00 1.00 0.00 1.00 1.00 0.95 1.00 1.00 1.00 1.00 1.00 1.00 1.00 1.00 1.00 1.00
[2026-06-08T05:56:05Z] [INFO] [viz-debug] col_max: 1.00 1.00 0.85 1.00 1.00 0.00 1.00 1.00 0.00 1.00 1.00 0.95 1.00 1.00 1.00 1.00 1.00 1.00 1.00 1.00 1.00 1.00 1.00 1.00 0.00
[2026-06-08T05:56:05Z] [INFO] [viz-debug] col_max: 1.00 0.00 1.00 1.00 0.00 1.00 1.00 0.95 1.00 1.00 1.00 1.00 1.00 1.00 1.00 1.00 1.00 1.00 1.00 1.00 0.00 1.00 1.00 0.00 1.00
[2026-06-08T05:56:06Z] [INFO] [viz-debug] col_max: 1.00 0.00 1.00 1.00 0.95 1.00 1.00 1.00 1.00 1.00 1.00 1.00 1.00 1.00 1.00 1.00 1.00 0.00 1.00 1.00 0.00 1.00 1.00 0.00 1.00
[2026-06-08T05:56:06Z] [INFO] [viz-debug] col_max: 1.00 0.95 1.00 1.00 1.00 1.00 1.00 1.00 1.00 1.00 1.00 1.00 1.00 1.00 0.00 1.00 1.00 0.00 1.00 1.00 0.00 1.00 1.00 1.00 1.00
[2026-06-08T05:56:07Z] [INFO] [viz-debug] col_max: 1.00 1.00 1.00 1.00 1.00 1.00 1.00 1.00 1.00 1.00 1.00 0.00 1.00 1.00 0.00 1.00 1.00 0.00 1.00 1.00 1.00 1.00 1.00 1.00 1.00
[2026-06-08T05:56:07Z] [INFO] [viz-debug] col_max: 1.00 1.00 1.00 1.00 1.00 1.00 1.00 1.00 0.00 1.00 1.00 0.00 1.00 1.00 0.00 1.00 1.00 1.00 1.00 1.00 1.00 1.00 1.00 1.00 1.00
[2026-06-08T05:56:08Z] [INFO] [viz-debug] col_max: 1.00 1.00 1.00 1.00 0.00 1.00 1.00 0.00 1.00 1.00 0.00 1.00 1.00 1.00 1.00 1.00 1.00 1.00 1.00 1.00 1.00 1.00 1.00 0.00 1.00
[2026-06-08T05:56:08Z] [INFO] [viz-debug] col_max: 1.00 0.00 1.00 1.00 0.00 1.00 1.00 0.00 1.00 1.00 1.00 1.00 1.00 1.00 1.00 1.00 1.00 1.00 1.00 1.00 0.00 1.00 1.00 0.00 1.00
[2026-06-08T05:56:09Z] [INFO] [viz-debug] col_max: 1.00 0.00 1.00 1.00 0.00 1.00 1.00 1.00 1.00 1.00 1.00 1.00 1.00 1.00 1.00 1.00 1.00 0.00 1.00 1.00 0.00 1.00 1.00 0.29 1.00
[2026-06-08T05:56:09Z] [INFO] [viz-debug] col_max: 1.00 0.00 1.00 1.00 1.00 1.00 1.00 1.00 1.00 1.00 1.00 1.00 1.00 1.00 0.00 1.00 1.00 0.00 1.00 1.00 0.29 1.00 1.00 1.00 1.00
[2026-06-08T05:56:10Z] [INFO] [viz-debug] col_max: 1.00 1.00 1.00 1.00 1.00 1.00 1.00 1.00 1.00 1.00 0.00 1.00 1.00 0.00 1.00 1.00 0.29 1.00 1.00 1.00 1.00 1.00 1.00 1.00 1.00
[2026-06-08T05:56:10Z] [INFO] [viz-debug] col_max: 1.00 1.00 1.00 1.00 1.00 1.00 1.00 1.00 0.00 1.00 1.00 0.00 1.00 1.00 0.29 1.00 1.00 1.00 1.00 1.00 1.00 1.00 1.00 1.00 0.00
[2026-06-08T05:56:11Z] [INFO] [viz-debug] col_max: 1.00 1.00 1.00 1.00 0.00 1.00 1.00 0.00 1.00 1.00 0.29 1.00 1.00 1.00 1.00 1.00 1.00 1.00 1.00 1.00 0.00 1.00 0.87 0.00 0.84
[2026-06-08T05:56:11Z] [INFO] [viz-debug] col_max: 1.00 0.00 1.00 1.00 0.00 1.00 1.00 0.29 1.00 1.00 1.00 1.00 1.00 1.00 1.00 1.00 1.00 0.00 1.00 0.87 0.00 0.84 0.81 0.64 1.00
[2026-06-08T05:56:12Z] [INFO] [viz-debug] col_max: 1.00 0.00 1.00 1.00 0.29 1.00 1.00 1.00 1.00 1.00 1.00 1.00 1.00 1.00 0.00 1.00 0.87 0.00 0.84 0.81 0.64 1.00 1.00 1.00 1.00
[2026-06-08T05:56:12Z] [INFO] [viz-debug] col_max: 1.00 0.29 1.00 1.00 1.00 1.00 1.00 1.00 1.00 1.00 1.00 0.00 1.00 0.87 0.00 0.84 0.81 0.64 1.00 1.00 1.00 1.00 1.00 1.00 1.00
[2026-06-08T05:56:13Z] [INFO] [viz-debug] col_max: 1.00 1.00 1.00 1.00 1.00 1.00 1.00 1.00 0.00 1.00 0.87 0.00 0.84 0.81 0.64 1.00 1.00 1.00 1.00 1.00 1.00 1.00 1.00 1.00 1.00
[2026-06-08T05:56:13Z] [INFO] [viz-debug] col_max: 1.00 1.00 1.00 1.00 1.00 0.00 1.00 0.87 0.00 0.84 0.81 0.64 1.00 1.00 1.00 1.00 1.00 1.00 1.00 1.00 1.00 1.00 1.00 1.00 0.76
[2026-06-08T05:56:14Z] [INFO] [viz-debug] col_max: 1.00 0.00 1.00 0.87 0.00 0.84 0.81 0.64 1.00 1.00 1.00 1.00 1.00 1.00 1.00 1.00 1.00 1.00 1.00 1.00 0.76 1.00 1.00 0.00 1.00
[2026-06-08T05:56:14Z] [INFO] [viz-debug] col_max: 0.87 0.00 0.84 0.81 0.64 1.00 1.00 1.00 1.00 1.00 1.00 1.00 1.00 1.00 1.00 1.00 1.00 0.76 1.00 1.00 0.00 1.00 1.00 0.00 1.00
[2026-06-08T05:56:15Z] [INFO] [viz-debug] col_max: 0.81 0.64 1.00 1.00 1.00 1.00 1.00 1.00 1.00 1.00 1.00 1.00 1.00 1.00 0.76 1.00 1.00 0.00 1.00 1.00 0.00 1.00 1.00 1.00 1.00
[2026-06-08T05:56:15Z] [INFO] [viz-debug] col_max: 1.00 1.00 1.00 1.00 1.00 1.00 1.00 1.00 1.00 1.00 1.00 0.76 1.00 1.00 0.00 1.00 1.00 0.00 1.00 1.00 1.00 1.00 1.00 1.00 1.00
[2026-06-08T05:56:16Z] [INFO] [viz-debug] col_max: 1.00 1.00 1.00 1.00 1.00 1.00 1.00 1.00 0.76 1.00 1.00 0.00 1.00 1.00 0.00 1.00 1.00 1.00 1.00 1.00 1.00 1.00 1.00 1.00 1.00
[2026-06-08T05:56:16Z] [INFO] [viz-debug] col_max: 1.00 1.00 1.00 1.00 1.00 0.76 1.00 1.00 0.00 1.00 1.00 0.00 1.00 1.00 1.00 1.00 1.00 1.00 1.00 1.00 1.00 1.00 1.00 1.00 1.00
[2026-06-08T05:56:17Z] [INFO] [viz-debug] col_max: 1.00 1.00 0.76 1.00 1.00 0.00 1.00 1.00 0.00 1.00 1.00 1.00 1.00 1.00 1.00 1.00 1.00 1.00 1.00 1.00 1.00 1.00 1.00 1.00 1.00
[2026-06-08T05:56:17Z] [INFO] [viz-debug] col_max: 1.00 0.00 1.00 1.00 0.00 1.00 1.00 1.00 1.00 1.00 1.00 1.00 1.00 1.00 1.00 1.00 1.00 1.00 1.00 1.00 1.00 1.00 1.00 0.00 1.00
[2026-06-08T05:56:18Z] [INFO] [viz-debug] col_max: 1.00 0.00 1.00 1.00 1.00 1.00 1.00 1.00 1.00 1.00 1.00 1.00 1.00 1.00 1.00 1.00 1.00 1.00 1.00 1.00 0.00 1.00 1.00 0.00 1.00
[2026-06-08T05:56:18Z] [INFO] [viz-debug] col_max: 1.00 1.00 1.00 1.00 1.00 1.00 1.00 1.00 1.00 1.00 1.00 1.00 1.00 1.00 1.00 1.00 1.00 0.00 1.00 1.00 0.00 1.00 1.00 1.00 1.00
[2026-06-08T05:56:19Z] [INFO] [viz-debug] col_max: 1.00 1.00 1.00 1.00 1.00 1.00 1.00 1.00 1.00 1.00 1.00 1.00 1.00 1.00 0.00 1.00 1.00 0.00 1.00 1.00 1.00 1.00 1.00 1.00 1.00
[2026-06-08T05:56:19Z] [INFO] [viz-debug] col_max: 1.00 1.00 1.00 1.00 1.00 1.00 1.00 1.00 1.00 1.00 1.00 0.00 1.00 1.00 0.00 1.00 1.00 1.00 1.00 1.00 1.00 1.00 1.00 1.00 1.00
[2026-06-08T05:56:20Z] [INFO] [viz-debug] col_max: 1.00 1.00 1.00 1.00 1.00 1.00 1.00 1.00 0.00 1.00 1.00 0.00 1.00 1.00 1.00 1.00 1.00 1.00 1.00 1.00 1.00 1.00 1.00 1.00 1.00
[2026-06-08T05:56:20Z] [INFO] [viz-debug] col_max: 1.00 1.00 1.00 1.00 1.00 0.00 1.00 1.00 0.00 1.00 1.00 1.00 1.00 1.00 1.00 1.00 1.00 1.00 1.00 1.00 1.00 1.00 1.00 1.00 0.00
[2026-06-08T05:56:21Z] [INFO] [viz-debug] col_max: 1.00 0.00 1.00 1.00 0.00 1.00 1.00 1.00 1.00 1.00 1.00 1.00 1.00 1.00 1.00 1.00 1.00 1.00 1.00 1.00 0.00 1.00 1.00 0.00 1.00
[2026-06-08T05:56:22Z] [INFO] [viz-debug] col_max: 1.00 0.00 1.00 1.00 1.00 1.00 1.00 1.00 1.00 1.00 1.00 1.00 1.00 1.00 1.00 1.00 1.00 0.00 1.00 1.00 0.00 1.00 1.00 0.00 1.00
[2026-06-08T05:56:22Z] [INFO] [viz-debug] col_max: 1.00 1.00 1.00 1.00 1.00 1.00 1.00 1.00 1.00 1.00 1.00 1.00 1.00 1.00 0.00 1.00 1.00 0.00 1.00 1.00 0.00 1.00 1.00 1.00 1.00
[2026-06-08T05:56:23Z] [INFO] [viz-debug] col_max: 1.00 1.00 1.00 1.00 1.00 1.00 1.00 1.00 1.00 1.00 1.00 0.00 1.00 1.00 0.00 1.00 1.00 0.00 1.00 1.00 1.00 1.00 1.00 1.00 1.00
[2026-06-08T05:56:23Z] [INFO] [viz-debug] col_max: 1.00 1.00 1.00 1.00 1.00 1.00 1.00 1.00 0.00 1.00 1.00 0.00 1.00 1.00 0.00 1.00 1.00 1.00 1.00 1.00 1.00 1.00 1.00 1.00 1.00
[2026-06-08T05:56:24Z] [INFO] [viz-debug] col_max: 1.00 1.00 1.00 1.00 1.00 0.00 1.00 1.00 0.00 1.00 1.00 0.00 1.00 1.00 1.00 1.00 1.00 1.00 1.00 1.00 1.00 1.00 1.00 1.00 0.00
[2026-06-08T05:56:24Z] [INFO] [viz-debug] col_max: 1.00 0.00 1.00 1.00 0.00 1.00 1.00 0.00 1.00 1.00 1.00 1.00 1.00 1.00 1.00 1.00 1.00 1.00 1.00 1.00 0.00 1.00 1.00 0.00 1.00
[2026-06-08T05:56:25Z] [INFO] [viz-debug] col_max: 1.00 0.00 1.00 1.00 0.00 1.00 1.00 1.00 1.00 1.00 1.00 1.00 1.00 1.00 1.00 1.00 1.00 0.00 1.00 1.00 0.00 1.00 1.00 0.93 1.00
[2026-06-08T05:56:25Z] [INFO] [viz-debug] col_max: 1.00 0.00 1.00 1.00 1.00 1.00 1.00 1.00 1.00 1.00 1.00 1.00 1.00 1.00 0.00 1.00 1.00 0.00 1.00 1.00 0.93 1.00 1.00 1.00 1.00
[2026-06-08T05:56:26Z] [INFO] [viz-debug] col_max: 1.00 1.00 1.00 1.00 1.00 1.00 1.00 1.00 1.00 1.00 1.00 0.00 1.00 1.00 0.00 1.00 1.00 0.93 1.00 1.00 1.00 1.00 1.00 1.00 1.00
[2026-06-08T05:56:26Z] [INFO] [viz-debug] col_max: 1.00 1.00 1.00 1.00 1.00 1.00 1.00 1.00 0.00 1.00 1.00 0.00 1.00 1.00 0.93 1.00 1.00 1.00 1.00 1.00 1.00 1.00 1.00 1.00 1.00
[2026-06-08T05:56:27Z] [INFO] [viz-debug] col_max: 1.00 1.00 1.00 1.00 0.00 1.00 1.00 0.00 1.00 1.00 0.93 1.00 1.00 1.00 1.00 1.00 1.00 1.00 1.00 1.00 1.00 1.00 1.00 0.00 1.00
[2026-06-08T05:56:27Z] [INFO] [viz-debug] col_max: 1.00 0.00 1.00 1.00 0.00 1.00 1.00 0.93 1.00 1.00 1.00 1.00 1.00 1.00 1.00 1.00 1.00 1.00 1.00 1.00 0.00 1.00 1.00 0.00 1.00
[2026-06-08T05:56:28Z] [INFO] [viz-debug] col_max: 1.00 0.00 1.00 1.00 0.93 1.00 1.00 1.00 1.00 1.00 1.00 1.00 1.00 1.00 1.00 1.00 1.00 0.00 1.00 1.00 0.00 1.00 1.00 0.98 1.00
[2026-06-08T05:56:28Z] [INFO] [viz-debug] col_max: 1.00 0.93 1.00 1.00 1.00 1.00 1.00 1.00 1.00 1.00 1.00 1.00 1.00 1.00 0.00 1.00 1.00 0.00 1.00 1.00 0.98 1.00 1.00 1.00 1.00
[2026-06-08T05:56:29Z] [INFO] [viz-debug] col_max: 1.00 1.00 1.00 1.00 1.00 1.00 1.00 1.00 1.00 1.00 1.00 0.00 1.00 1.00 0.00 1.00 1.00 0.98 1.00 1.00 1.00 1.00 1.00 1.00 1.00
[2026-06-08T05:56:29Z] [INFO] [viz-debug] col_max: 1.00 1.00 1.00 1.00 1.00 1.00 1.00 1.00 0.00 1.00 1.00 0.00 1.00 1.00 0.98 1.00 1.00 1.00 1.00 1.00 1.00 1.00 1.00 1.00 1.00
[2026-06-08T05:56:30Z] [INFO] [viz-debug] col_max: 1.00 1.00 1.00 1.00 1.00 0.00 1.00 1.00 0.00 1.00 1.00 0.98 1.00 1.00 1.00 1.00 1.00 1.00 1.00 1.00 1.00 1.00 1.00 1.00 0.81
[2026-06-08T05:56:30Z] [INFO] [viz-debug] col_max: 1.00 0.00 1.00 1.00 0.00 1.00 1.00 0.98 1.00 1.00 1.00 1.00 1.00 1.00 1.00 1.00 1.00 1.00 1.00 1.00 0.81 1.00 1.00 0.00 1.00
[2026-06-08T05:56:31Z] [INFO] [viz-debug] col_max: 1.00 0.00 1.00 1.00 0.98 1.00 1.00 1.00 1.00 1.00 1.00 1.00 1.00 1.00 1.00 1.00 1.00 0.81 1.00 1.00 0.00 1.00 1.00 0.00 1.00
[2026-06-08T05:56:31Z] [INFO] [viz-debug] col_max: 1.00 0.98 1.00 1.00 1.00 1.00 1.00 1.00 1.00 1.00 1.00 1.00 1.00 1.00 0.81 1.00 1.00 0.00 1.00 1.00 0.00 1.00 1.00 0.00 1.00
[2026-06-08T05:56:32Z] [INFO] [viz-debug] col_max: 1.00 1.00 1.00 1.00 1.00 1.00 1.00 1.00 1.00 1.00 1.00 0.81 1.00 1.00 0.00 1.00 1.00 0.00 1.00 1.00 0.00 1.00 1.00 1.00 1.00
[2026-06-08T05:56:32Z] [INFO] [viz-debug] col_max: 1.00 1.00 1.00 1.00 1.00 1.00 1.00 1.00 0.81 1.00 1.00 0.00 1.00 1.00 0.00 1.00 1.00 0.00 1.00 1.00 1.00 1.00 1.00 1.00 1.00
[2026-06-08T05:56:33Z] [INFO] [viz-debug] col_max: 1.00 1.00 1.00 1.00 0.81 1.00 1.00 0.00 1.00 1.00 0.00 1.00 1.00 0.00 1.00 1.00 1.00 1.00 1.00 1.00 1.00 1.00 1.00 0.65 1.00
[2026-06-08T05:56:33Z] [INFO] [viz-debug] col_max: 1.00 0.81 1.00 1.00 0.00 1.00 1.00 0.00 1.00 1.00 0.00 1.00 1.00 1.00 1.00 1.00 1.00 1.00 1.00 1.00 0.65 1.00 1.00 0.00 1.00
[2026-06-08T05:56:34Z] [INFO] [viz-debug] col_max: 1.00 0.00 1.00 1.00 0.00 1.00 1.00 0.00 1.00 1.00 1.00 1.00 1.00 1.00 1.00 1.00 1.00 0.65 1.00 1.00 0.00 1.00 1.00 0.00 1.00
[2026-06-08T05:56:34Z] [INFO] [viz-debug] col_max: 1.00 0.00 1.00 1.00 0.00 1.00 1.00 1.00 1.00 1.00 1.00 1.00 1.00 1.00 0.65 1.00 1.00 0.00 1.00 1.00 0.00 1.00 1.00 0.30 1.00
[2026-06-08T05:56:35Z] [INFO] [viz-debug] col_max: 1.00 0.00 1.00 1.00 1.00 1.00 1.00 1.00 1.00 1.00 1.00 0.65 1.00 1.00 0.00 1.00 1.00 0.00 1.00 1.00 0.30 1.00 1.00 1.00 1.00
[2026-06-08T05:56:35Z] [INFO] [viz-debug] col_max: 1.00 1.00 1.00 1.00 1.00 1.00 1.00 1.00 0.65 1.00 1.00 0.00 1.00 1.00 0.00 1.00 1.00 0.30 1.00 1.00 1.00 1.00 1.00 1.00 1.00
[2026-06-08T05:56:36Z] [INFO] [viz-debug] col_max: 1.00 1.00 1.00 1.00 1.00 0.65 1.00 1.00 0.00 1.00 1.00 0.00 1.00 1.00 0.30 1.00 1.00 1.00 1.00 1.00 1.00 1.00 1.00 1.00 1.00
[2026-06-08T05:56:36Z] [INFO] [viz-debug] col_max: 1.00 1.00 0.65 1.00 1.00 0.00 1.00 1.00 0.00 1.00 1.00 0.30 1.00 1.00 1.00 1.00 1.00 1.00 1.00 1.00 1.00 1.00 1.00 1.00 0.62
[2026-06-08T05:56:37Z] [INFO] [viz-debug] col_max: 1.00 0.00 1.00 1.00 0.00 1.00 1.00 0.30 1.00 1.00 1.00 1.00 1.00 1.00 1.00 1.00 1.00 1.00 1.00 1.00 0.62 1.00 1.00 0.00 1.00
[2026-06-08T05:56:37Z] [INFO] [viz-debug] col_max: 1.00 0.00 1.00 1.00 0.30 1.00 1.00 1.00 1.00 1.00 1.00 1.00 1.00 1.00 1.00 1.00 1.00 0.62 1.00 1.00 0.00 1.00 1.00 0.00 1.00
[2026-06-08T05:56:38Z] [INFO] [viz-debug] col_max: 1.00 0.30 1.00 1.00 1.00 1.00 1.00 1.00 1.00 1.00 1.00 1.00 1.00 1.00 0.62 1.00 1.00 0.00 1.00 1.00 0.00 1.00 1.00 0.42 1.00
[2026-06-08T05:56:38Z] [INFO] [viz-debug] col_max: 1.00 1.00 1.00 1.00 1.00 1.00 1.00 1.00 1.00 1.00 1.00 0.62 1.00 1.00 0.00 1.00 1.00 0.00 1.00 1.00 0.42 1.00 1.00 1.00 1.00
[2026-06-08T05:56:39Z] [INFO] [viz-debug] col_max: 1.00 1.00 1.00 1.00 1.00 1.00 1.00 1.00 0.62 1.00 1.00 0.00 1.00 1.00 0.00 1.00 1.00 0.42 1.00 1.00 1.00 1.00 1.00 1.00 1.00
[2026-06-08T05:56:39Z] [INFO] [viz-debug] col_max: 1.00 1.00 1.00 1.00 1.00 0.62 1.00 1.00 0.00 1.00 1.00 0.00 1.00 1.00 0.42 1.00 1.00 1.00 1.00 1.00 1.00 1.00 1.00 1.00 1.00
[2026-06-08T05:56:40Z] [INFO] [viz-debug] col_max: 1.00 0.62 1.00 1.00 0.00 1.00 1.00 0.00 1.00 1.00 0.42 1.00 1.00 1.00 1.00 1.00 1.00 1.00 1.00 1.00 1.00 1.00 1.00 0.00 1.00
[2026-06-08T05:56:40Z] [INFO] [viz-debug] col_max: 1.00 0.00 1.00 1.00 0.00 1.00 1.00 0.42 1.00 1.00 1.00 1.00 1.00 1.00 1.00 1.00 1.00 1.00 1.00 1.00 0.00 1.00 1.00 0.00 1.00
[2026-06-08T05:56:41Z] [INFO] [viz-debug] col_max: 1.00 0.00 1.00 1.00 0.42 1.00 1.00 1.00 1.00 1.00 1.00 1.00 1.00 1.00 1.00 1.00 1.00 0.00 1.00 1.00 0.00 1.00 1.00 0.98 1.00
[2026-06-08T05:56:41Z] [INFO] [viz-debug] col_max: 1.00 0.42 1.00 1.00 1.00 1.00 1.00 1.00 1.00 1.00 1.00 1.00 1.00 1.00 0.00 1.00 1.00 0.00 1.00 1.00 0.98 1.00 1.00 1.00 1.00
[2026-06-08T05:56:42Z] [INFO] [viz-debug] col_max: 1.00 1.00 1.00 1.00 1.00 1.00 1.00 1.00 1.00 1.00 0.00 1.00 1.00 0.00 1.00 1.00 0.98 1.00 1.00 1.00 1.00 1.00 1.00 0.00 1.00
[2026-06-08T05:56:42Z] [INFO] [viz-debug] col_max: 1.00 1.00 1.00 1.00 1.00 1.00 1.00 0.00 1.00 1.00 0.00 1.00 1.00 0.98 1.00 1.00 1.00 1.00 1.00 1.00 0.00 1.00 1.00 0.00 1.00
[2026-06-08T05:56:43Z] [INFO] [viz-debug] col_max: 1.00 1.00 1.00 1.00 0.00 1.00 1.00 0.00 1.00 1.00 0.98 1.00 1.00 1.00 1.00 1.00 1.00 0.00 1.00 1.00 0.00 1.00 1.00 1.00 1.00
[2026-06-08T05:56:43Z] [INFO] [viz-debug] col_max: 0.00 1.00 1.00 0.00 1.00 1.00 0.98 1.00 1.00 1.00 1.00 1.00 1.00 0.00 1.00 1.00 0.00 1.00 1.00 1.00 1.00 1.00 1.00 0.00 1.00
[2026-06-08T05:56:44Z] [INFO] [viz-debug] col_max: 0.00 1.00 1.00 0.98 1.00 1.00 1.00 1.00 1.00 1.00 0.00 1.00 1.00 0.00 1.00 1.00 1.00 1.00 1.00 1.00 0.00 1.00 1.00 0.00 1.00
[2026-06-08T05:56:44Z] [INFO] [viz-debug] col_max: 0.98 1.00 1.00 1.00 1.00 1.00 1.00 0.00 1.00 1.00 0.00 1.00 1.00 1.00 1.00 1.00 1.00 0.00 1.00 1.00 0.00 1.00 1.00 0.97 1.00
[2026-06-08T05:56:45Z] [INFO] [viz-debug] col_max: 1.00 1.00 1.00 1.00 0.00 1.00 1.00 0.00 1.00 1.00 1.00 1.00 1.00 1.00 0.00 1.00 1.00 0.00 1.00 1.00 0.97 1.00 1.00 1.00 1.00
[2026-06-08T05:56:45Z] [INFO] [viz-debug] col_max: 1.00 0.00 1.00 1.00 0.00 1.00 1.00 1.00 1.00 1.00 1.00 0.00 1.00 1.00 0.00 1.00 1.00 0.97 1.00 1.00 1.00 1.00 1.00 1.00 1.00
[2026-06-08T05:56:46Z] [INFO] [viz-debug] col_max: 1.00 0.00 1.00 1.00 1.00 1.00 1.00 1.00 0.00 1.00 1.00 0.00 1.00 1.00 0.97 1.00 1.00 1.00 1.00 1.00 1.00 1.00 1.00 1.00 0.00
[2026-06-08T05:56:46Z] [INFO] [viz-debug] col_max: 1.00 1.00 1.00 1.00 0.00 1.00 1.00 0.00 1.00 1.00 0.97 1.00 1.00 1.00 1.00 1.00 1.00 1.00 1.00 1.00 0.00 1.00 1.00 0.00 1.00
[2026-06-08T05:56:47Z] [INFO] [viz-debug] col_max: 1.00 0.00 1.00 1.00 0.00 1.00 1.00 0.97 1.00 1.00 1.00 1.00 1.00 1.00 1.00 1.00 1.00 0.00 1.00 1.00 0.00 1.00 1.00 1.00 1.00
[2026-06-08T05:56:47Z] [INFO] [viz-debug] col_max: 1.00 0.00 1.00 1.00 0.97 1.00 1.00 1.00 1.00 1.00 1.00 1.00 1.00 1.00 0.00 1.00 1.00 0.00 1.00 1.00 1.00 1.00 1.00 1.00 1.00
[2026-06-08T05:56:48Z] [INFO] [viz-debug] col_max: 1.00 0.97 1.00 1.00 1.00 1.00 1.00 1.00 1.00 1.00 1.00 0.00 1.00 1.00 0.00 1.00 1.00 1.00 1.00 1.00 1.00 1.00 1.00 1.00 0.76
[2026-06-08T05:56:48Z] [INFO] [viz-debug] col_max: 1.00 1.00 1.00 1.00 1.00 1.00 1.00 1.00 0.00 1.00 1.00 0.00 1.00 1.00 1.00 1.00 1.00 1.00 1.00 1.00 1.00 0.76 1.00 1.00 0.00
[2026-06-08T05:56:49Z] [INFO] [viz-debug] col_max: 1.00 1.00 1.00 1.00 0.00 1.00 1.00 0.00 1.00 1.00 1.00 1.00 1.00 1.00 1.00 1.00 1.00 0.76 1.00 1.00 0.00 1.00 1.00 0.00 1.00
[2026-06-08T05:56:49Z] [INFO] [viz-debug] col_max: 1.00 0.00 1.00 1.00 0.00 1.00 1.00 1.00 1.00 1.00 1.00 1.00 1.00 1.00 0.76 1.00 1.00 0.00 1.00 1.00 0.00 1.00 1.00 0.00 1.00
[2026-06-08T05:56:50Z] [INFO] [viz-debug] col_max: 1.00 0.00 1.00 1.00 1.00 1.00 1.00 1.00 1.00 1.00 1.00 0.76 1.00 1.00 0.00 1.00 1.00 0.00 1.00 1.00 0.00 1.00 1.00 1.00 1.00
[2026-06-08T05:56:50Z] [INFO] [viz-debug] col_max: 1.00 1.00 1.00 1.00 1.00 1.00 1.00 1.00 0.76 1.00 1.00 0.00 1.00 1.00 0.00 1.00 1.00 0.00 1.00 1.00 1.00 1.00 1.00 1.00 1.00
[2026-06-08T05:56:51Z] [INFO] [viz-debug] col_max: 1.00 1.00 1.00 1.00 1.00 0.76 1.00 1.00 0.00 1.00 1.00 0.00 1.00 1.00 0.00 1.00 1.00 1.00 1.00 1.00 1.00 1.00 1.00 1.00 1.00
[2026-06-08T05:56:52Z] [INFO] [viz-debug] col_max: 1.00 0.76 1.00 1.00 0.00 1.00 1.00 0.00 1.00 1.00 0.00 1.00 1.00 1.00 1.00 1.00 1.00 1.00 1.00 1.00 1.00 1.00 1.00 0.00 1.00
[2026-06-08T05:56:52Z] [INFO] [viz-debug] col_max: 1.00 0.00 1.00 1.00 0.00 1.00 1.00 0.00 1.00 1.00 1.00 1.00 1.00 1.00 1.00 1.00 1.00 1.00 1.00 1.00 0.00 1.00 1.00 0.00 1.00
[2026-06-08T05:56:53Z] [INFO] [viz-debug] col_max: 1.00 0.00 1.00 1.00 0.00 1.00 1.00 1.00 1.00 1.00 1.00 1.00 1.00 1.00 1.00 1.00 1.00 0.00 1.00 1.00 0.00 1.00 1.00 1.00 1.00
[2026-06-08T05:56:53Z] [INFO] [viz-debug] col_max: 1.00 0.00 1.00 1.00 1.00 1.00 1.00 1.00 1.00 1.00 1.00 1.00 1.00 1.00 0.00 1.00 1.00 0.00 1.00 1.00 1.00 1.00 1.00 1.00 1.00
[2026-06-08T05:56:54Z] [INFO] [viz-debug] col_max: 1.00 1.00 1.00 1.00 1.00 1.00 1.00 1.00 1.00 1.00 1.00 0.00 1.00 1.00 0.00 1.00 1.00 1.00 1.00 1.00 1.00 1.00 1.00 1.00 1.00
[2026-06-08T05:56:54Z] [INFO] [viz-debug] col_max: 1.00 1.00 1.00 1.00 1.00 1.00 1.00 1.00 0.00 1.00 1.00 0.00 1.00 1.00 1.00 1.00 1.00 1.00 1.00 1.00 1.00 1.00 1.00 1.00 0.00
[2026-06-08T05:56:55Z] [INFO] [viz-debug] col_max: 1.00 1.00 1.00 1.00 0.00 1.00 1.00 0.00 1.00 1.00 1.00 1.00 1.00 1.00 1.00 1.00 1.00 1.00 1.00 1.00 0.00 1.00 1.00 0.00 1.00
[2026-06-08T05:56:55Z] [INFO] [viz-debug] col_max: 1.00 0.00 1.00 1.00 0.00 1.00 1.00 1.00 1.00 1.00 1.00 1.00 1.00 1.00 1.00 1.00 1.00 0.00 1.00 1.00 0.00 1.00 1.00 0.87 1.00
[2026-06-08T05:56:56Z] [INFO] [viz-debug] col_max: 1.00 0.00 1.00 1.00 1.00 1.00 1.00 1.00 1.00 1.00 1.00 1.00 1.00 1.00 0.00 1.00 1.00 0.00 1.00 1.00 0.87 1.00 1.00 1.00 1.00
[2026-06-08T05:56:56Z] [INFO] [viz-debug] col_max: 1.00 1.00 1.00 1.00 1.00 1.00 1.00 1.00 1.00 1.00 1.00 1.00 0.00 1.00 1.00 0.00 1.00 1.00 0.87 1.00 1.00 1.00 1.00 1.00 1.00
[2026-06-08T05:56:57Z] [INFO] [viz-debug] col_max: 1.00 1.00 1.00 1.00 1.00 1.00 1.00 1.00 0.00 1.00 1.00 0.00 1.00 1.00 0.87 1.00 1.00 1.00 1.00 1.00 1.00 1.00 1.00 0.00 1.00
[2026-06-08T05:56:57Z] [INFO] [viz-debug] col_max: 1.00 1.00 1.00 1.00 1.00 0.00 1.00 1.00 0.00 1.00 1.00 0.87 1.00 1.00 1.00 1.00 1.00 1.00 1.00 1.00 0.00 1.00 1.00 0.99 1.00
[2026-06-08T05:56:58Z] [INFO] [viz-debug] col_max: 1.00 1.00 0.00 1.00 1.00 0.00 1.00 1.00 0.87 1.00 1.00 1.00 1.00 1.00 1.00 1.00 1.00 0.00 1.00 1.00 0.99 1.00 1.00 1.00 1.00
[2026-06-08T05:56:58Z] [INFO] [viz-debug] col_max: 1.00 1.00 0.00 1.00 1.00 0.87 1.00 1.00 1.00 1.00 1.00 1.00 1.00 1.00 0.00 1.00 1.00 0.99 1.00 1.00 1.00 1.00 1.00 0.00 1.00
[2026-06-08T05:56:59Z] [INFO] [viz-debug] col_max: 1.00 1.00 0.87 1.00 1.00 1.00 1.00 1.00 1.00 1.00 1.00 0.00 1.00 1.00 0.99 1.00 1.00 1.00 1.00 1.00 0.00 1.00 1.00 0.00 1.00
[2026-06-08T05:56:59Z] [INFO] [viz-debug] col_max: 1.00 1.00 1.00 1.00 1.00 1.00 1.00 1.00 0.00 1.00 1.00 0.99 1.00 1.00 1.00 1.00 1.00 0.00 1.00 1.00 0.00 1.00 1.00 1.00 1.00
[2026-06-08T05:57:00Z] [INFO] [viz-debug] col_max: 1.00 1.00 1.00 1.00 1.00 0.00 1.00 1.00 0.99 1.00 1.00 1.00 1.00 1.00 0.00 1.00 1.00 0.00 1.00 1.00 1.00 1.00 1.00 1.00 1.00
[2026-06-08T05:57:00Z] [INFO] [viz-debug] col_max: 1.00 1.00 0.00 1.00 1.00 0.99 1.00 1.00 1.00 1.00 1.00 0.00 1.00 1.00 0.00 1.00 1.00 1.00 1.00 1.00 1.00 1.00 1.00 1.00 1.00
[2026-06-08T05:57:01Z] [INFO] [viz-debug] col_max: 1.00 1.00 0.99 1.00 1.00 1.00 1.00 1.00 0.00 1.00 1.00 0.00 1.00 1.00 1.00 1.00 1.00 1.00 1.00 1.00 1.00 1.00 1.00 1.00 1.00
[2026-06-08T05:57:01Z] [INFO] [viz-debug] col_max: 1.00 1.00 1.00 1.00 1.00 0.00 1.00 1.00 0.00 1.00 1.00 1.00 1.00 1.00 1.00 1.00 1.00 1.00 1.00 1.00 1.00 1.00 1.00 1.00 0.00
[2026-06-08T05:57:02Z] [INFO] [viz-debug] col_max: 1.00 0.00 1.00 1.00 0.00 1.00 1.00 1.00 1.00 1.00 1.00 1.00 1.00 1.00 1.00 1.00 1.00 1.00 1.00 1.00 0.00 1.00 1.00 0.00 1.00
[2026-06-08T05:57:02Z] [INFO] [viz-debug] col_max: 1.00 0.00 1.00 1.00 1.00 1.00 1.00 1.00 1.00 1.00 1.00 1.00 1.00 1.00 1.00 1.00 1.00 0.00 1.00 1.00 0.00 1.00 1.00 0.00 1.00
[2026-06-08T05:57:03Z] [INFO] [viz-debug] col_max: 1.00 1.00 1.00 1.00 1.00 1.00 1.00 1.00 1.00 1.00 1.00 1.00 1.00 1.00 0.00 1.00 1.00 0.00 1.00 1.00 0.00 1.00 1.00 1.00 1.00
[2026-06-08T05:57:03Z] [INFO] [viz-debug] col_max: 1.00 1.00 1.00 1.00 1.00 1.00 1.00 1.00 1.00 1.00 1.00 0.00 1.00 1.00 0.00 1.00 1.00 0.00 1.00 1.00 1.00 1.00 1.00 1.00 1.00
[2026-06-08T05:57:04Z] [INFO] [viz-debug] col_max: 1.00 1.00 1.00 1.00 1.00 1.00 1.00 0.00 1.00 1.00 0.00 1.00 1.00 0.00 1.00 1.00 1.00 1.00 1.00 1.00 1.00 1.00 1.00 0.00 1.00
[2026-06-08T05:57:04Z] [INFO] [viz-debug] col_max: 1.00 1.00 1.00 1.00 0.00 1.00 1.00 0.00 1.00 1.00 0.00 1.00 1.00 1.00 1.00 1.00 1.00 1.00 1.00 1.00 0.00 1.00 1.00 0.00 1.00
[2026-06-08T05:57:05Z] [INFO] [viz-debug] col_max: 1.00 0.00 1.00 1.00 0.00 1.00 1.00 0.00 1.00 1.00 1.00 1.00 1.00 1.00 1.00 1.00 1.00 0.00 1.00 1.00 0.00 1.00 1.00 1.00 1.00
[2026-06-08T05:57:05Z] [INFO] [viz-debug] col_max: 1.00 0.00 1.00 1.00 0.00 1.00 1.00 1.00 1.00 1.00 1.00 1.00 1.00 1.00 0.00 1.00 1.00 0.00 1.00 1.00 1.00 1.00 1.00 1.00 1.00
[2026-06-08T05:57:06Z] [INFO] [viz-debug] col_max: 1.00 0.00 1.00 1.00 1.00 1.00 1.00 1.00 1.00 1.00 1.00 0.00 1.00 1.00 0.00 1.00 1.00 1.00 1.00 1.00 1.00 1.00 1.00 1.00 1.00
[2026-06-08T05:57:06Z] [INFO] [viz-debug] col_max: 1.00 1.00 1.00 1.00 1.00 1.00 1.00 1.00 0.00 1.00 1.00 0.00 1.00 1.00 1.00 1.00 1.00 1.00 1.00 1.00 1.00 1.00 1.00 0.98 0.48
[2026-06-08T05:57:07Z] [INFO] [viz-debug] col_max: 1.00 1.00 1.00 1.00 0.00 1.00 1.00 0.00 1.00 1.00 1.00 1.00 1.00 1.00 1.00 1.00 1.00 1.00 1.00 0.98 0.48 1.00 1.00 0.00 1.00
[2026-06-08T05:57:07Z] [INFO] [viz-debug] col_max: 1.00 0.00 1.00 1.00 0.00 1.00 1.00 1.00 1.00 1.00 1.00 1.00 1.00 1.00 1.00 1.00 0.98 0.48 1.00 1.00 0.00 1.00 1.00 0.54 1.00
[2026-06-08T05:57:08Z] [INFO] [viz-debug] col_max: 1.00 0.00 1.00 1.00 1.00 1.00 1.00 1.00 1.00 1.00 1.00 1.00 1.00 0.98 0.48 1.00 1.00 0.00 1.00 1.00 0.54 1.00 1.00 1.00 1.00
[2026-06-08T05:57:08Z] [INFO] [viz-debug] col_max: 1.00 1.00 1.00 1.00 1.00 1.00 1.00 1.00 1.00 1.00 0.98 0.48 1.00 1.00 0.00 1.00 1.00 0.54 1.00 1.00 1.00 1.00 1.00 1.00 1.00
[2026-06-08T05:57:09Z] [INFO] [viz-debug] col_max: 1.00 1.00 1.00 1.00 1.00 1.00 1.00 0.98 0.48 1.00 1.00 0.00 1.00 1.00 0.54 1.00 1.00 1.00 1.00 1.00 1.00 1.00 1.00 1.00 1.00
[2026-06-08T05:57:09Z] [INFO] [viz-debug] col_max: 1.00 1.00 1.00 1.00 0.98 0.48 1.00 1.00 0.00 1.00 1.00 0.54 1.00 1.00 1.00 1.00 1.00 1.00 1.00 1.00 1.00 1.00 1.00 1.00 0.78
[2026-06-08T05:57:10Z] [INFO] [viz-debug] col_max: 1.00 0.98 0.48 1.00 1.00 0.00 1.00 1.00 0.54 1.00 1.00 1.00 1.00 1.00 1.00 1.00 1.00 1.00 1.00 1.00 1.00 0.78 1.00 1.00 0.00
[2026-06-08T05:57:10Z] [INFO] [viz-debug] col_max: 1.00 1.00 0.00 1.00 1.00 0.54 1.00 1.00 1.00 1.00 1.00 1.00 1.00 1.00 1.00 1.00 1.00 1.00 0.78 1.00 1.00 0.00 1.00 1.00 0.00
[2026-06-08T05:57:11Z] [INFO] [viz-debug] col_max: 1.00 0.54 1.00 1.00 1.00 1.00 1.00 1.00 1.00 1.00 1.00 1.00 1.00 1.00 0.78 1.00 1.00 0.00 1.00 1.00 0.00 1.00 1.00 0.00 1.00
[2026-06-08T05:57:11Z] [INFO] [viz-debug] col_max: 1.00 1.00 1.00 1.00 1.00 1.00 1.00 1.00 1.00 1.00 1.00 0.78 1.00 1.00 0.00 1.00 1.00 0.00 1.00 1.00 0.00 1.00 1.00 0.98 1.00
[2026-06-08T05:57:12Z] [INFO] [viz-debug] col_max: 1.00 1.00 1.00 1.00 1.00 1.00 1.00 1.00 0.78 1.00 1.00 0.00 1.00 1.00 0.00 1.00 1.00 0.00 1.00 1.00 0.98 1.00 1.00 1.00 1.00
[2026-06-08T05:57:12Z] [INFO] [viz-debug] col_max: 1.00 1.00 1.00 1.00 1.00 0.78 1.00 1.00 0.00 1.00 1.00 0.00 1.00 1.00 0.00 1.00 1.00 0.98 1.00 1.00 1.00 1.00 1.00 1.00 1.00
[2026-06-08T05:57:13Z] [INFO] [viz-debug] col_max: 1.00 0.78 1.00 1.00 0.00 1.00 1.00 0.00 1.00 1.00 0.00 1.00 1.00 0.98 1.00 1.00 1.00 1.00 1.00 1.00 1.00 1.00 1.00 0.00 1.00
[2026-06-08T05:57:13Z] [INFO] [viz-debug] col_max: 1.00 0.00 1.00 1.00 0.00 1.00 1.00 0.00 1.00 1.00 0.98 1.00 1.00 1.00 1.00 1.00 1.00 1.00 1.00 1.00 0.00 1.00 1.00 0.00 1.00
[2026-06-08T05:57:14Z] [INFO] [viz-debug] col_max: 1.00 0.00 1.00 1.00 0.00 1.00 1.00 0.98 1.00 1.00 1.00 1.00 1.00 1.00 1.00 1.00 1.00 0.00 1.00 1.00 0.00 1.00 1.00 1.00 1.00
[2026-06-08T05:57:14Z] [INFO] [viz-debug] col_max: 1.00 0.00 1.00 1.00 0.98 1.00 1.00 1.00 1.00 1.00 1.00 1.00 1.00 1.00 0.00 1.00 1.00 0.00 1.00 1.00 1.00 1.00 1.00 1.00 1.00
[2026-06-08T05:57:15Z] [INFO] [viz-debug] col_max: 1.00 0.98 1.00 1.00 1.00 1.00 1.00 1.00 1.00 1.00 1.00 0.00 1.00 1.00 0.00 1.00 1.00 1.00 1.00 1.00 1.00 1.00 1.00 1.00 1.00
[2026-06-08T05:57:15Z] [INFO] [viz-debug] col_max: 1.00 1.00 1.00 1.00 1.00 1.00 1.00 0.00 1.00 1.00 0.00 1.00 1.00 1.00 1.00 1.00 1.00 1.00 1.00 1.00 1.00 1.00 1.00 0.00 1.00
[2026-06-08T05:57:16Z] [INFO] [viz-debug] col_max: 1.00 1.00 1.00 1.00 0.00 1.00 1.00 0.00 1.00 1.00 1.00 1.00 1.00 1.00 1.00 1.00 1.00 1.00 1.00 1.00 0.00 1.00 1.00 0.00 1.00
[2026-06-08T05:57:16Z] [INFO] [viz-debug] col_max: 1.00 0.00 1.00 1.00 0.00 1.00 1.00 1.00 1.00 1.00 1.00 1.00 1.00 1.00 1.00 1.00 1.00 0.00 1.00 1.00 0.00 1.00 1.00 1.00 1.00
[2026-06-08T05:57:17Z] [INFO] [viz-debug] col_max: 1.00 0.00 1.00 1.00 1.00 1.00 1.00 1.00 1.00 1.00 1.00 1.00 1.00 1.00 0.00 1.00 1.00 0.00 1.00 1.00 1.00 1.00 1.00 1.00 1.00
[2026-06-08T05:57:18Z] [INFO] [viz-debug] col_max: 1.00 1.00 1.00 1.00 1.00 1.00 1.00 1.00 1.00 1.00 1.00 0.00 1.00 1.00 0.00 1.00 1.00 1.00 1.00 1.00 1.00 1.00 1.00 0.00 1.00
[2026-06-08T05:57:18Z] [INFO] [viz-debug] col_max: 1.00 1.00 1.00 1.00 1.00 1.00 1.00 1.00 0.00 1.00 1.00 0.00 1.00 1.00 1.00 1.00 1.00 1.00 1.00 1.00 0.00 1.00 1.00 0.95 1.00
[2026-06-08T05:57:19Z] [INFO] [viz-debug] col_max: 1.00 1.00 1.00 1.00 1.00 0.00 1.00 1.00 0.00 1.00 1.00 1.00 1.00 1.00 1.00 1.00 1.00 0.00 1.00 1.00 0.95 1.00 1.00 1.00 1.00
[2026-06-08T05:57:19Z] [INFO] [viz-debug] col_max: 1.00 1.00 0.00 1.00 1.00 0.00 1.00 1.00 1.00 1.00 1.00 1.00 1.00 1.00 0.00 1.00 1.00 0.95 1.00 1.00 1.00 1.00 1.00 1.00 0.00
[2026-06-08T05:57:20Z] [INFO] [viz-debug] col_max: 1.00 0.00 1.00 1.00 1.00 1.00 1.00 1.00 1.00 1.00 0.00 1.00 1.00 0.95 1.00 1.00 1.00 1.00 1.00 1.00 0.00 1.00 1.00 0.00 1.00
[2026-06-08T05:57:20Z] [INFO] [viz-debug] col_max: 1.00 1.00 1.00 1.00 1.00 1.00 1.00 0.00 1.00 1.00 0.95 1.00 1.00 1.00 1.00 1.00 1.00 0.00 1.00 1.00 0.00 1.00 0.92 0.00 0.86
[2026-06-08T05:57:20Z] [INFO] [viz-debug] col_max: 1.00 1.00 1.00 1.00 0.00 1.00 1.00 0.95 1.00 1.00 1.00 1.00 1.00 1.00 0.00 1.00 1.00 0.00 1.00 0.92 0.00 0.86 0.91 0.54 0.95
[2026-06-08T05:57:21Z] [INFO] [viz-debug] col_max: 1.00 0.00 1.00 1.00 0.95 1.00 1.00 1.00 1.00 1.00 1.00 0.00 1.00 1.00 0.00 1.00 0.92 0.00 0.86 0.91 0.54 0.95 0.93 0.87 0.86
[2026-06-08T05:57:22Z] [INFO] [viz-debug] col_max: 1.00 0.95 1.00 1.00 1.00 1.00 1.00 1.00 0.00 1.00 1.00 0.00 1.00 0.92 0.00 0.86 0.91 0.54 0.95 0.93 0.87 0.86 0.86 0.86 0.88
[2026-06-08T05:57:22Z] [INFO] [viz-debug] col_max: 1.00 1.00 1.00 1.00 0.00 1.00 1.00 0.00 1.00 0.92 0.00 0.86 0.91 0.54 0.95 0.93 0.87 0.86 0.86 0.86 0.88 0.89 0.85 0.00 0.80
[2026-06-08T05:57:23Z] [INFO] [viz-debug] col_max: 1.00 0.00 1.00 1.00 0.00 1.00 0.92 0.00 0.86 0.91 0.54 0.95 0.93 0.87 0.86 0.86 0.86 0.88 0.89 0.85 0.00 0.80 0.77 0.00 0.75
[2026-06-08T05:57:23Z] [INFO] [viz-debug] col_max: 1.00 0.00 1.00 0.92 0.00 0.86 0.91 0.54 0.95 0.93 0.87 0.86 0.86 0.86 0.88 0.89 0.85 0.00 0.80 0.77 0.00 0.75 0.77 0.37 0.78
[2026-06-08T05:57:24Z] [INFO] [viz-debug] col_max: 0.92 0.00 0.86 0.91 0.54 0.95 0.93 0.87 0.86 0.86 0.86 0.88 0.89 0.85 0.00 0.80 0.77 0.00 0.75 0.77 0.37 0.78 0.72 0.68 0.68
[2026-06-08T05:57:24Z] [INFO] [viz-debug] col_max: 0.91 0.54 0.95 0.93 0.87 0.86 0.86 0.86 0.88 0.89 0.85 0.00 0.80 0.77 0.00 0.75 0.77 0.37 0.78 0.72 0.68 0.68 0.66 0.00 0.66
[2026-06-08T05:57:25Z] [INFO] [viz-debug] col_max: 0.93 0.87 0.86 0.86 0.86 0.88 0.89 0.85 0.00 0.80 0.77 0.00 0.75 0.77 0.37 0.78 0.72 0.68 0.68 0.66 0.00 0.66 0.95 0.00 1.00
[2026-06-08T05:57:25Z] [INFO] [viz-debug] col_max: 0.86 0.86 0.88 0.89 0.85 0.00 0.80 0.77 0.00 0.75 0.77 0.37 0.78 0.72 0.68 0.68 0.66 0.00 0.66 0.95 0.00 1.00 1.00 1.00 1.00
[2026-06-08T05:57:26Z] [INFO] [viz-debug] col_max: 0.88 0.89 0.85 0.00 0.80 0.77 0.00 0.75 0.77 0.37 0.78 0.72 0.68 0.68 0.66 0.00 0.66 0.95 0.00 1.00 1.00 1.00 1.00 1.00 1.00
[2026-06-08T05:57:26Z] [INFO] [viz-debug] col_max: 0.80 0.77 0.00 0.75 0.77 0.37 0.78 0.72 0.68 0.68 0.66 0.00 0.66 0.95 0.00 1.00 1.00 1.00 1.00 1.00 1.00 1.00 1.00 0.00 1.00
[2026-06-08T05:57:27Z] [INFO] [viz-debug] col_max: 0.75 0.77 0.37 0.78 0.72 0.68 0.68 0.66 0.00 0.66 0.95 0.00 1.00 1.00 1.00 1.00 1.00 1.00 1.00 1.00 0.00 1.00 1.00 0.00 1.00
[2026-06-08T05:57:27Z] [INFO] [viz-debug] col_max: 0.78 0.72 0.68 0.68 0.66 0.00 0.66 0.95 0.00 1.00 1.00 1.00 1.00 1.00 1.00 1.00 1.00 0.00 1.00 1.00 0.00 1.00 1.00 1.00 1.00
[2026-06-08T05:57:28Z] [INFO] [viz-debug] col_max: 0.68 0.66 0.00 0.66 0.95 0.00 1.00 1.00 1.00 1.00 1.00 1.00 1.00 1.00 0.00 1.00 1.00 0.00 1.00 1.00 1.00 1.00 1.00 1.00 1.00
[2026-06-08T05:57:28Z] [INFO] [viz-debug] col_max: 0.66 0.95 0.00 1.00 1.00 1.00 1.00 1.00 1.00 1.00 1.00 0.00 1.00 1.00 0.00 1.00 1.00 1.00 1.00 1.00 1.00 1.00 1.00 1.00 1.00
[2026-06-08T05:57:29Z] [INFO] [viz-debug] col_max: 1.00 1.00 1.00 1.00 1.00 1.00 1.00 1.00 0.00 1.00 1.00 0.00 1.00 1.00 1.00 1.00 1.00 1.00 1.00 1.00 1.00 1.00 1.00 1.00 0.00
[2026-06-08T05:57:29Z] [INFO] [viz-debug] col_max: 1.00 1.00 1.00 1.00 0.00 1.00 1.00 0.00 1.00 1.00 1.00 1.00 1.00 1.00 1.00 1.00 1.00 1.00 1.00 1.00 0.00 1.00 1.00 0.00 1.00
[2026-06-08T05:57:30Z] [INFO] [viz-debug] col_max: 1.00 0.00 1.00 1.00 0.00 1.00 1.00 1.00 1.00 1.00 1.00 1.00 1.00 1.00 1.00 1.00 1.00 0.00 1.00 1.00 0.00 1.00 1.00 0.00 1.00
[2026-06-08T05:57:30Z] [INFO] [viz-debug] col_max: 1.00 0.00 1.00 1.00 1.00 1.00 1.00 1.00 1.00 1.00 1.00 1.00 1.00 1.00 0.00 1.00 1.00 0.00 1.00 1.00 0.00 1.00 1.00 0.62 1.00
[2026-06-08T05:57:31Z] [INFO] [viz-debug] col_max: 1.00 1.00 1.00 1.00 1.00 1.00 1.00 1.00 1.00 1.00 1.00 0.00 1.00 1.00 0.00 1.00 1.00 0.00 1.00 1.00 0.62 1.00 1.00 1.00 1.00
[2026-06-08T05:57:31Z] [INFO] [viz-debug] col_max: 1.00 1.00 1.00 1.00 1.00 1.00 1.00 1.00 0.00 1.00 1.00 0.00 1.00 1.00 0.00 1.00 1.00 0.62 1.00 1.00 1.00 1.00 1.00 1.00 1.00
[2026-06-08T05:57:32Z] [INFO] [viz-debug] col_max: 1.00 1.00 1.00 1.00 0.00 1.00 1.00 0.00 1.00 1.00 0.00 1.00 1.00 0.62 1.00 1.00 1.00 1.00 1.00 1.00 1.00 1.00 1.00 1.00 1.00
[2026-06-08T05:57:32Z] [INFO] [viz-debug] col_max: 1.00 1.00 0.00 1.00 1.00 0.00 1.00 1.00 0.00 1.00 1.00 0.62 1.00 1.00 1.00 1.00 1.00 1.00 1.00 1.00 1.00 1.00 1.00 1.00 0.00
[2026-06-08T05:57:33Z] [INFO] [viz-debug] col_max: 1.00 0.00 1.00 1.00 0.00 1.00 1.00 0.62 1.00 1.00 1.00 1.00 1.00 1.00 1.00 1.00 1.00 1.00 1.00 1.00 0.00 1.00 1.00 0.00 1.00
[2026-06-08T05:57:33Z] [INFO] [viz-debug] col_max: 1.00 0.00 1.00 1.00 0.62 1.00 1.00 1.00 1.00 1.00 1.00 1.00 1.00 1.00 1.00 1.00 1.00 0.00 1.00 1.00 0.00 1.00 1.00 0.79 1.00
[2026-06-08T05:57:34Z] [INFO] [viz-debug] col_max: 1.00 0.62 1.00 1.00 1.00 1.00 1.00 1.00 1.00 1.00 1.00 1.00 1.00 1.00 0.00 1.00 1.00 0.00 1.00 1.00 0.79 1.00 1.00 1.00 1.00
[2026-06-08T05:57:34Z] [INFO] [viz-debug] col_max: 1.00 1.00 1.00 1.00 1.00 1.00 1.00 1.00 1.00 1.00 1.00 0.00 1.00 1.00 0.00 1.00 1.00 0.79 1.00 1.00 1.00 1.00 1.00 1.00 1.00
[2026-06-08T05:57:35Z] [INFO] [viz-debug] col_max: 1.00 1.00 1.00 1.00 1.00 1.00 1.00 1.00 0.00 1.00 1.00 0.00 1.00 1.00 0.79 1.00 1.00 1.00 1.00 1.00 1.00 1.00 1.00 1.00 1.00
[2026-06-08T05:57:35Z] [INFO] [viz-debug] col_max: 1.00 1.00 1.00 1.00 1.00 0.00 1.00 1.00 0.00 1.00 1.00 0.79 1.00 1.00 1.00 1.00 1.00 1.00 1.00 1.00 1.00 1.00 1.00 1.00 1.00
[2026-06-08T05:57:36Z] [INFO] [viz-debug] col_max: 1.00 0.00 1.00 1.00 0.00 1.00 1.00 0.79 1.00 1.00 1.00 1.00 1.00 1.00 1.00 1.00 1.00 1.00 1.00 1.00 1.00 1.00 1.00 0.00 1.00
[2026-06-08T05:57:36Z] [INFO] [viz-debug] col_max: 1.00 0.00 1.00 1.00 0.79 1.00 1.00 1.00 1.00 1.00 1.00 1.00 1.00 1.00 1.00 1.00 1.00 1.00 1.00 1.00 0.00 1.00 1.00 0.00 1.00
[2026-06-08T05:57:37Z] [INFO] [viz-debug] col_max: 1.00 0.79 1.00 1.00 1.00 1.00 1.00 1.00 1.00 1.00 1.00 1.00 1.00 1.00 1.00 1.00 1.00 0.00 1.00 1.00 0.00 1.00 1.00 1.00 1.00
[2026-06-08T05:57:37Z] [INFO] [viz-debug] col_max: 1.00 1.00 1.00 1.00 1.00 1.00 1.00 1.00 1.00 1.00 1.00 1.00 1.00 1.00 0.00 1.00 1.00 0.00 1.00 1.00 1.00 1.00 1.00 1.00 1.00
[2026-06-08T05:57:38Z] [INFO] [viz-debug] col_max: 1.00 1.00 1.00 1.00 1.00 1.00 1.00 1.00 1.00 1.00 1.00 0.00 1.00 1.00 0.00 1.00 1.00 1.00 1.00 1.00 1.00 1.00 1.00 1.00 1.00
[2026-06-08T05:57:38Z] [INFO] [viz-debug] col_max: 1.00 1.00 1.00 1.00 1.00 1.00 1.00 0.00 1.00 1.00 0.00 1.00 1.00 1.00 1.00 1.00 1.00 1.00 1.00 1.00 1.00 1.00 1.00 0.00 1.00
[2026-06-08T05:57:39Z] [INFO] [viz-debug] col_max: 1.00 1.00 1.00 1.00 0.00 1.00 1.00 0.00 1.00 1.00 1.00 1.00 1.00 1.00 1.00 1.00 1.00 1.00 1.00 1.00 0.00 1.00 1.00 0.00 1.00
[2026-06-08T05:57:39Z] [INFO] [viz-debug] col_max: 1.00 0.00 1.00 1.00 0.00 1.00 1.00 1.00 1.00 1.00 1.00 1.00 1.00 1.00 1.00 1.00 1.00 0.00 1.00 1.00 0.00 1.00 1.00 1.00 1.00
[2026-06-08T05:57:40Z] [INFO] [viz-debug] col_max: 1.00 0.00 1.00 1.00 1.00 1.00 1.00 1.00 1.00 1.00 1.00 1.00 1.00 1.00 0.00 1.00 1.00 0.00 1.00 1.00 1.00 1.00 1.00 1.00 1.00
[2026-06-08T05:57:40Z] [INFO] [viz-debug] col_max: 1.00 1.00 1.00 1.00 1.00 1.00 1.00 1.00 1.00 1.00 1.00 0.00 1.00 1.00 0.00 1.00 1.00 1.00 1.00 1.00 1.00 1.00 1.00 1.00 1.00
[2026-06-08T05:57:41Z] [INFO] [viz-debug] col_max: 1.00 1.00 1.00 1.00 1.00 1.00 1.00 1.00 0.00 1.00 1.00 0.00 1.00 1.00 1.00 1.00 1.00 1.00 1.00 1.00 1.00 1.00 1.00 1.00 0.00
[2026-06-08T05:57:41Z] [INFO] [viz-debug] col_max: 1.00 1.00 1.00 1.00 0.00 1.00 1.00 0.00 1.00 1.00 1.00 1.00 1.00 1.00 1.00 1.00 1.00 1.00 1.00 1.00 0.00 1.00 1.00 0.00 1.00
[2026-06-08T05:57:42Z] [INFO] [viz-debug] col_max: 1.00 0.00 1.00 1.00 0.00 1.00 1.00 1.00 1.00 1.00 1.00 1.00 1.00 1.00 1.00 1.00 1.00 0.00 1.00 1.00 0.00 1.00 1.00 0.00 1.00
[2026-06-08T05:57:42Z] [INFO] [viz-debug] col_max: 1.00 0.00 1.00 1.00 1.00 1.00 1.00 1.00 1.00 1.00 1.00 1.00 1.00 1.00 0.00 1.00 1.00 0.00 1.00 1.00 0.00 1.00 1.00 1.00 1.00
[2026-06-08T05:57:43Z] [INFO] [viz-debug] col_max: 1.00 1.00 1.00 1.00 1.00 1.00 1.00 1.00 1.00 1.00 1.00 0.00 1.00 1.00 0.00 1.00 1.00 0.00 1.00 1.00 1.00 1.00 1.00 1.00 1.00
[2026-06-08T05:57:43Z] [INFO] [viz-debug] col_max: 1.00 1.00 1.00 1.00 1.00 1.00 1.00 1.00 0.00 1.00 1.00 0.00 1.00 1.00 0.00 1.00 1.00 1.00 1.00 1.00 1.00 1.00 1.00 1.00 1.00
[2026-06-08T05:57:44Z] [INFO] [viz-debug] col_max: 1.00 1.00 1.00 1.00 0.00 1.00 1.00 0.00 1.00 1.00 0.00 1.00 1.00 1.00 1.00 1.00 1.00 1.00 1.00 1.00 1.00 1.00 1.00 0.00 1.00
[2026-06-08T05:57:44Z] [INFO] [viz-debug] col_max: 1.00 0.00 1.00 1.00 0.00 1.00 1.00 0.00 1.00 1.00 1.00 1.00 1.00 1.00 1.00 1.00 1.00 1.00 1.00 1.00 0.00 1.00 1.00 0.00 1.00
[2026-06-08T05:57:45Z] [INFO] [viz-debug] col_max: 1.00 0.00 1.00 1.00 0.00 1.00 1.00 1.00 1.00 1.00 1.00 1.00 1.00 1.00 1.00 1.00 1.00 0.00 1.00 1.00 0.00 1.00 1.00 1.00 1.00
[2026-06-08T05:57:45Z] [INFO] [viz-debug] col_max: 1.00 0.00 1.00 1.00 1.00 1.00 1.00 1.00 1.00 1.00 1.00 1.00 1.00 1.00 0.00 1.00 1.00 0.00 1.00 1.00 1.00 1.00 1.00 1.00 1.00
[2026-06-08T05:57:46Z] [INFO] [viz-debug] col_max: 1.00 1.00 1.00 1.00 1.00 1.00 1.00 1.00 1.00 1.00 1.00 0.00 1.00 1.00 0.00 1.00 1.00 1.00 1.00 1.00 1.00 1.00 1.00 1.00 1.00
[2026-06-08T05:57:46Z] [INFO] [viz-debug] col_max: 1.00 1.00 1.00 1.00 1.00 1.00 1.00 1.00 0.00 1.00 1.00 0.00 1.00 1.00 1.00 1.00 1.00 1.00 1.00 1.00 1.00 1.00 1.00 1.00 0.72
[2026-06-08T05:57:47Z] [INFO] [viz-debug] col_max: 1.00 1.00 1.00 1.00 0.00 1.00 1.00 0.00 1.00 1.00 1.00 1.00 1.00 1.00 1.00 1.00 1.00 1.00 1.00 1.00 0.72 1.00 1.00 0.00 1.00
[2026-06-08T05:57:47Z] [INFO] [viz-debug] col_max: 1.00 0.00 1.00 1.00 0.00 1.00 1.00 1.00 1.00 1.00 1.00 1.00 1.00 1.00 1.00 1.00 1.00 0.72 1.00 1.00 0.00 1.00 1.00 0.00 1.00
[2026-06-08T05:57:48Z] [INFO] [viz-debug] col_max: 1.00 0.00 1.00 1.00 1.00 1.00 1.00 1.00 1.00 1.00 1.00 1.00 1.00 1.00 0.72 1.00 1.00 0.00 1.00 1.00 0.00 1.00 1.00 1.00 1.00
[2026-06-08T05:57:48Z] [INFO] [viz-debug] col_max: 1.00 1.00 1.00 1.00 1.00 1.00 1.00 1.00 1.00 1.00 1.00 0.72 1.00 1.00 0.00 1.00 1.00 0.00 1.00 1.00 1.00 1.00 1.00 1.00 1.00
[2026-06-08T05:57:49Z] [INFO] [viz-debug] col_max: 1.00 1.00 1.00 1.00 1.00 1.00 1.00 1.00 0.72 1.00 1.00 0.00 1.00 1.00 0.00 1.00 1.00 1.00 1.00 1.00 1.00 1.00 1.00 1.00 1.00
[2026-06-08T05:57:49Z] [INFO] [viz-debug] col_max: 1.00 1.00 1.00 1.00 1.00 0.72 1.00 1.00 0.00 1.00 1.00 0.00 1.00 1.00 1.00 1.00 1.00 1.00 1.00 1.00 1.00 1.00 1.00 1.00 0.00
[2026-06-08T05:57:50Z] [INFO] [viz-debug] col_max: 1.00 0.72 1.00 1.00 0.00 1.00 1.00 0.00 1.00 1.00 1.00 1.00 1.00 1.00 1.00 1.00 1.00 1.00 1.00 1.00 0.00 1.00 1.00 0.00 1.00
[2026-06-08T05:57:50Z] [INFO] [viz-debug] col_max: 1.00 0.00 1.00 1.00 0.00 1.00 1.00 1.00 1.00 1.00 1.00 1.00 1.00 1.00 1.00 1.00 1.00 0.00 1.00 1.00 0.00 1.00 1.00 0.00 1.00
[2026-06-08T05:57:51Z] [INFO] [viz-debug] col_max: 1.00 0.00 1.00 1.00 1.00 1.00 1.00 1.00 1.00 1.00 1.00 1.00 1.00 1.00 0.00 1.00 1.00 0.00 1.00 1.00 0.00 1.00 1.00 1.00 1.00
[2026-06-08T05:57:51Z] [INFO] [viz-debug] col_max: 1.00 1.00 1.00 1.00 1.00 1.00 1.00 1.00 1.00 1.00 1.00 0.00 1.00 1.00 0.00 1.00 1.00 0.00 1.00 1.00 1.00 1.00 1.00 1.00 1.00
[2026-06-08T05:57:52Z] [INFO] [viz-debug] col_max: 1.00 1.00 1.00 1.00 1.00 1.00 1.00 1.00 0.00 1.00 1.00 0.00 1.00 1.00 0.00 1.00 1.00 1.00 1.00 1.00 1.00 1.00 1.00 1.00 1.00
[2026-06-08T05:57:53Z] [INFO] [viz-debug] col_max: 1.00 1.00 1.00 1.00 1.00 0.00 1.00 1.00 0.00 1.00 1.00 0.00 1.00 1.00 1.00 1.00 1.00 1.00 1.00 1.00 1.00 1.00 1.00 1.00 0.88
[2026-06-08T05:57:53Z] [INFO] [viz-debug] col_max: 1.00 0.00 1.00 1.00 0.00 1.00 1.00 0.00 1.00 1.00 1.00 1.00 1.00 1.00 1.00 1.00 1.00 1.00 1.00 1.00 0.88 1.00 1.00 0.00 1.00
[2026-06-08T05:57:54Z] [INFO] [viz-debug] col_max: 1.00 0.00 1.00 1.00 0.00 1.00 1.00 1.00 1.00 1.00 1.00 1.00 1.00 1.00 1.00 1.00 1.00 0.88 1.00 1.00 0.00 1.00 1.00 0.00 1.00
[2026-06-08T05:57:54Z] [INFO] [viz-debug] col_max: 1.00 0.00 1.00 1.00 1.00 1.00 1.00 1.00 1.00 1.00 1.00 1.00 1.00 1.00 0.88 1.00 1.00 0.00 1.00 1.00 0.00 1.00 1.00 1.00 1.00
[2026-06-08T05:57:55Z] [INFO] [viz-debug] col_max: 1.00 1.00 1.00 1.00 1.00 1.00 1.00 1.00 1.00 1.00 1.00 0.88 1.00 1.00 0.00 1.00 1.00 0.00 1.00 1.00 1.00 1.00 1.00 1.00 1.00
[2026-06-08T05:57:55Z] [INFO] [viz-debug] col_max: 1.00 1.00 1.00 1.00 1.00 1.00 1.00 0.88 1.00 1.00 0.00 1.00 1.00 0.00 1.00 1.00 1.00 1.00 1.00 1.00 1.00 1.00 1.00 0.00 1.00
[2026-06-08T05:57:56Z] [INFO] [viz-debug] col_max: 1.00 1.00 1.00 1.00 0.88 1.00 1.00 0.00 1.00 1.00 0.00 1.00 1.00 1.00 1.00 1.00 1.00 1.00 1.00 1.00 0.00 1.00 1.00 0.00 1.00
[2026-06-08T05:57:56Z] [INFO] [viz-debug] col_max: 1.00 0.88 1.00 1.00 0.00 1.00 1.00 0.00 1.00 1.00 1.00 1.00 1.00 1.00 1.00 1.00 1.00 0.00 1.00 1.00 0.00 1.00 1.00 1.00 1.00
[2026-06-08T05:57:57Z] [INFO] [viz-debug] col_max: 0.00 1.00 1.00 0.00 1.00 1.00 1.00 1.00 1.00 1.00 1.00 1.00 1.00 0.00 1.00 1.00 0.00 1.00 1.00 1.00 1.00 1.00 1.00 0.92 1.00
[2026-06-08T05:57:57Z] [INFO] [viz-debug] col_max: 0.00 1.00 1.00 1.00 1.00 1.00 1.00 1.00 1.00 1.00 0.00 1.00 1.00 0.00 1.00 1.00 1.00 1.00 1.00 1.00 0.92 1.00 1.00 0.00 1.00
[2026-06-08T05:57:58Z] [INFO] [viz-debug] col_max: 1.00 1.00 1.00 1.00 1.00 1.00 1.00 0.00 1.00 1.00 0.00 1.00 1.00 1.00 1.00 1.00 1.00 0.92 1.00 1.00 0.00 1.00 1.00 0.00 1.00
[2026-06-08T05:57:58Z] [INFO] [viz-debug] col_max: 1.00 1.00 1.00 1.00 0.00 1.00 1.00 0.00 1.00 1.00 1.00 1.00 1.00 1.00 0.92 1.00 1.00 0.00 1.00 1.00 0.00 1.00 1.00 0.83 1.00
[2026-06-08T05:57:59Z] [INFO] [viz-debug] col_max: 1.00 1.00 0.00 1.00 1.00 0.00 1.00 1.00 1.00 1.00 1.00 1.00 0.92 1.00 1.00 0.00 1.00 1.00 0.00 1.00 1.00 0.83 1.00 1.00 1.00
[2026-06-08T05:57:59Z] [INFO] [viz-debug] col_max: 1.00 0.00 1.00 1.00 1.00 1.00 1.00 1.00 0.92 1.00 1.00 0.00 1.00 1.00 0.00 1.00 1.00 0.83 1.00 1.00 1.00 1.00 1.00 0.00 1.00
[2026-06-08T05:58:00Z] [INFO] [viz-debug] col_max: 1.00 1.00 1.00 1.00 1.00 0.92 1.00 1.00 0.00 1.00 1.00 0.00 1.00 1.00 0.83 1.00 1.00 1.00 1.00 1.00 0.00 1.00 1.00 0.64 1.00
[2026-06-08T05:58:00Z] [INFO] [viz-debug] col_max: 1.00 1.00 0.92 1.00 1.00 0.00 1.00 1.00 0.00 1.00 1.00 0.83 1.00 1.00 1.00 1.00 1.00 0.00 1.00 1.00 0.64 1.00 1.00 1.00 1.00
[2026-06-08T05:58:01Z] [INFO] [viz-debug] col_max: 0.92 1.00 1.00 0.00 1.00 1.00 0.00 1.00 1.00 0.83 1.00 1.00 1.00 1.00 1.00 0.00 1.00 1.00 0.64 1.00 1.00 1.00 1.00 1.00 1.00
[2026-06-08T05:58:01Z] [INFO] [viz-debug] col_max: 1.00 1.00 0.00 1.00 1.00 0.83 1.00 1.00 1.00 1.00 1.00 0.00 1.00 1.00 0.64 1.00 1.00 1.00 1.00 1.00 1.00 1.00 1.00 0.00 1.00
[2026-06-08T05:58:02Z] [INFO] [viz-debug] col_max: 1.00 1.00 0.83 1.00 1.00 1.00 1.00 1.00 0.00 1.00 1.00 0.64 1.00 1.00 1.00 1.00 1.00 1.00 1.00 1.00 0.00 1.00 1.00 0.34 1.00
[2026-06-08T05:58:02Z] [INFO] [viz-debug] col_max: 0.83 1.00 1.00 1.00 1.00 1.00 0.00 1.00 1.00 0.64 1.00 1.00 1.00 1.00 1.00 1.00 1.00 1.00 0.00 1.00 1.00 0.34 1.00 1.00 1.00
[2026-06-08T05:58:03Z] [INFO] [viz-debug] col_max: 1.00 1.00 0.00 1.00 1.00 0.64 1.00 1.00 1.00 1.00 1.00 1.00 1.00 1.00 0.00 1.00 1.00 0.34 1.00 1.00 1.00 1.00 1.00 0.00 1.00
[2026-06-08T05:58:03Z] [INFO] [viz-debug] col_max: 1.00 1.00 0.64 1.00 1.00 1.00 1.00 1.00 1.00 1.00 1.00 0.00 1.00 1.00 0.34 1.00 1.00 1.00 1.00 1.00 0.00 1.00 1.00 0.00 1.00
[2026-06-08T05:58:04Z] [INFO] [viz-debug] col_max: 1.00 1.00 1.00 1.00 1.00 1.00 1.00 1.00 0.00 1.00 1.00 0.34 1.00 1.00 1.00 1.00 1.00 0.00 1.00 1.00 0.00 1.00 1.00 1.00 1.00
[2026-06-08T05:58:04Z] [INFO] [viz-debug] col_max: 1.00 1.00 1.00 1.00 1.00 0.00 1.00 1.00 0.34 1.00 1.00 1.00 1.00 1.00 0.00 1.00 1.00 0.00 1.00 1.00 1.00 1.00 1.00 1.00 1.00
[2026-06-08T05:58:05Z] [INFO] [viz-debug] col_max: 1.00 1.00 0.00 1.00 1.00 0.34 1.00 1.00 1.00 1.00 1.00 0.00 1.00 1.00 0.00 1.00 1.00 1.00 1.00 1.00 1.00 1.00 1.00 1.00 1.00
[2026-06-08T05:58:05Z] [INFO] [viz-debug] col_max: 1.00 0.34 1.00 1.00 1.00 1.00 1.00 0.00 1.00 1.00 0.00 1.00 1.00 1.00 1.00 1.00 1.00 1.00 1.00 1.00 1.00 1.00 1.00 0.00 1.00
[2026-06-08T05:58:06Z] [INFO] [viz-debug] col_max: 1.00 1.00 1.00 1.00 0.00 1.00 1.00 0.00 1.00 1.00 1.00 1.00 1.00 1.00 1.00 1.00 1.00 1.00 1.00 1.00 0.00 1.00 1.00 0.00 1.00
[2026-06-08T05:58:06Z] [INFO] [viz-debug] col_max: 1.00 0.00 1.00 1.00 0.00 1.00 1.00 1.00 1.00 1.00 1.00 1.00 1.00 1.00 1.00 1.00 1.00 0.00 1.00 1.00 0.00 1.00 1.00 0.58 1.00
[2026-06-08T05:58:07Z] [INFO] [viz-debug] col_max: 1.00 0.00 1.00 1.00 1.00 1.00 1.00 1.00 1.00 1.00 1.00 1.00 1.00 1.00 0.00 1.00 1.00 0.00 1.00 1.00 0.58 1.00 1.00 1.00 1.00
[2026-06-08T05:58:07Z] [INFO] [viz-debug] col_max: 1.00 1.00 1.00 1.00 1.00 1.00 1.00 1.00 1.00 1.00 1.00 0.00 1.00 1.00 0.00 1.00 1.00 0.58 1.00 1.00 1.00 1.00 1.00 1.00 1.00
[2026-06-08T05:58:08Z] [INFO] [viz-debug] col_max: 1.00 1.00 1.00 1.00 1.00 1.00 1.00 1.00 0.00 1.00 1.00 0.00 1.00 1.00 0.58 1.00 1.00 1.00 1.00 1.00 1.00 1.00 1.00 1.00 0.00
[2026-06-08T05:58:08Z] [INFO] [viz-debug] col_max: 1.00 1.00 1.00 1.00 0.00 1.00 1.00 0.00 1.00 1.00 0.58 1.00 1.00 1.00 1.00 1.00 1.00 1.00 1.00 1.00 0.00 1.00 1.00 0.00 1.00
[2026-06-08T05:58:09Z] [INFO] [viz-debug] col_max: 1.00 0.00 1.00 1.00 0.00 1.00 1.00 0.58 1.00 1.00 1.00 1.00 1.00 1.00 1.00 1.00 1.00 0.00 1.00 1.00 0.00 1.00 1.00 0.00 1.00
[2026-06-08T05:58:09Z] [INFO] [viz-debug] col_max: 1.00 0.00 1.00 1.00 0.58 1.00 1.00 1.00 1.00 1.00 1.00 1.00 1.00 1.00 0.00 1.00 1.00 0.00 1.00 1.00 0.00 1.00 1.00 1.00 1.00
[2026-06-08T05:58:10Z] [INFO] [viz-debug] col_max: 1.00 0.58 1.00 1.00 1.00 1.00 1.00 1.00 1.00 1.00 1.00 0.00 1.00 1.00 0.00 1.00 1.00 0.00 1.00 1.00 1.00 1.00 1.00 1.00 1.00
[2026-06-08T05:58:10Z] [INFO] [viz-debug] col_max: 1.00 1.00 1.00 1.00 1.00 1.00 1.00 1.00 0.00 1.00 1.00 0.00 1.00 1.00 0.00 1.00 1.00 1.00 1.00 1.00 1.00 1.00 1.00 1.00 1.00
[2026-06-08T05:58:11Z] [INFO] [viz-debug] col_max: 1.00 1.00 1.00 1.00 1.00 0.00 1.00 1.00 0.00 1.00 1.00 0.00 1.00 1.00 1.00 1.00 1.00 1.00 1.00 1.00 1.00 1.00 1.00 1.00 1.00
[2026-06-08T05:58:11Z] [INFO] [viz-debug] col_max: 1.00 1.00 0.00 1.00 1.00 0.00 1.00 1.00 0.00 1.00 1.00 1.00 1.00 1.00 1.00 1.00 1.00 1.00 1.00 1.00 1.00 1.00 1.00 1.00 0.00
[2026-06-08T05:58:12Z] [INFO] [viz-debug] col_max: 1.00 0.00 1.00 1.00 0.00 1.00 1.00 1.00 1.00 1.00 1.00 1.00 1.00 1.00 1.00 1.00 1.00 1.00 1.00 1.00 0.00 1.00 1.00 0.00 1.00
[2026-06-08T05:58:12Z] [INFO] [viz-debug] col_max: 1.00 0.00 1.00 1.00 1.00 1.00 1.00 1.00 1.00 1.00 1.00 1.00 1.00 1.00 1.00 1.00 1.00 0.00 1.00 1.00 0.00 1.00 1.00 0.00 1.00
[2026-06-08T05:58:13Z] [INFO] [viz-debug] col_max: 1.00 1.00 1.00 1.00 1.00 1.00 1.00 1.00 1.00 1.00 1.00 1.00 1.00 1.00 0.00 1.00 1.00 0.00 1.00 1.00 0.00 1.00 1.00 1.00 1.00
[2026-06-08T05:58:13Z] [INFO] [viz-debug] col_max: 1.00 1.00 1.00 1.00 1.00 1.00 1.00 1.00 1.00 1.00 1.00 0.00 1.00 1.00 0.00 1.00 1.00 0.00 1.00 1.00 1.00 1.00 1.00 1.00 1.00
[2026-06-08T05:58:14Z] [INFO] [viz-debug] col_max: 1.00 1.00 1.00 1.00 1.00 1.00 1.00 1.00 0.00 1.00 1.00 0.00 1.00 1.00 0.00 1.00 1.00 1.00 1.00 1.00 1.00 1.00 1.00 1.00 1.00
[2026-06-08T05:58:14Z] [INFO] [viz-debug] col_max: 1.00 1.00 1.00 1.00 0.00 1.00 1.00 0.00 1.00 1.00 0.00 1.00 1.00 1.00 1.00 1.00 1.00 1.00 1.00 1.00 1.00 1.00 1.00 0.00 1.00
[2026-06-08T05:58:15Z] [INFO] [viz-debug] col_max: 1.00 0.00 1.00 1.00 0.00 1.00 1.00 0.00 1.00 1.00 1.00 1.00 1.00 1.00 1.00 1.00 1.00 1.00 1.00 1.00 0.00 1.00 1.00 0.00 1.00
[2026-06-08T05:58:15Z] [INFO] [viz-debug] col_max: 1.00 0.00 1.00 1.00 0.00 1.00 1.00 1.00 1.00 1.00 1.00 1.00 1.00 1.00 1.00 1.00 1.00 0.00 1.00 1.00 0.00 1.00 1.00 1.00 1.00
[2026-06-08T05:58:16Z] [INFO] [viz-debug] col_max: 1.00 0.00 1.00 1.00 1.00 1.00 1.00 1.00 1.00 1.00 1.00 1.00 1.00 1.00 0.00 1.00 1.00 0.00 1.00 1.00 1.00 1.00 1.00 1.00 1.00
[2026-06-08T05:58:16Z] [INFO] [viz-debug] col_max: 1.00 1.00 1.00 1.00 1.00 1.00 1.00 1.00 1.00 1.00 1.00 0.00 1.00 1.00 0.00 1.00 1.00 1.00 1.00 1.00 1.00 1.00 1.00 1.00 1.00
[2026-06-08T05:58:17Z] [INFO] [viz-debug] col_max: 1.00 1.00 1.00 1.00 1.00 1.00 1.00 0.00 1.00 1.00 0.00 1.00 1.00 1.00 1.00 1.00 1.00 1.00 1.00 1.00 1.00 1.00 1.00 0.00 1.00
[2026-06-08T05:58:17Z] [INFO] [viz-debug] col_max: 1.00 1.00 1.00 1.00 0.00 1.00 1.00 0.00 1.00 1.00 1.00 1.00 1.00 1.00 1.00 1.00 1.00 1.00 1.00 1.00 0.00 1.00 1.00 0.00 1.00
[2026-06-08T05:58:18Z] [INFO] [viz-debug] col_max: 1.00 0.00 1.00 1.00 0.00 1.00 1.00 1.00 1.00 1.00 1.00 1.00 1.00 1.00 1.00 1.00 1.00 0.00 1.00 1.00 0.00 1.00 1.00 1.00 1.00
[2026-06-08T05:58:18Z] [INFO] [viz-debug] col_max: 1.00 0.00 1.00 1.00 1.00 1.00 1.00 1.00 1.00 1.00 1.00 1.00 1.00 1.00 0.00 1.00 1.00 0.00 1.00 1.00 1.00 1.00 1.00 1.00 1.00
[2026-06-08T05:58:19Z] [INFO] [viz-debug] col_max: 1.00 1.00 1.00 1.00 1.00 1.00 1.00 1.00 1.00 1.00 1.00 0.00 1.00 1.00 0.00 1.00 1.00 1.00 1.00 1.00 1.00 1.00 1.00 1.00 1.00
[2026-06-08T05:58:20Z] [INFO] [viz-debug] col_max: 1.00 1.00 1.00 1.00 1.00 1.00 1.00 0.00 1.00 1.00 0.00 1.00 1.00 1.00 1.00 1.00 1.00 1.00 1.00 1.00 1.00 1.00 1.00 0.00 1.00
[2026-06-08T05:58:20Z] [INFO] [viz-debug] col_max: 1.00 1.00 1.00 1.00 1.00 0.00 1.00 1.00 0.00 1.00 1.00 1.00 1.00 1.00 1.00 1.00 1.00 1.00 1.00 1.00 1.00 0.00 1.00 1.00 0.00
[2026-06-08T05:58:21Z] [INFO] [viz-debug] col_max: 1.00 0.00 1.00 1.00 0.00 1.00 1.00 1.00 1.00 1.00 1.00 1.00 1.00 1.00 1.00 1.00 1.00 0.00 1.00 1.00 0.00 1.00 1.00 0.00 1.00
[2026-06-08T05:58:21Z] [INFO] [viz-debug] col_max: 1.00 0.00 1.00 1.00 1.00 1.00 1.00 1.00 1.00 1.00 1.00 1.00 1.00 1.00 0.00 1.00 1.00 0.00 1.00 1.00 0.00 1.00 1.00 1.00 1.00
[2026-06-08T05:58:22Z] [INFO] [viz-debug] col_max: 1.00 1.00 1.00 1.00 1.00 1.00 1.00 1.00 1.00 1.00 1.00 0.00 1.00 1.00 0.00 1.00 1.00 0.00 1.00 1.00 1.00 1.00 1.00 1.00 1.00
[2026-06-08T05:58:22Z] [INFO] [viz-debug] col_max: 1.00 1.00 1.00 1.00 1.00 1.00 1.00 1.00 0.00 1.00 1.00 0.00 1.00 1.00 0.00 1.00 1.00 1.00 1.00 1.00 1.00 1.00 1.00 1.00 1.00
[2026-06-08T05:58:23Z] [INFO] [viz-debug] col_max: 1.00 1.00 1.00 1.00 0.00 1.00 1.00 0.00 1.00 1.00 0.00 1.00 1.00 1.00 1.00 1.00 1.00 1.00 1.00 1.00 1.00 1.00 1.00 0.00 1.00
[2026-06-08T05:58:23Z] [INFO] [viz-debug] col_max: 1.00 0.00 1.00 1.00 0.00 1.00 1.00 0.00 1.00 1.00 1.00 1.00 1.00 1.00 1.00 1.00 1.00 1.00 1.00 1.00 0.00 1.00 1.00 0.00 1.00
[2026-06-08T05:58:24Z] [INFO] [viz-debug] col_max: 1.00 0.00 1.00 1.00 0.00 1.00 1.00 1.00 1.00 1.00 1.00 1.00 1.00 1.00 1.00 1.00 1.00 0.00 1.00 1.00 0.00 1.00 1.00 1.00 1.00
[2026-06-08T05:58:24Z] [INFO] [viz-debug] col_max: 1.00 0.00 1.00 1.00 1.00 1.00 1.00 1.00 1.00 1.00 1.00 1.00 1.00 1.00 0.00 1.00 1.00 0.00 1.00 1.00 1.00 1.00 1.00 1.00 1.00
[2026-06-08T05:58:25Z] [INFO] [viz-debug] col_max: 1.00 1.00 1.00 1.00 1.00 1.00 1.00 1.00 1.00 1.00 1.00 0.00 1.00 1.00 0.00 1.00 1.00 1.00 1.00 1.00 1.00 1.00 1.00 1.00 1.00
[2026-06-08T05:58:25Z] [INFO] [viz-debug] col_max: 1.00 1.00 1.00 1.00 1.00 1.00 1.00 1.00 0.00 1.00 1.00 0.00 1.00 1.00 1.00 1.00 1.00 1.00 1.00 1.00 1.00 1.00 1.00 1.00 0.00
[2026-06-08T05:58:26Z] [INFO] [viz-debug] col_max: 1.00 1.00 1.00 1.00 0.00 1.00 1.00 0.00 1.00 1.00 1.00 1.00 1.00 1.00 1.00 1.00 1.00 1.00 1.00 1.00 0.00 1.00 1.00 0.00 1.00
[2026-06-08T05:58:26Z] [INFO] [viz-debug] col_max: 1.00 0.00 1.00 1.00 0.00 1.00 1.00 1.00 1.00 1.00 1.00 1.00 1.00 1.00 1.00 1.00 1.00 0.00 1.00 1.00 0.00 1.00 1.00 0.00 1.00
[2026-06-08T05:58:27Z] [INFO] [viz-debug] col_max: 1.00 0.00 1.00 1.00 1.00 1.00 1.00 1.00 1.00 1.00 1.00 1.00 1.00 1.00 0.00 1.00 1.00 0.00 1.00 1.00 0.00 1.00 1.00 1.00 1.00
[2026-06-08T05:58:27Z] [INFO] [viz-debug] col_max: 1.00 1.00 1.00 1.00 1.00 1.00 1.00 1.00 1.00 1.00 1.00 0.00 1.00 1.00 0.00 1.00 1.00 0.00 1.00 1.00 1.00 1.00 1.00 1.00 1.00
[2026-06-08T05:58:28Z] [INFO] [viz-debug] col_max: 1.00 1.00 1.00 1.00 1.00 1.00 1.00 1.00 0.00 1.00 1.00 0.00 1.00 1.00 0.00 1.00 1.00 1.00 1.00 1.00 1.00 1.00 1.00 1.00 1.00
[2026-06-08T05:58:28Z] [INFO] [viz-debug] col_max: 1.00 1.00 1.00 1.00 1.00 0.00 1.00 1.00 0.00 1.00 1.00 0.00 1.00 1.00 1.00 1.00 1.00 1.00 1.00 1.00 1.00 1.00 1.00 1.00 0.91
[2026-06-08T05:58:29Z] [INFO] [viz-debug] col_max: 1.00 0.00 1.00 1.00 0.00 1.00 1.00 0.00 1.00 1.00 1.00 1.00 1.00 1.00 1.00 1.00 1.00 1.00 1.00 1.00 0.91 1.00 1.00 0.00 1.00
[2026-06-08T05:58:29Z] [INFO] [viz-debug] col_max: 1.00 0.00 1.00 1.00 0.00 1.00 1.00 1.00 1.00 1.00 1.00 1.00 1.00 1.00 1.00 1.00 1.00 0.91 1.00 1.00 0.00 1.00 1.00 0.00 1.00
[2026-06-08T05:58:30Z] [INFO] [viz-debug] col_max: 1.00 0.00 1.00 1.00 1.00 1.00 1.00 1.00 1.00 1.00 1.00 1.00 1.00 1.00 0.91 1.00 1.00 0.00 1.00 1.00 0.00 1.00 1.00 1.00 1.00
[2026-06-08T05:58:30Z] [INFO] [viz-debug] col_max: 1.00 1.00 1.00 1.00 1.00 1.00 1.00 1.00 1.00 1.00 1.00 0.91 1.00 1.00 0.00 1.00 1.00 0.00 1.00 1.00 1.00 1.00 1.00 1.00 1.00
[2026-06-08T05:58:31Z] [INFO] [viz-debug] col_max: 1.00 1.00 1.00 1.00 1.00 1.00 1.00 1.00 0.91 1.00 1.00 0.00 1.00 1.00 0.00 1.00 1.00 1.00 1.00 1.00 1.00 1.00 1.00 1.00 1.00
[2026-06-08T05:58:31Z] [INFO] [viz-debug] col_max: 1.00 1.00 1.00 1.00 1.00 0.91 1.00 1.00 0.00 1.00 1.00 0.00 1.00 1.00 1.00 1.00 1.00 1.00 1.00 1.00 1.00 1.00 1.00 1.00 1.00
[2026-06-08T05:58:32Z] [INFO] [viz-debug] col_max: 1.00 1.00 0.91 1.00 1.00 0.00 1.00 1.00 0.00 1.00 1.00 1.00 1.00 1.00 1.00 1.00 1.00 1.00 1.00 1.00 1.00 1.00 1.00 1.00 0.00
[2026-06-08T05:58:32Z] [INFO] [viz-debug] col_max: 1.00 0.00 1.00 1.00 0.00 1.00 1.00 1.00 1.00 1.00 1.00 1.00 1.00 1.00 1.00 1.00 1.00 1.00 1.00 1.00 0.00 1.00 1.00 0.00 1.00
[2026-06-08T05:58:33Z] [INFO] [viz-debug] col_max: 1.00 0.00 1.00 1.00 1.00 1.00 1.00 1.00 1.00 1.00 1.00 1.00 1.00 1.00 1.00 1.00 1.00 0.00 1.00 1.00 0.00 1.00 1.00 0.00 1.00
[2026-06-08T05:58:33Z] [INFO] [viz-debug] col_max: 1.00 1.00 1.00 1.00 1.00 1.00 1.00 1.00 1.00 1.00 1.00 1.00 1.00 1.00 0.00 1.00 1.00 0.00 1.00 1.00 0.00 1.00 1.00 1.00 1.00
[2026-06-08T05:58:34Z] [INFO] [viz-debug] col_max: 1.00 1.00 1.00 1.00 1.00 1.00 1.00 1.00 1.00 1.00 1.00 0.00 1.00 1.00 0.00 1.00 1.00 0.00 1.00 1.00 1.00 1.00 1.00 1.00 1.00
[2026-06-08T05:58:34Z] [INFO] [viz-debug] col_max: 1.00 1.00 1.00 1.00 1.00 1.00 1.00 0.00 1.00 1.00 0.00 1.00 1.00 0.00 1.00 1.00 1.00 1.00 1.00 1.00 1.00 1.00 1.00 0.98 1.00
[2026-06-08T05:58:35Z] [INFO] [viz-debug] col_max: 1.00 1.00 1.00 1.00 0.00 1.00 1.00 0.00 1.00 1.00 0.00 1.00 1.00 1.00 1.00 1.00 1.00 1.00 1.00 1.00 0.98 1.00 1.00 0.00 1.00
[2026-06-08T05:58:35Z] [INFO] [viz-debug] col_max: 1.00 0.00 1.00 1.00 0.00 1.00 1.00 0.00 1.00 1.00 1.00 1.00 1.00 1.00 1.00 1.00 1.00 0.98 1.00 1.00 0.00 1.00 1.00 0.00 1.00
[2026-06-08T05:58:36Z] [INFO] [viz-debug] col_max: 1.00 0.00 1.00 1.00 0.00 1.00 1.00 1.00 1.00 1.00 1.00 1.00 1.00 1.00 0.98 1.00 1.00 0.00 1.00 1.00 0.00 1.00 1.00 0.00 1.00
[2026-06-08T05:58:36Z] [INFO] [viz-debug] col_max: 1.00 0.00 1.00 1.00 1.00 1.00 1.00 1.00 1.00 1.00 1.00 0.98 1.00 1.00 0.00 1.00 1.00 0.00 1.00 1.00 0.00 1.00 1.00 0.99 1.00
[2026-06-08T05:58:37Z] [INFO] [viz-debug] col_max: 1.00 1.00 1.00 1.00 1.00 1.00 1.00 1.00 0.98 1.00 1.00 0.00 1.00 1.00 0.00 1.00 1.00 0.00 1.00 1.00 0.99 1.00 1.00 1.00 1.00
[2026-06-08T05:58:37Z] [INFO] [viz-debug] col_max: 1.00 1.00 1.00 1.00 1.00 0.98 1.00 1.00 0.00 1.00 1.00 0.00 1.00 1.00 0.00 1.00 1.00 0.99 1.00 1.00 1.00 1.00 1.00 1.00 1.00
[2026-06-08T05:58:38Z] [INFO] [viz-debug] col_max: 1.00 0.98 1.00 1.00 0.00 1.00 1.00 0.00 1.00 1.00 0.00 1.00 1.00 0.99 1.00 1.00 1.00 1.00 1.00 1.00 1.00 1.00 1.00 0.00 1.00
[2026-06-08T05:58:38Z] [INFO] [viz-debug] col_max: 1.00 0.00 1.00 1.00 0.00 1.00 1.00 0.00 1.00 1.00 0.99 1.00 1.00 1.00 1.00 1.00 1.00 1.00 1.00 1.00 0.00 1.00 1.00 1.00 1.00
[2026-06-08T05:58:39Z] [INFO] [viz-debug] col_max: 0.00 1.00 1.00 0.00 1.00 1.00 0.99 1.00 1.00 1.00 1.00 1.00 1.00 1.00 1.00 1.00 0.00 1.00 1.00 1.00 1.00 1.00 1.00 1.00 1.00
[2026-06-08T05:58:39Z] [INFO] [viz-debug] col_max: 0.00 1.00 1.00 0.99 1.00 1.00 1.00 1.00 1.00 1.00 1.00 1.00 1.00 0.00 1.00 1.00 1.00 1.00 1.00 1.00 1.00 1.00 1.00 0.00 1.00
[2026-06-08T05:58:40Z] [INFO] [viz-debug] col_max: 0.99 1.00 1.00 1.00 1.00 1.00 1.00 1.00 1.00 1.00 0.00 1.00 1.00 1.00 1.00 1.00 1.00 1.00 1.00 1.00 0.00 1.00 1.00 0.00 1.00
[2026-06-08T05:58:40Z] [INFO] [viz-debug] col_max: 1.00 1.00 1.00 1.00 1.00 1.00 1.00 0.00 1.00 1.00 1.00 1.00 1.00 1.00 1.00 1.00 1.00 0.00 1.00 1.00 0.00 1.00 1.00 0.00 1.00
[2026-06-08T05:58:41Z] [INFO] [viz-debug] col_max: 1.00 1.00 1.00 1.00 0.00 1.00 1.00 1.00 1.00 1.00 1.00 1.00 1.00 1.00 0.00 1.00 1.00 0.00 1.00 1.00 0.00 1.00 1.00 1.00 1.00
[2026-06-08T05:58:41Z] [INFO] [viz-debug] col_max: 1.00 0.00 1.00 1.00 1.00 1.00 1.00 1.00 1.00 1.00 1.00 0.00 1.00 1.00 0.00 1.00 1.00 0.00 1.00 1.00 1.00 1.00 1.00 1.00 1.00
[2026-06-08T05:58:42Z] [INFO] [viz-debug] col_max: 1.00 1.00 1.00 1.00 1.00 1.00 1.00 1.00 0.00 1.00 1.00 0.00 1.00 1.00 0.00 1.00 1.00 1.00 1.00 1.00 1.00 1.00 1.00 1.00 1.00
[2026-06-08T05:58:42Z] [INFO] [viz-debug] col_max: 1.00 1.00 1.00 1.00 1.00 0.00 1.00 1.00 0.00 1.00 1.00 0.00 1.00 1.00 1.00 1.00 1.00 1.00 1.00 1.00 1.00 1.00 1.00 1.00 1.00
[2026-06-08T05:58:43Z] [INFO] [viz-debug] col_max: 1.00 0.00 1.00 1.00 0.00 1.00 1.00 0.00 1.00 1.00 1.00 1.00 1.00 1.00 1.00 1.00 1.00 1.00 1.00 1.00 1.00 1.00 1.00 0.00 1.00
[2026-06-08T05:58:43Z] [INFO] [viz-debug] col_max: 1.00 0.00 1.00 1.00 0.00 1.00 1.00 1.00 1.00 1.00 1.00 1.00 1.00 1.00 1.00 1.00 1.00 1.00 1.00 1.00 0.00 1.00 1.00 0.00 1.00
[2026-06-08T05:58:44Z] [INFO] [viz-debug] col_max: 1.00 0.00 1.00 1.00 1.00 1.00 1.00 1.00 1.00 1.00 1.00 1.00 1.00 1.00 1.00 1.00 1.00 0.00 1.00 1.00 0.00 1.00 1.00 1.00 1.00
[2026-06-08T05:58:44Z] [INFO] [viz-debug] col_max: 1.00 1.00 1.00 1.00 1.00 1.00 1.00 1.00 1.00 1.00 1.00 1.00 1.00 0.00 1.00 1.00 0.00 1.00 1.00 1.00 1.00 1.00 1.00 1.00 1.00
[2026-06-08T05:58:45Z] [INFO] [viz-debug] col_max: 1.00 1.00 1.00 1.00 1.00 1.00 1.00 1.00 1.00 1.00 0.00 1.00 1.00 0.00 1.00 1.00 1.00 1.00 1.00 1.00 1.00 1.00 1.00 0.00 1.00
[2026-06-08T05:58:46Z] [INFO] detected 2 monitor(s): #0=3840x2160@(0,0)(primary), #1=2560x1600@(-2560,548)
[2026-06-08T05:58:46Z] [INFO] audio viz module loaded
[2026-06-08T05:58:46Z] [INFO] audio capture started
[2026-06-08T06:11:55Z] [INFO] detected 2 monitor(s): #0=3840x2160@(0,0)(primary), #1=2560x1600@(-2560,548)
[2026-06-08T06:11:55Z] [INFO] audio viz module loaded (spectrogram + stereo_eq)
[2026-06-08T06:11:56Z] [INFO] audio capture started
[2026-06-08T06:18:43Z] [INFO] detected 2 monitor(s): #0=3840x2160@(0,0)(primary), #1=2560x1600@(-2560,548)
[2026-06-08T06:18:44Z] [INFO] audio viz module loaded (spectrogram + stereo_eq)
[2026-06-08T06:18:44Z] [INFO] audio capture started
[2026-06-08T06:25:33Z] [INFO] detected 2 monitor(s): #0=3840x2160@(0,0)(primary), #1=2560x1600@(-2560,548)
[2026-06-08T06:25:33Z] [INFO] audio viz module loaded (spectrogram + stereo_eq)
[2026-06-08T06:25:34Z] [INFO] audio capture started
[2026-06-08T06:28:50Z] [INFO] detected 2 monitor(s): #0=3840x2160@(0,0)(primary), #1=2560x1600@(-2560,548)
[2026-06-08T06:28:51Z] [INFO] audio viz module loaded (spectrogram + stereo_eq)
[2026-06-08T06:28:51Z] [INFO] audio capture started
[2026-06-08T06:30:42Z] [INFO] detected 2 monitor(s): #0=3840x2160@(0,0)(primary), #1=2560x1600@(-2560,548)
[2026-06-08T06:30:42Z] [INFO] audio viz module loaded (spectrogram + stereo_eq)
[2026-06-08T06:30:42Z] [INFO] audio capture started
[2026-06-08T13:00:36Z] [INFO] detected 2 monitor(s): #0=3840x2160@(0,0)(primary), #1=2560x1600@(-2560,548)
[2026-06-08T13:00:36Z] [INFO] audio viz module loaded (spectrogram + stereo_eq)
[2026-06-08T13:00:37Z] [INFO] audio capture started
[2026-06-08T13:00:41Z] [WARN] audio log dump fail: [WinError 2] The system cannot find the file specified: 'D:\\Unity\\EmblemOfValor\\AgentCommands\\_screenstream\\_audio_log.npz.tmp' -> 'D:\\Unity\\EmblemOfValor\\AgentCommands\\_screenstream\\_audio_log.npz'
[2026-06-08T13:00:47Z] [WARN] audio log dump fail: [WinError 2] The system cannot find the file specified: 'D:\\Unity\\EmblemOfValor\\AgentCommands\\_screenstream\\_audio_log.npz.tmp' -> 'D:\\Unity\\EmblemOfValor\\AgentCommands\\_screenstream\\_audio_log.npz'
[2026-06-08T13:00:52Z] [WARN] audio log dump fail: [WinError 2] The system cannot find the file specified: 'D:\\Unity\\EmblemOfValor\\AgentCommands\\_screenstream\\_audio_log.npz.tmp' -> 'D:\\Unity\\EmblemOfValor\\AgentCommands\\_screenstream\\_audio_log.npz'
[2026-06-08T13:00:57Z] [WARN] audio log dump fail: [WinError 2] The system cannot find the file specified: 'D:\\Unity\\EmblemOfValor\\AgentCommands\\_screenstream\\_audio_log.npz.tmp' -> 'D:\\Unity\\EmblemOfValor\\AgentCommands\\_screenstream\\_audio_log.npz'
[2026-06-08T13:01:02Z] [WARN] audio log dump fail: [WinError 2] The system cannot find the file specified: 'D:\\Unity\\EmblemOfValor\\AgentCommands\\_screenstream\\_audio_log.npz.tmp' -> 'D:\\Unity\\EmblemOfValor\\AgentCommands\\_screenstream\\_audio_log.npz'
[2026-06-08T13:01:07Z] [WARN] audio log dump fail: [WinError 2] The system cannot find the file specified: 'D:\\Unity\\EmblemOfValor\\AgentCommands\\_screenstream\\_audio_log.npz.tmp' -> 'D:\\Unity\\EmblemOfValor\\AgentCommands\\_screenstream\\_audio_log.npz'
[2026-06-08T13:01:09Z] [INFO] detected 2 monitor(s): #0=3840x2160@(0,0)(primary), #1=2560x1600@(-2560,548)
[2026-06-08T13:01:09Z] [INFO] audio viz module loaded (spectrogram + stereo_eq)
[2026-06-08T13:01:10Z] [INFO] audio capture started
[2026-06-08T13:01:12Z] [WARN] audio log dump fail: [WinError 2] The system cannot find the file specified: 'D:\\Unity\\EmblemOfValor\\AgentCommands\\_screenstream\\_audio_log.npz.tmp' -> 'D:\\Unity\\EmblemOfValor\\AgentCommands\\_screenstream\\_audio_log.npz'
[2026-06-08T13:01:14Z] [WARN] audio log dump fail: [WinError 2] The system cannot find the file specified: 'D:\\Unity\\EmblemOfValor\\AgentCommands\\_screenstream\\_audio_log.npz.tmp' -> 'D:\\Unity\\EmblemOfValor\\AgentCommands\\_screenstream\\_audio_log.npz'
[2026-06-08T13:01:17Z] [WARN] audio log dump fail: [WinError 2] The system cannot find the file specified: 'D:\\Unity\\EmblemOfValor\\AgentCommands\\_screenstream\\_audio_log.npz.tmp' -> 'D:\\Unity\\EmblemOfValor\\AgentCommands\\_screenstream\\_audio_log.npz'
[2026-06-08T13:01:19Z] [WARN] audio log dump fail: [WinError 2] The system cannot find the file specified: 'D:\\Unity\\EmblemOfValor\\AgentCommands\\_screenstream\\_audio_log.npz.tmp' -> 'D:\\Unity\\EmblemOfValor\\AgentCommands\\_screenstream\\_audio_log.npz'
[2026-06-08T13:01:22Z] [WARN] audio log dump fail: [WinError 2] The system cannot find the file specified: 'D:\\Unity\\EmblemOfValor\\AgentCommands\\_screenstream\\_audio_log.npz.tmp' -> 'D:\\Unity\\EmblemOfValor\\AgentCommands\\_screenstream\\_audio_log.npz'
[2026-06-08T13:01:22Z] [WARN] audio log dump fail: [WinError 2] The system cannot find the file specified: 'D:\\Unity\\EmblemOfValor\\AgentCommands\\_screenstream\\_audio_log.npz.tmp' -> 'D:\\Unity\\EmblemOfValor\\AgentCommands\\_screenstream\\_audio_log.npz'
[2026-06-08T13:01:27Z] [WARN] audio log dump fail: [WinError 2] The system cannot find the file specified: 'D:\\Unity\\EmblemOfValor\\AgentCommands\\_screenstream\\_audio_log.npz.tmp' -> 'D:\\Unity\\EmblemOfValor\\AgentCommands\\_screenstream\\_audio_log.npz'
[2026-06-08T13:01:27Z] [WARN] audio log dump fail: [WinError 2] The system cannot find the file specified: 'D:\\Unity\\EmblemOfValor\\AgentCommands\\_screenstream\\_audio_log.npz.tmp' -> 'D:\\Unity\\EmblemOfValor\\AgentCommands\\_screenstream\\_audio_log.npz'
[2026-06-08T13:01:32Z] [WARN] audio log dump fail: [WinError 2] The system cannot find the file specified: 'D:\\Unity\\EmblemOfValor\\AgentCommands\\_screenstream\\_audio_log.npz.tmp' -> 'D:\\Unity\\EmblemOfValor\\AgentCommands\\_screenstream\\_audio_log.npz'
[2026-06-08T13:01:32Z] [WARN] audio log dump fail: [WinError 2] The system cannot find the file specified: 'D:\\Unity\\EmblemOfValor\\AgentCommands\\_screenstream\\_audio_log.npz.tmp' -> 'D:\\Unity\\EmblemOfValor\\AgentCommands\\_screenstream\\_audio_log.npz'
[2026-06-08T13:01:37Z] [WARN] audio log dump fail: [WinError 2] The system cannot find the file specified: 'D:\\Unity\\EmblemOfValor\\AgentCommands\\_screenstream\\_audio_log.npz.tmp' -> 'D:\\Unity\\EmblemOfValor\\AgentCommands\\_screenstream\\_audio_log.npz'
[2026-06-08T13:01:37Z] [WARN] audio log dump fail: [WinError 2] The system cannot find the file specified: 'D:\\Unity\\EmblemOfValor\\AgentCommands\\_screenstream\\_audio_log.npz.tmp' -> 'D:\\Unity\\EmblemOfValor\\AgentCommands\\_screenstream\\_audio_log.npz'
[2026-06-08T13:01:42Z] [WARN] audio log dump fail: [WinError 2] The system cannot find the file specified: 'D:\\Unity\\EmblemOfValor\\AgentCommands\\_screenstream\\_audio_log.npz.tmp' -> 'D:\\Unity\\EmblemOfValor\\AgentCommands\\_screenstream\\_audio_log.npz'
[2026-06-08T13:01:42Z] [WARN] audio log dump fail: [WinError 2] The system cannot find the file specified: 'D:\\Unity\\EmblemOfValor\\AgentCommands\\_screenstream\\_audio_log.npz.tmp' -> 'D:\\Unity\\EmblemOfValor\\AgentCommands\\_screenstream\\_audio_log.npz'
[2026-06-08T13:01:47Z] [WARN] audio log dump fail: [WinError 2] The system cannot find the file specified: 'D:\\Unity\\EmblemOfValor\\AgentCommands\\_screenstream\\_audio_log.npz.tmp' -> 'D:\\Unity\\EmblemOfValor\\AgentCommands\\_screenstream\\_audio_log.npz'
[2026-06-08T13:01:47Z] [WARN] audio log dump fail: [WinError 2] The system cannot find the file specified: 'D:\\Unity\\EmblemOfValor\\AgentCommands\\_screenstream\\_audio_log.npz.tmp' -> 'D:\\Unity\\EmblemOfValor\\AgentCommands\\_screenstream\\_audio_log.npz'
[2026-06-08T13:01:52Z] [WARN] audio log dump fail: [WinError 2] The system cannot find the file specified: 'D:\\Unity\\EmblemOfValor\\AgentCommands\\_screenstream\\_audio_log.npz.tmp' -> 'D:\\Unity\\EmblemOfValor\\AgentCommands\\_screenstream\\_audio_log.npz'
[2026-06-08T13:01:52Z] [WARN] audio log dump fail: [WinError 2] The system cannot find the file specified: 'D:\\Unity\\EmblemOfValor\\AgentCommands\\_screenstream\\_audio_log.npz.tmp' -> 'D:\\Unity\\EmblemOfValor\\AgentCommands\\_screenstream\\_audio_log.npz'
[2026-06-08T13:01:57Z] [WARN] audio log dump fail: [WinError 2] The system cannot find the file specified: 'D:\\Unity\\EmblemOfValor\\AgentCommands\\_screenstream\\_audio_log.npz.tmp' -> 'D:\\Unity\\EmblemOfValor\\AgentCommands\\_screenstream\\_audio_log.npz'
[2026-06-08T13:01:57Z] [WARN] audio log dump fail: [WinError 2] The system cannot find the file specified: 'D:\\Unity\\EmblemOfValor\\AgentCommands\\_screenstream\\_audio_log.npz.tmp' -> 'D:\\Unity\\EmblemOfValor\\AgentCommands\\_screenstream\\_audio_log.npz'
[2026-06-08T13:02:02Z] [WARN] audio log dump fail: [WinError 2] The system cannot find the file specified: 'D:\\Unity\\EmblemOfValor\\AgentCommands\\_screenstream\\_audio_log.npz.tmp' -> 'D:\\Unity\\EmblemOfValor\\AgentCommands\\_screenstream\\_audio_log.npz'
[2026-06-08T13:02:02Z] [WARN] audio log dump fail: [WinError 2] The system cannot find the file specified: 'D:\\Unity\\EmblemOfValor\\AgentCommands\\_screenstream\\_audio_log.npz.tmp' -> 'D:\\Unity\\EmblemOfValor\\AgentCommands\\_screenstream\\_audio_log.npz'
[2026-06-08T13:02:07Z] [WARN] audio log dump fail: [WinError 2] The system cannot find the file specified: 'D:\\Unity\\EmblemOfValor\\AgentCommands\\_screenstream\\_audio_log.npz.tmp' -> 'D:\\Unity\\EmblemOfValor\\AgentCommands\\_screenstream\\_audio_log.npz'
[2026-06-08T13:02:07Z] [WARN] audio log dump fail: [WinError 2] The system cannot find the file specified: 'D:\\Unity\\EmblemOfValor\\AgentCommands\\_screenstream\\_audio_log.npz.tmp' -> 'D:\\Unity\\EmblemOfValor\\AgentCommands\\_screenstream\\_audio_log.npz'
[2026-06-08T13:02:12Z] [WARN] audio log dump fail: [WinError 2] The system cannot find the file specified: 'D:\\Unity\\EmblemOfValor\\AgentCommands\\_screenstream\\_audio_log.npz.tmp' -> 'D:\\Unity\\EmblemOfValor\\AgentCommands\\_screenstream\\_audio_log.npz'
[2026-06-08T13:02:13Z] [WARN] audio log dump fail: [WinError 2] The system cannot find the file specified: 'D:\\Unity\\EmblemOfValor\\AgentCommands\\_screenstream\\_audio_log.npz.tmp' -> 'D:\\Unity\\EmblemOfValor\\AgentCommands\\_screenstream\\_audio_log.npz'
[2026-06-08T13:02:17Z] [WARN] audio log dump fail: [WinError 2] The system cannot find the file specified: 'D:\\Unity\\EmblemOfValor\\AgentCommands\\_screenstream\\_audio_log.npz.tmp' -> 'D:\\Unity\\EmblemOfValor\\AgentCommands\\_screenstream\\_audio_log.npz'
[2026-06-08T13:02:18Z] [WARN] audio log dump fail: [WinError 2] The system cannot find the file specified: 'D:\\Unity\\EmblemOfValor\\AgentCommands\\_screenstream\\_audio_log.npz.tmp' -> 'D:\\Unity\\EmblemOfValor\\AgentCommands\\_screenstream\\_audio_log.npz'
[2026-06-08T13:02:23Z] [WARN] audio log dump fail: [WinError 2] The system cannot find the file specified: 'D:\\Unity\\EmblemOfValor\\AgentCommands\\_screenstream\\_audio_log.npz.tmp' -> 'D:\\Unity\\EmblemOfValor\\AgentCommands\\_screenstream\\_audio_log.npz'
[2026-06-08T13:02:23Z] [WARN] audio log dump fail: [WinError 2] The system cannot find the file specified: 'D:\\Unity\\EmblemOfValor\\AgentCommands\\_screenstream\\_audio_log.npz.tmp' -> 'D:\\Unity\\EmblemOfValor\\AgentCommands\\_screenstream\\_audio_log.npz'
[2026-06-08T13:02:28Z] [WARN] audio log dump fail: [WinError 2] The system cannot find the file specified: 'D:\\Unity\\EmblemOfValor\\AgentCommands\\_screenstream\\_audio_log.npz.tmp' -> 'D:\\Unity\\EmblemOfValor\\AgentCommands\\_screenstream\\_audio_log.npz'
[2026-06-08T13:02:28Z] [WARN] audio log dump fail: [WinError 2] The system cannot find the file specified: 'D:\\Unity\\EmblemOfValor\\AgentCommands\\_screenstream\\_audio_log.npz.tmp' -> 'D:\\Unity\\EmblemOfValor\\AgentCommands\\_screenstream\\_audio_log.npz'
[2026-06-08T13:02:33Z] [WARN] audio log dump fail: [WinError 2] The system cannot find the file specified: 'D:\\Unity\\EmblemOfValor\\AgentCommands\\_screenstream\\_audio_log.npz.tmp' -> 'D:\\Unity\\EmblemOfValor\\AgentCommands\\_screenstream\\_audio_log.npz'
[2026-06-08T13:02:33Z] [WARN] audio log dump fail: [WinError 2] The system cannot find the file specified: 'D:\\Unity\\EmblemOfValor\\AgentCommands\\_screenstream\\_audio_log.npz.tmp' -> 'D:\\Unity\\EmblemOfValor\\AgentCommands\\_screenstream\\_audio_log.npz'
[2026-06-08T13:02:38Z] [WARN] audio log dump fail: [WinError 2] The system cannot find the file specified: 'D:\\Unity\\EmblemOfValor\\AgentCommands\\_screenstream\\_audio_log.npz.tmp' -> 'D:\\Unity\\EmblemOfValor\\AgentCommands\\_screenstream\\_audio_log.npz'
[2026-06-08T13:02:38Z] [WARN] audio log dump fail: [WinError 2] The system cannot find the file specified: 'D:\\Unity\\EmblemOfValor\\AgentCommands\\_screenstream\\_audio_log.npz.tmp' -> 'D:\\Unity\\EmblemOfValor\\AgentCommands\\_screenstream\\_audio_log.npz'
[2026-06-08T13:02:43Z] [WARN] audio log dump fail: [WinError 2] The system cannot find the file specified: 'D:\\Unity\\EmblemOfValor\\AgentCommands\\_screenstream\\_audio_log.npz.tmp' -> 'D:\\Unity\\EmblemOfValor\\AgentCommands\\_screenstream\\_audio_log.npz'
[2026-06-08T13:02:43Z] [WARN] audio log dump fail: [WinError 2] The system cannot find the file specified: 'D:\\Unity\\EmblemOfValor\\AgentCommands\\_screenstream\\_audio_log.npz.tmp' -> 'D:\\Unity\\EmblemOfValor\\AgentCommands\\_screenstream\\_audio_log.npz'
[2026-06-08T13:02:47Z] [INFO] detected 2 monitor(s): #0=3840x2160@(0,0)(primary), #1=2560x1600@(-2560,548)
[2026-06-08T13:02:47Z] [INFO] audio viz module loaded (spectrogram + stereo_eq)
[2026-06-08T13:02:48Z] [INFO] audio capture started
[2026-06-08T13:02:48Z] [WARN] audio log dump fail: [WinError 2] The system cannot find the file specified: 'D:\\Unity\\EmblemOfValor\\AgentCommands\\_screenstream\\_audio_log.npz.tmp' -> 'D:\\Unity\\EmblemOfValor\\AgentCommands\\_screenstream\\_audio_log.npz'
[2026-06-08T13:02:53Z] [WARN] audio log dump fail: [WinError 2] The system cannot find the file specified: 'D:\\Unity\\EmblemOfValor\\AgentCommands\\_screenstream\\_audio_log.npz.tmp' -> 'D:\\Unity\\EmblemOfValor\\AgentCommands\\_screenstream\\_audio_log.npz'
[2026-06-08T13:02:58Z] [WARN] audio log dump fail: [WinError 2] The system cannot find the file specified: 'D:\\Unity\\EmblemOfValor\\AgentCommands\\_screenstream\\_audio_log.npz.tmp' -> 'D:\\Unity\\EmblemOfValor\\AgentCommands\\_screenstream\\_audio_log.npz'
[2026-06-08T13:03:03Z] [WARN] audio log dump fail: [WinError 2] The system cannot find the file specified: 'D:\\Unity\\EmblemOfValor\\AgentCommands\\_screenstream\\_audio_log.npz.tmp' -> 'D:\\Unity\\EmblemOfValor\\AgentCommands\\_screenstream\\_audio_log.npz'
[2026-06-08T13:03:08Z] [WARN] audio log dump fail: [WinError 2] The system cannot find the file specified: 'D:\\Unity\\EmblemOfValor\\AgentCommands\\_screenstream\\_audio_log.npz.tmp' -> 'D:\\Unity\\EmblemOfValor\\AgentCommands\\_screenstream\\_audio_log.npz'
[2026-06-08T13:03:14Z] [WARN] audio log dump fail: [WinError 2] The system cannot find the file specified: 'D:\\Unity\\EmblemOfValor\\AgentCommands\\_screenstream\\_audio_log.npz.tmp' -> 'D:\\Unity\\EmblemOfValor\\AgentCommands\\_screenstream\\_audio_log.npz'
[2026-06-08T13:03:19Z] [WARN] audio log dump fail: [WinError 2] The system cannot find the file specified: 'D:\\Unity\\EmblemOfValor\\AgentCommands\\_screenstream\\_audio_log.npz.tmp' -> 'D:\\Unity\\EmblemOfValor\\AgentCommands\\_screenstream\\_audio_log.npz'
[2026-06-08T13:03:24Z] [WARN] audio log dump fail: [WinError 2] The system cannot find the file specified: 'D:\\Unity\\EmblemOfValor\\AgentCommands\\_screenstream\\_audio_log.npz.tmp' -> 'D:\\Unity\\EmblemOfValor\\AgentCommands\\_screenstream\\_audio_log.npz'
[2026-06-08T13:03:29Z] [WARN] audio log dump fail: [WinError 2] The system cannot find the file specified: 'D:\\Unity\\EmblemOfValor\\AgentCommands\\_screenstream\\_audio_log.npz.tmp' -> 'D:\\Unity\\EmblemOfValor\\AgentCommands\\_screenstream\\_audio_log.npz'
[2026-06-08T13:03:34Z] [WARN] audio log dump fail: [WinError 2] The system cannot find the file specified: 'D:\\Unity\\EmblemOfValor\\AgentCommands\\_screenstream\\_audio_log.npz.tmp' -> 'D:\\Unity\\EmblemOfValor\\AgentCommands\\_screenstream\\_audio_log.npz'
[2026-06-08T13:03:39Z] [WARN] audio log dump fail: [WinError 2] The system cannot find the file specified: 'D:\\Unity\\EmblemOfValor\\AgentCommands\\_screenstream\\_audio_log.npz.tmp' -> 'D:\\Unity\\EmblemOfValor\\AgentCommands\\_screenstream\\_audio_log.npz'
[2026-06-08T13:03:44Z] [WARN] audio log dump fail: [WinError 2] The system cannot find the file specified: 'D:\\Unity\\EmblemOfValor\\AgentCommands\\_screenstream\\_audio_log.npz.tmp' -> 'D:\\Unity\\EmblemOfValor\\AgentCommands\\_screenstream\\_audio_log.npz'
[2026-06-08T13:03:49Z] [WARN] audio log dump fail: [WinError 2] The system cannot find the file specified: 'D:\\Unity\\EmblemOfValor\\AgentCommands\\_screenstream\\_audio_log.npz.tmp' -> 'D:\\Unity\\EmblemOfValor\\AgentCommands\\_screenstream\\_audio_log.npz'
[2026-06-08T13:03:54Z] [WARN] audio log dump fail: [WinError 2] The system cannot find the file specified: 'D:\\Unity\\EmblemOfValor\\AgentCommands\\_screenstream\\_audio_log.npz.tmp' -> 'D:\\Unity\\EmblemOfValor\\AgentCommands\\_screenstream\\_audio_log.npz'
[2026-06-08T13:03:59Z] [WARN] audio log dump fail: [WinError 2] The system cannot find the file specified: 'D:\\Unity\\EmblemOfValor\\AgentCommands\\_screenstream\\_audio_log.npz.tmp' -> 'D:\\Unity\\EmblemOfValor\\AgentCommands\\_screenstream\\_audio_log.npz'
[2026-06-08T13:04:04Z] [WARN] audio log dump fail: [WinError 2] The system cannot find the file specified: 'D:\\Unity\\EmblemOfValor\\AgentCommands\\_screenstream\\_audio_log.npz.tmp' -> 'D:\\Unity\\EmblemOfValor\\AgentCommands\\_screenstream\\_audio_log.npz'
[2026-06-08T13:04:09Z] [INFO] detected 2 monitor(s): #0=3840x2160@(0,0)(primary), #1=2560x1600@(-2560,548)
[2026-06-08T13:04:09Z] [INFO] audio viz module loaded (spectrogram + stereo_eq)
[2026-06-08T13:04:09Z] [INFO] audio capture started
[2026-06-08T13:05:00Z] [WARN] audio log dump fail: [WinError 32] The process cannot access the file because it is being used by another process: 'D:\\Unity\\EmblemOfValor\\AgentCommands\\_screenstream\\_audio_log.npz.tmp' -> 'D:\\Unity\\EmblemOfValor\\AgentCommands\\_screenstream\\_audio_log.npz'
[2026-06-08T13:05:05Z] [WARN] audio log dump fail: [WinError 32] The process cannot access the file because it is being used by another process: 'D:\\Unity\\EmblemOfValor\\AgentCommands\\_screenstream\\_audio_log.npz.tmp' -> 'D:\\Unity\\EmblemOfValor\\AgentCommands\\_screenstream\\_audio_log.npz'
[2026-06-08T13:05:51Z] [WARN] audio log dump fail: [WinError 32] The process cannot access the file because it is being used by another process: 'D:\\Unity\\EmblemOfValor\\AgentCommands\\_screenstream\\_audio_log.npz.tmp' -> 'D:\\Unity\\EmblemOfValor\\AgentCommands\\_screenstream\\_audio_log.npz'
[2026-06-08T13:05:53Z] [ERROR] capture fail (1): [WinError 32] The process cannot access the file because it is being used by another process: 'D:\\Unity\\EmblemOfValor\\AgentCommands\\_screenstream\\frames\\frame_0865.jpg.tmp' -> 'D:\\Unity\\EmblemOfValor\\AgentCommands\\_screenstream\\frames\\frame_0865.jpg'
[2026-06-08T13:06:06Z] [WARN] audio log dump fail: [WinError 32] The process cannot access the file because it is being used by another process: 'D:\\Unity\\EmblemOfValor\\AgentCommands\\_screenstream\\_audio_log.npz.tmp' -> 'D:\\Unity\\EmblemOfValor\\AgentCommands\\_screenstream\\_audio_log.npz'
[2026-06-08T13:07:22Z] [WARN] audio log dump fail: [WinError 32] The process cannot access the file because it is being used by another process: 'D:\\Unity\\EmblemOfValor\\AgentCommands\\_screenstream\\_audio_log.npz.tmp' -> 'D:\\Unity\\EmblemOfValor\\AgentCommands\\_screenstream\\_audio_log.npz'
[2026-06-08T13:08:03Z] [WARN] audio log dump fail: [WinError 32] The process cannot access the file because it is being used by another process: 'D:\\Unity\\EmblemOfValor\\AgentCommands\\_screenstream\\_audio_log.npz.tmp' -> 'D:\\Unity\\EmblemOfValor\\AgentCommands\\_screenstream\\_audio_log.npz'
[2026-06-08T13:09:48Z] [ERROR] capture fail (1): [WinError 5] Access is denied: 'D:\\Unity\\EmblemOfValor\\AgentCommands\\_screenstream\\frames\\frame_0126.jpg.tmp' -> 'D:\\Unity\\EmblemOfValor\\AgentCommands\\_screenstream\\frames\\frame_0126.jpg'
[2026-06-08T13:11:16Z] [WARN] audio log dump fail: [WinError 32] The process cannot access the file because it is being used by another process: 'D:\\Unity\\EmblemOfValor\\AgentCommands\\_screenstream\\_audio_log.npz.tmp' -> 'D:\\Unity\\EmblemOfValor\\AgentCommands\\_screenstream\\_audio_log.npz'
[2026-06-08T13:11:32Z] [WARN] audio log dump fail: [WinError 32] The process cannot access the file because it is being used by another process: 'D:\\Unity\\EmblemOfValor\\AgentCommands\\_screenstream\\_audio_log.npz.tmp' -> 'D:\\Unity\\EmblemOfValor\\AgentCommands\\_screenstream\\_audio_log.npz'
[2026-06-08T13:11:37Z] [WARN] audio log dump fail: [WinError 32] The process cannot access the file because it is being used by another process: 'D:\\Unity\\EmblemOfValor\\AgentCommands\\_screenstream\\_audio_log.npz.tmp' -> 'D:\\Unity\\EmblemOfValor\\AgentCommands\\_screenstream\\_audio_log.npz'
[2026-06-08T13:12:02Z] [WARN] audio log dump fail: [WinError 32] The process cannot access the file because it is being used by another process: 'D:\\Unity\\EmblemOfValor\\AgentCommands\\_screenstream\\_audio_log.npz.tmp' -> 'D:\\Unity\\EmblemOfValor\\AgentCommands\\_screenstream\\_audio_log.npz'
[2026-06-08T13:12:18Z] [WARN] audio log dump fail: [WinError 32] The process cannot access the file because it is being used by another process: 'D:\\Unity\\EmblemOfValor\\AgentCommands\\_screenstream\\_audio_log.npz.tmp' -> 'D:\\Unity\\EmblemOfValor\\AgentCommands\\_screenstream\\_audio_log.npz'
[2026-06-08T13:12:23Z] [WARN] audio log dump fail: [WinError 32] The process cannot access the file because it is being used by another process: 'D:\\Unity\\EmblemOfValor\\AgentCommands\\_screenstream\\_audio_log.npz.tmp' -> 'D:\\Unity\\EmblemOfValor\\AgentCommands\\_screenstream\\_audio_log.npz'
[2026-06-08T13:15:01Z] [WARN] audio log dump fail: [WinError 32] The process cannot access the file because it is being used by another process: 'D:\\Unity\\EmblemOfValor\\AgentCommands\\_screenstream\\_audio_log.npz.tmp' -> 'D:\\Unity\\EmblemOfValor\\AgentCommands\\_screenstream\\_audio_log.npz'
[2026-06-08T13:15:21Z] [WARN] audio log dump fail: [WinError 32] The process cannot access the file because it is being used by another process: 'D:\\Unity\\EmblemOfValor\\AgentCommands\\_screenstream\\_audio_log.npz.tmp' -> 'D:\\Unity\\EmblemOfValor\\AgentCommands\\_screenstream\\_audio_log.npz'
[2026-06-08T13:15:26Z] [WARN] audio log dump fail: [WinError 32] The process cannot access the file because it is being used by another process: 'D:\\Unity\\EmblemOfValor\\AgentCommands\\_screenstream\\_audio_log.npz.tmp' -> 'D:\\Unity\\EmblemOfValor\\AgentCommands\\_screenstream\\_audio_log.npz'
[2026-06-08T13:15:37Z] [ERROR] capture fail (1): [WinError 5] Access is denied: 'D:\\Unity\\EmblemOfValor\\AgentCommands\\_screenstream\\frames\\frame_0812.jpg.tmp' -> 'D:\\Unity\\EmblemOfValor\\AgentCommands\\_screenstream\\frames\\frame_0812.jpg'
[2026-06-08T13:16:52Z] [WARN] audio log dump fail: [WinError 32] The process cannot access the file because it is being used by another process: 'D:\\Unity\\EmblemOfValor\\AgentCommands\\_screenstream\\_audio_log.npz.tmp' -> 'D:\\Unity\\EmblemOfValor\\AgentCommands\\_screenstream\\_audio_log.npz'
[2026-06-08T13:17:03Z] [WARN] audio log dump fail: [WinError 32] The process cannot access the file because it is being used by another process: 'D:\\Unity\\EmblemOfValor\\AgentCommands\\_screenstream\\_audio_log.npz.tmp' -> 'D:\\Unity\\EmblemOfValor\\AgentCommands\\_screenstream\\_audio_log.npz'
[2026-06-08T13:17:08Z] [WARN] audio log dump fail: [WinError 32] The process cannot access the file because it is being used by another process: 'D:\\Unity\\EmblemOfValor\\AgentCommands\\_screenstream\\_audio_log.npz.tmp' -> 'D:\\Unity\\EmblemOfValor\\AgentCommands\\_screenstream\\_audio_log.npz'
[2026-06-08T13:17:11Z] [ERROR] capture fail (1): [WinError 5] Access is denied: 'D:\\Unity\\EmblemOfValor\\AgentCommands\\_screenstream\\frames\\frame_0996.jpg.tmp' -> 'D:\\Unity\\EmblemOfValor\\AgentCommands\\_screenstream\\frames\\frame_0996.jpg'
[2026-06-08T13:17:59Z] [WARN] audio log dump fail: [WinError 32] The process cannot access the file because it is being used by another process: 'D:\\Unity\\EmblemOfValor\\AgentCommands\\_screenstream\\_audio_log.npz.tmp' -> 'D:\\Unity\\EmblemOfValor\\AgentCommands\\_screenstream\\_audio_log.npz'
[2026-06-08T13:18:09Z] [WARN] audio log dump fail: [WinError 32] The process cannot access the file because it is being used by another process: 'D:\\Unity\\EmblemOfValor\\AgentCommands\\_screenstream\\_audio_log.npz.tmp' -> 'D:\\Unity\\EmblemOfValor\\AgentCommands\\_screenstream\\_audio_log.npz'
[2026-06-08T13:18:10Z] [ERROR] capture fail (1): [WinError 5] Access is denied: 'D:\\Unity\\EmblemOfValor\\AgentCommands\\_screenstream\\frames\\frame_1112.jpg.tmp' -> 'D:\\Unity\\EmblemOfValor\\AgentCommands\\_screenstream\\frames\\frame_1112.jpg'
[2026-06-08T13:18:24Z] [WARN] audio log dump fail: [WinError 32] The process cannot access the file because it is being used by another process: 'D:\\Unity\\EmblemOfValor\\AgentCommands\\_screenstream\\_audio_log.npz.tmp' -> 'D:\\Unity\\EmblemOfValor\\AgentCommands\\_screenstream\\_audio_log.npz'
[2026-06-08T13:18:41Z] [ERROR] capture fail (1): [WinError 5] Access is denied: 'D:\\Unity\\EmblemOfValor\\AgentCommands\\_screenstream\\frames\\frame_1174.jpg.tmp' -> 'D:\\Unity\\EmblemOfValor\\AgentCommands\\_screenstream\\frames\\frame_1174.jpg'
[2026-06-08T13:18:55Z] [WARN] audio log dump fail: [WinError 32] The process cannot access the file because it is being used by another process: 'D:\\Unity\\EmblemOfValor\\AgentCommands\\_screenstream\\_audio_log.npz.tmp' -> 'D:\\Unity\\EmblemOfValor\\AgentCommands\\_screenstream\\_audio_log.npz'
[2026-06-08T13:19:34Z] [ERROR] capture fail (1): [WinError 5] Access is denied: 'D:\\Unity\\EmblemOfValor\\AgentCommands\\_screenstream\\frames\\frame_0078.jpg.tmp' -> 'D:\\Unity\\EmblemOfValor\\AgentCommands\\_screenstream\\frames\\frame_0078.jpg'
[2026-06-08T13:19:48Z] [ERROR] capture fail (1): [WinError 5] Access is denied: 'D:\\Unity\\EmblemOfValor\\AgentCommands\\_screenstream\\frames\\frame_0105.jpg.tmp' -> 'D:\\Unity\\EmblemOfValor\\AgentCommands\\_screenstream\\frames\\frame_0105.jpg'
[2026-06-08T13:24:10Z] [WARN] audio log dump fail: [WinError 32] The process cannot access the file because it is being used by another process: 'D:\\Unity\\EmblemOfValor\\AgentCommands\\_screenstream\\_audio_log.npz.tmp' -> 'D:\\Unity\\EmblemOfValor\\AgentCommands\\_screenstream\\_audio_log.npz'
[2026-06-08T13:24:28Z] [ERROR] capture fail (1): [WinError 5] Access is denied: 'D:\\Unity\\EmblemOfValor\\AgentCommands\\_screenstream\\frames\\frame_0655.jpg.tmp' -> 'D:\\Unity\\EmblemOfValor\\AgentCommands\\_screenstream\\frames\\frame_0655.jpg'
[2026-06-08T13:24:32Z] [ERROR] capture fail (1): [WinError 32] The process cannot access the file because it is being used by another process: 'D:\\Unity\\EmblemOfValor\\AgentCommands\\_screenstream\\frames\\frame_0662.jpg.tmp' -> 'D:\\Unity\\EmblemOfValor\\AgentCommands\\_screenstream\\frames\\frame_0662.jpg'
[2026-06-08T13:27:44Z] [WARN] audio log dump fail: [WinError 32] The process cannot access the file because it is being used by another process: 'D:\\Unity\\EmblemOfValor\\AgentCommands\\_screenstream\\_audio_log.npz.tmp' -> 'D:\\Unity\\EmblemOfValor\\AgentCommands\\_screenstream\\_audio_log.npz'
[2026-06-08T13:28:04Z] [WARN] audio log dump fail: [WinError 32] The process cannot access the file because it is being used by another process: 'D:\\Unity\\EmblemOfValor\\AgentCommands\\_screenstream\\_audio_log.npz.tmp' -> 'D:\\Unity\\EmblemOfValor\\AgentCommands\\_screenstream\\_audio_log.npz'
[2026-06-08T13:28:20Z] [WARN] audio log dump fail: [WinError 32] The process cannot access the file because it is being used by another process: 'D:\\Unity\\EmblemOfValor\\AgentCommands\\_screenstream\\_audio_log.npz.tmp' -> 'D:\\Unity\\EmblemOfValor\\AgentCommands\\_screenstream\\_audio_log.npz'
[2026-06-08T13:28:27Z] [ERROR] capture fail (1): [WinError 32] The process cannot access the file because it is being used by another process: 'D:\\Unity\\EmblemOfValor\\AgentCommands\\_screenstream\\frames\\frame_1125.jpg.tmp' -> 'D:\\Unity\\EmblemOfValor\\AgentCommands\\_screenstream\\frames\\frame_1125.jpg'
[2026-06-08T13:28:36Z] [ERROR] capture fail (1): [WinError 5] Access is denied: 'D:\\Unity\\EmblemOfValor\\AgentCommands\\_screenstream\\frames\\frame_1142.jpg.tmp' -> 'D:\\Unity\\EmblemOfValor\\AgentCommands\\_screenstream\\frames\\frame_1142.jpg'
[2026-06-08T13:29:21Z] [WARN] audio log dump fail: [WinError 32] The process cannot access the file because it is being used by another process: 'D:\\Unity\\EmblemOfValor\\AgentCommands\\_screenstream\\_audio_log.npz.tmp' -> 'D:\\Unity\\EmblemOfValor\\AgentCommands\\_screenstream\\_audio_log.npz'
[2026-06-08T13:29:25Z] [ERROR] capture fail (1): [WinError 5] Access is denied: 'D:\\Unity\\EmblemOfValor\\AgentCommands\\_screenstream\\frames\\frame_0038.jpg.tmp' -> 'D:\\Unity\\EmblemOfValor\\AgentCommands\\_screenstream\\frames\\frame_0038.jpg'
[2026-06-08T13:29:46Z] [WARN] audio log dump fail: [WinError 32] The process cannot access the file because it is being used by another process: 'D:\\Unity\\EmblemOfValor\\AgentCommands\\_screenstream\\_audio_log.npz.tmp' -> 'D:\\Unity\\EmblemOfValor\\AgentCommands\\_screenstream\\_audio_log.npz'
[2026-06-08T13:29:56Z] [WARN] audio log dump fail: [WinError 32] The process cannot access the file because it is being used by another process: 'D:\\Unity\\EmblemOfValor\\AgentCommands\\_screenstream\\_audio_log.npz.tmp' -> 'D:\\Unity\\EmblemOfValor\\AgentCommands\\_screenstream\\_audio_log.npz'
[2026-06-08T13:29:57Z] [ERROR] capture fail (1): [WinError 5] Access is denied: 'D:\\Unity\\EmblemOfValor\\AgentCommands\\_screenstream\\frames\\frame_0102.jpg.tmp' -> 'D:\\Unity\\EmblemOfValor\\AgentCommands\\_screenstream\\frames\\frame_0102.jpg'
[2026-06-08T13:30:05Z] [WARN] audio log dump fail: [WinError 32] The process cannot access the file because it is being used by another process: 'D:\\Unity\\EmblemOfValor\\AgentCommands\\_screenstream\\_audio_log.npz.tmp' -> 'D:\\Unity\\EmblemOfValor\\AgentCommands\\_screenstream\\_audio_log.npz'
[2026-06-08T13:30:07Z] [ERROR] capture fail (1): [WinError 5] Access is denied: 'D:\\Unity\\EmblemOfValor\\AgentCommands\\_screenstream\\frames\\frame_0114.jpg.tmp' -> 'D:\\Unity\\EmblemOfValor\\AgentCommands\\_screenstream\\frames\\frame_0114.jpg'
[2026-06-08T13:30:07Z] [ERROR] capture fail (2): [WinError 5] Access is denied: 'D:\\Unity\\EmblemOfValor\\AgentCommands\\_screenstream\\frames\\frame_0114.jpg.tmp' -> 'D:\\Unity\\EmblemOfValor\\AgentCommands\\_screenstream\\frames\\frame_0114.jpg'
[2026-06-08T13:30:08Z] [ERROR] capture fail (3): [WinError 5] Access is denied: 'D:\\Unity\\EmblemOfValor\\AgentCommands\\_screenstream\\frames\\frame_0114.jpg.tmp' -> 'D:\\Unity\\EmblemOfValor\\AgentCommands\\_screenstream\\frames\\frame_0114.jpg'
[2026-06-08T13:30:08Z] [ERROR] capture fail (4): [WinError 5] Access is denied: 'D:\\Unity\\EmblemOfValor\\AgentCommands\\_screenstream\\frames\\frame_0114.jpg.tmp' -> 'D:\\Unity\\EmblemOfValor\\AgentCommands\\_screenstream\\frames\\frame_0114.jpg'
[2026-06-08T13:30:09Z] [ERROR] capture fail (5): [WinError 5] Access is denied: 'D:\\Unity\\EmblemOfValor\\AgentCommands\\_screenstream\\frames\\frame_0114.jpg.tmp' -> 'D:\\Unity\\EmblemOfValor\\AgentCommands\\_screenstream\\frames\\frame_0114.jpg'
[2026-06-08T13:30:09Z] [WARN] 5 consecutive failures, backing off 30s
[2026-06-08T13:31:04Z] [WARN] audio log dump fail: [WinError 32] The process cannot access the file because it is being used by another process: 'D:\\Unity\\EmblemOfValor\\AgentCommands\\_screenstream\\_audio_log.npz.tmp' -> 'D:\\Unity\\EmblemOfValor\\AgentCommands\\_screenstream\\_audio_log.npz'
[2026-06-08T13:31:08Z] [ERROR] capture fail (1): [WinError 5] Access is denied: 'D:\\Unity\\EmblemOfValor\\AgentCommands\\_screenstream\\frames\\frame_0228.jpg.tmp' -> 'D:\\Unity\\EmblemOfValor\\AgentCommands\\_screenstream\\frames\\frame_0228.jpg'
[2026-06-08T13:31:36Z] [ERROR] capture fail (1): [WinError 5] Access is denied: 'D:\\Unity\\EmblemOfValor\\AgentCommands\\_screenstream\\frames\\frame_0284.jpg.tmp' -> 'D:\\Unity\\EmblemOfValor\\AgentCommands\\_screenstream\\frames\\frame_0284.jpg'
[2026-06-08T13:31:50Z] [ERROR] capture fail (1): [WinError 5] Access is denied: 'D:\\Unity\\EmblemOfValor\\AgentCommands\\_screenstream\\frames\\frame_0311.jpg.tmp' -> 'D:\\Unity\\EmblemOfValor\\AgentCommands\\_screenstream\\frames\\frame_0311.jpg'
[2026-06-08T13:32:15Z] [WARN] audio log dump fail: [WinError 32] The process cannot access the file because it is being used by another process: 'D:\\Unity\\EmblemOfValor\\AgentCommands\\_screenstream\\_audio_log.npz.tmp' -> 'D:\\Unity\\EmblemOfValor\\AgentCommands\\_screenstream\\_audio_log.npz'
[2026-06-08T13:35:03Z] [WARN] audio log dump fail: [WinError 32] The process cannot access the file because it is being used by another process: 'D:\\Unity\\EmblemOfValor\\AgentCommands\\_screenstream\\_audio_log.npz.tmp' -> 'D:\\Unity\\EmblemOfValor\\AgentCommands\\_screenstream\\_audio_log.npz'
[2026-06-08T13:37:33Z] [ERROR] capture fail (1): [WinError 5] Access is denied: 'D:\\Unity\\EmblemOfValor\\AgentCommands\\_screenstream\\frames\\frame_0985.jpg.tmp' -> 'D:\\Unity\\EmblemOfValor\\AgentCommands\\_screenstream\\frames\\frame_0985.jpg'
[2026-06-08T13:37:51Z] [WARN] audio log dump fail: [WinError 32] The process cannot access the file because it is being used by another process: 'D:\\Unity\\EmblemOfValor\\AgentCommands\\_screenstream\\_audio_log.npz.tmp' -> 'D:\\Unity\\EmblemOfValor\\AgentCommands\\_screenstream\\_audio_log.npz'
[2026-06-08T13:38:11Z] [WARN] audio log dump fail: [WinError 32] The process cannot access the file because it is being used by another process: 'D:\\Unity\\EmblemOfValor\\AgentCommands\\_screenstream\\_audio_log.npz.tmp' -> 'D:\\Unity\\EmblemOfValor\\AgentCommands\\_screenstream\\_audio_log.npz'
[2026-06-08T13:38:21Z] [WARN] audio log dump fail: [WinError 32] The process cannot access the file because it is being used by another process: 'D:\\Unity\\EmblemOfValor\\AgentCommands\\_screenstream\\_audio_log.npz.tmp' -> 'D:\\Unity\\EmblemOfValor\\AgentCommands\\_screenstream\\_audio_log.npz'
[2026-06-08T13:39:16Z] [ERROR] capture fail (1): [WinError 5] Access is denied: 'D:\\Unity\\EmblemOfValor\\AgentCommands\\_screenstream\\frames\\frame_1187.jpg.tmp' -> 'D:\\Unity\\EmblemOfValor\\AgentCommands\\_screenstream\\frames\\frame_1187.jpg'
[2026-06-08T13:41:10Z] [ERROR] capture fail (1): [WinError 5] Access is denied: 'D:\\Unity\\EmblemOfValor\\AgentCommands\\_screenstream\\frames\\frame_0211.jpg.tmp' -> 'D:\\Unity\\EmblemOfValor\\AgentCommands\\_screenstream\\frames\\frame_0211.jpg'
[2026-06-08T13:41:25Z] [WARN] audio log dump fail: [WinError 32] The process cannot access the file because it is being used by another process: 'D:\\Unity\\EmblemOfValor\\AgentCommands\\_screenstream\\_audio_log.npz.tmp' -> 'D:\\Unity\\EmblemOfValor\\AgentCommands\\_screenstream\\_audio_log.npz'
[2026-06-08T13:42:05Z] [WARN] audio log dump fail: [WinError 32] The process cannot access the file because it is being used by another process: 'D:\\Unity\\EmblemOfValor\\AgentCommands\\_screenstream\\_audio_log.npz.tmp' -> 'D:\\Unity\\EmblemOfValor\\AgentCommands\\_screenstream\\_audio_log.npz'
[2026-06-08T13:42:08Z] [ERROR] capture fail (1): [WinError 5] Access is denied: 'D:\\Unity\\EmblemOfValor\\AgentCommands\\_screenstream\\frames\\frame_0325.jpg.tmp' -> 'D:\\Unity\\EmblemOfValor\\AgentCommands\\_screenstream\\frames\\frame_0325.jpg'
[2026-06-08T13:42:11Z] [WARN] audio log dump fail: [WinError 32] The process cannot access the file because it is being used by another process: 'D:\\Unity\\EmblemOfValor\\AgentCommands\\_screenstream\\_audio_log.npz.tmp' -> 'D:\\Unity\\EmblemOfValor\\AgentCommands\\_screenstream\\_audio_log.npz'
[2026-06-08T13:42:12Z] [ERROR] capture fail (1): [WinError 5] Access is denied: 'D:\\Unity\\EmblemOfValor\\AgentCommands\\_screenstream\\frames\\frame_0333.jpg.tmp' -> 'D:\\Unity\\EmblemOfValor\\AgentCommands\\_screenstream\\frames\\frame_0333.jpg'
[2026-06-08T13:42:56Z] [WARN] audio log dump fail: [WinError 32] The process cannot access the file because it is being used by another process: 'D:\\Unity\\EmblemOfValor\\AgentCommands\\_screenstream\\_audio_log.npz.tmp' -> 'D:\\Unity\\EmblemOfValor\\AgentCommands\\_screenstream\\_audio_log.npz'
[2026-06-08T13:43:01Z] [WARN] audio log dump fail: [WinError 32] The process cannot access the file because it is being used by another process: 'D:\\Unity\\EmblemOfValor\\AgentCommands\\_screenstream\\_audio_log.npz.tmp' -> 'D:\\Unity\\EmblemOfValor\\AgentCommands\\_screenstream\\_audio_log.npz'
[2026-06-08T13:45:29Z] [WARN] audio log dump fail: [WinError 32] The process cannot access the file because it is being used by another process: 'D:\\Unity\\EmblemOfValor\\AgentCommands\\_screenstream\\_audio_log.npz.tmp' -> 'D:\\Unity\\EmblemOfValor\\AgentCommands\\_screenstream\\_audio_log.npz'
[2026-06-08T13:45:36Z] [ERROR] capture fail (1): [WinError 5] Access is denied: 'D:\\Unity\\EmblemOfValor\\AgentCommands\\_screenstream\\frames\\frame_0735.jpg.tmp' -> 'D:\\Unity\\EmblemOfValor\\AgentCommands\\_screenstream\\frames\\frame_0735.jpg'
[2026-06-08T13:49:37Z] [ERROR] capture fail (1): [WinError 5] Access is denied: 'D:\\Unity\\EmblemOfValor\\AgentCommands\\_screenstream\\frames\\frame_0008.jpg.tmp' -> 'D:\\Unity\\EmblemOfValor\\AgentCommands\\_screenstream\\frames\\frame_0008.jpg'
[2026-06-08T13:49:59Z] [WARN] audio log dump fail: [WinError 32] The process cannot access the file because it is being used by another process: 'D:\\Unity\\EmblemOfValor\\AgentCommands\\_screenstream\\_audio_log.npz.tmp' -> 'D:\\Unity\\EmblemOfValor\\AgentCommands\\_screenstream\\_audio_log.npz'
[2026-06-08T13:50:09Z] [ERROR] capture fail (1): [WinError 32] The process cannot access the file because it is being used by another process: 'D:\\Unity\\EmblemOfValor\\AgentCommands\\_screenstream\\frames\\frame_0071.jpg.tmp' -> 'D:\\Unity\\EmblemOfValor\\AgentCommands\\_screenstream\\frames\\frame_0071.jpg'
[2026-06-08T13:50:19Z] [WARN] audio log dump fail: [WinError 32] The process cannot access the file because it is being used by another process: 'D:\\Unity\\EmblemOfValor\\AgentCommands\\_screenstream\\_audio_log.npz.tmp' -> 'D:\\Unity\\EmblemOfValor\\AgentCommands\\_screenstream\\_audio_log.npz'
[2026-06-08T13:52:55Z] [ERROR] capture fail (1): [WinError 5] Access is denied: 'D:\\Unity\\EmblemOfValor\\AgentCommands\\_screenstream\\frames\\frame_0397.jpg.tmp' -> 'D:\\Unity\\EmblemOfValor\\AgentCommands\\_screenstream\\frames\\frame_0397.jpg'
[2026-06-08T13:53:38Z] [ERROR] capture fail (1): [WinError 5] Access is denied: 'D:\\Unity\\EmblemOfValor\\AgentCommands\\_screenstream\\frames\\frame_0481.jpg.tmp' -> 'D:\\Unity\\EmblemOfValor\\AgentCommands\\_screenstream\\frames\\frame_0481.jpg'
[2026-06-08T13:54:18Z] [WARN] audio log dump fail: [WinError 32] The process cannot access the file because it is being used by another process: 'D:\\Unity\\EmblemOfValor\\AgentCommands\\_screenstream\\_audio_log.npz.tmp' -> 'D:\\Unity\\EmblemOfValor\\AgentCommands\\_screenstream\\_audio_log.npz'
[2026-06-08T13:54:33Z] [WARN] audio log dump fail: [WinError 32] The process cannot access the file because it is being used by another process: 'D:\\Unity\\EmblemOfValor\\AgentCommands\\_screenstream\\_audio_log.npz.tmp' -> 'D:\\Unity\\EmblemOfValor\\AgentCommands\\_screenstream\\_audio_log.npz'
[2026-06-08T13:54:38Z] [ERROR] capture fail (1): [WinError 5] Access is denied: 'D:\\Unity\\EmblemOfValor\\AgentCommands\\_screenstream\\frames\\frame_0599.jpg.tmp' -> 'D:\\Unity\\EmblemOfValor\\AgentCommands\\_screenstream\\frames\\frame_0599.jpg'
[2026-06-08T13:54:44Z] [WARN] audio log dump fail: [WinError 32] The process cannot access the file because it is being used by another process: 'D:\\Unity\\EmblemOfValor\\AgentCommands\\_screenstream\\_audio_log.npz.tmp' -> 'D:\\Unity\\EmblemOfValor\\AgentCommands\\_screenstream\\_audio_log.npz'
[2026-06-08T13:54:54Z] [WARN] audio log dump fail: [WinError 32] The process cannot access the file because it is being used by another process: 'D:\\Unity\\EmblemOfValor\\AgentCommands\\_screenstream\\_audio_log.npz.tmp' -> 'D:\\Unity\\EmblemOfValor\\AgentCommands\\_screenstream\\_audio_log.npz'
[2026-06-08T13:55:09Z] [WARN] audio log dump fail: [WinError 32] The process cannot access the file because it is being used by another process: 'D:\\Unity\\EmblemOfValor\\AgentCommands\\_screenstream\\_audio_log.npz.tmp' -> 'D:\\Unity\\EmblemOfValor\\AgentCommands\\_screenstream\\_audio_log.npz'
[2026-06-08T13:55:45Z] [WARN] audio log dump fail: [WinError 32] The process cannot access the file because it is being used by another process: 'D:\\Unity\\EmblemOfValor\\AgentCommands\\_screenstream\\_audio_log.npz.tmp' -> 'D:\\Unity\\EmblemOfValor\\AgentCommands\\_screenstream\\_audio_log.npz'
[2026-06-08T13:55:55Z] [WARN] audio log dump fail: [WinError 32] The process cannot access the file because it is being used by another process: 'D:\\Unity\\EmblemOfValor\\AgentCommands\\_screenstream\\_audio_log.npz.tmp' -> 'D:\\Unity\\EmblemOfValor\\AgentCommands\\_screenstream\\_audio_log.npz'
[2026-06-08T13:56:00Z] [WARN] audio log dump fail: [WinError 32] The process cannot access the file because it is being used by another process: 'D:\\Unity\\EmblemOfValor\\AgentCommands\\_screenstream\\_audio_log.npz.tmp' -> 'D:\\Unity\\EmblemOfValor\\AgentCommands\\_screenstream\\_audio_log.npz'
[2026-06-08T13:56:10Z] [ERROR] capture fail (1): [WinError 5] Access is denied: 'D:\\Unity\\EmblemOfValor\\AgentCommands\\_screenstream\\frames\\frame_0781.jpg.tmp' -> 'D:\\Unity\\EmblemOfValor\\AgentCommands\\_screenstream\\frames\\frame_0781.jpg'
[2026-06-08T14:03:22Z] [WARN] audio log dump fail: [WinError 32] The process cannot access the file because it is being used by another process: 'D:\\Unity\\EmblemOfValor\\AgentCommands\\_screenstream\\_audio_log.npz.tmp' -> 'D:\\Unity\\EmblemOfValor\\AgentCommands\\_screenstream\\_audio_log.npz'
[2026-06-08T14:03:37Z] [WARN] audio log dump fail: [WinError 32] The process cannot access the file because it is being used by another process: 'D:\\Unity\\EmblemOfValor\\AgentCommands\\_screenstream\\_audio_log.npz.tmp' -> 'D:\\Unity\\EmblemOfValor\\AgentCommands\\_screenstream\\_audio_log.npz'
[2026-06-08T14:03:47Z] [WARN] audio log dump fail: [WinError 32] The process cannot access the file because it is being used by another process: 'D:\\Unity\\EmblemOfValor\\AgentCommands\\_screenstream\\_audio_log.npz.tmp' -> 'D:\\Unity\\EmblemOfValor\\AgentCommands\\_screenstream\\_audio_log.npz'
[2026-06-08T14:03:51Z] [ERROR] capture fail (1): [WinError 5] Access is denied: 'D:\\Unity\\EmblemOfValor\\AgentCommands\\_screenstream\\frames\\frame_0488.jpg.tmp' -> 'D:\\Unity\\EmblemOfValor\\AgentCommands\\_screenstream\\frames\\frame_0488.jpg'
[2026-06-08T14:04:03Z] [WARN] audio log dump fail: [WinError 32] The process cannot access the file because it is being used by another process: 'D:\\Unity\\EmblemOfValor\\AgentCommands\\_screenstream\\_audio_log.npz.tmp' -> 'D:\\Unity\\EmblemOfValor\\AgentCommands\\_screenstream\\_audio_log.npz'
[2026-06-08T14:04:05Z] [ERROR] capture fail (1): [WinError 5] Access is denied: 'D:\\Unity\\EmblemOfValor\\AgentCommands\\_screenstream\\frames\\frame_0516.jpg.tmp' -> 'D:\\Unity\\EmblemOfValor\\AgentCommands\\_screenstream\\frames\\frame_0516.jpg'
[2026-06-08T14:06:05Z] [ERROR] capture fail (1): [WinError 5] Access is denied: 'D:\\Unity\\EmblemOfValor\\AgentCommands\\_screenstream\\_config.json.tmp' -> 'D:\\Unity\\EmblemOfValor\\AgentCommands\\_screenstream\\_config.json'
[2026-06-08T14:09:07Z] [ERROR] capture fail (1): [Errno 13] Permission denied: 'D:\\Unity\\EmblemOfValor\\AgentCommands\\_screenstream\\frames\\frame_1111.jpg.tmp'
[2026-06-08T14:10:46Z] [ERROR] capture fail (1): [WinError 5] Access is denied: 'D:\\Unity\\EmblemOfValor\\AgentCommands\\_screenstream\\frames\\frame_0105.jpg.tmp' -> 'D:\\Unity\\EmblemOfValor\\AgentCommands\\_screenstream\\frames\\frame_0105.jpg'
[2026-06-08T14:11:04Z] [WARN] audio log dump fail: [WinError 32] The process cannot access the file because it is being used by another process: 'D:\\Unity\\EmblemOfValor\\AgentCommands\\_screenstream\\_audio_log.npz.tmp' -> 'D:\\Unity\\EmblemOfValor\\AgentCommands\\_screenstream\\_audio_log.npz'
[2026-06-08T14:11:09Z] [WARN] audio log dump fail: [WinError 32] The process cannot access the file because it is being used by another process: 'D:\\Unity\\EmblemOfValor\\AgentCommands\\_screenstream\\_audio_log.npz.tmp' -> 'D:\\Unity\\EmblemOfValor\\AgentCommands\\_screenstream\\_audio_log.npz'
[2026-06-08T14:11:14Z] [ERROR] capture fail (1): [WinError 5] Access is denied: 'D:\\Unity\\EmblemOfValor\\AgentCommands\\_screenstream\\frames\\frame_0161.jpg.tmp' -> 'D:\\Unity\\EmblemOfValor\\AgentCommands\\_screenstream\\frames\\frame_0161.jpg'
[2026-06-08T14:12:05Z] [WARN] audio log dump fail: [WinError 32] The process cannot access the file because it is being used by another process: 'D:\\Unity\\EmblemOfValor\\AgentCommands\\_screenstream\\_audio_log.npz.tmp' -> 'D:\\Unity\\EmblemOfValor\\AgentCommands\\_screenstream\\_audio_log.npz'
[2026-06-08T14:12:12Z] [ERROR] capture fail (1): [WinError 5] Access is denied: 'D:\\Unity\\EmblemOfValor\\AgentCommands\\_screenstream\\frames\\frame_0274.jpg.tmp' -> 'D:\\Unity\\EmblemOfValor\\AgentCommands\\_screenstream\\frames\\frame_0274.jpg'
[2026-06-08T14:13:21Z] [WARN] audio log dump fail: [WinError 32] The process cannot access the file because it is being used by another process: 'D:\\Unity\\EmblemOfValor\\AgentCommands\\_screenstream\\_audio_log.npz.tmp' -> 'D:\\Unity\\EmblemOfValor\\AgentCommands\\_screenstream\\_audio_log.npz'
[2026-06-08T14:13:24Z] [ERROR] capture fail (1): [WinError 5] Access is denied: 'D:\\Unity\\EmblemOfValor\\AgentCommands\\_screenstream\\frames\\frame_0417.jpg.tmp' -> 'D:\\Unity\\EmblemOfValor\\AgentCommands\\_screenstream\\frames\\frame_0417.jpg'
[2026-06-08T14:13:57Z] [WARN] audio log dump fail: [WinError 32] The process cannot access the file because it is being used by another process: 'D:\\Unity\\EmblemOfValor\\AgentCommands\\_screenstream\\_audio_log.npz.tmp' -> 'D:\\Unity\\EmblemOfValor\\AgentCommands\\_screenstream\\_audio_log.npz'
[2026-06-08T14:14:33Z] [ERROR] capture fail (1): [WinError 5] Access is denied: 'D:\\Unity\\EmblemOfValor\\AgentCommands\\_screenstream\\frames\\frame_0552.jpg.tmp' -> 'D:\\Unity\\EmblemOfValor\\AgentCommands\\_screenstream\\frames\\frame_0552.jpg'
[2026-06-08T14:15:08Z] [ERROR] capture fail (1): [WinError 5] Access is denied: 'D:\\Unity\\EmblemOfValor\\AgentCommands\\_screenstream\\frames\\frame_0620.jpg.tmp' -> 'D:\\Unity\\EmblemOfValor\\AgentCommands\\_screenstream\\frames\\frame_0620.jpg'
[2026-06-08T14:18:31Z] [WARN] audio log dump fail: [WinError 32] The process cannot access the file because it is being used by another process: 'D:\\Unity\\EmblemOfValor\\AgentCommands\\_screenstream\\_audio_log.npz.tmp' -> 'D:\\Unity\\EmblemOfValor\\AgentCommands\\_screenstream\\_audio_log.npz'
[2026-06-08T14:18:47Z] [WARN] audio log dump fail: [WinError 32] The process cannot access the file because it is being used by another process: 'D:\\Unity\\EmblemOfValor\\AgentCommands\\_screenstream\\_audio_log.npz.tmp' -> 'D:\\Unity\\EmblemOfValor\\AgentCommands\\_screenstream\\_audio_log.npz'
[2026-06-08T14:19:04Z] [ERROR] capture fail (1): [WinError 5] Access is denied: 'D:\\Unity\\EmblemOfValor\\AgentCommands\\_screenstream\\frames\\frame_1085.jpg.tmp' -> 'D:\\Unity\\EmblemOfValor\\AgentCommands\\_screenstream\\frames\\frame_1085.jpg'
[2026-06-08T14:19:17Z] [WARN] audio log dump fail: [WinError 32] The process cannot access the file because it is being used by another process: 'D:\\Unity\\EmblemOfValor\\AgentCommands\\_screenstream\\_audio_log.npz.tmp' -> 'D:\\Unity\\EmblemOfValor\\AgentCommands\\_screenstream\\_audio_log.npz'
[2026-06-08T14:19:51Z] [ERROR] capture fail (1): [WinError 5] Access is denied: 'D:\\Unity\\EmblemOfValor\\AgentCommands\\_screenstream\\frames\\frame_1177.jpg.tmp' -> 'D:\\Unity\\EmblemOfValor\\AgentCommands\\_screenstream\\frames\\frame_1177.jpg'
[2026-06-08T14:20:18Z] [WARN] audio log dump fail: [WinError 32] The process cannot access the file because it is being used by another process: 'D:\\Unity\\EmblemOfValor\\AgentCommands\\_screenstream\\_audio_log.npz.tmp' -> 'D:\\Unity\\EmblemOfValor\\AgentCommands\\_screenstream\\_audio_log.npz'
[2026-06-08T14:20:23Z] [ERROR] capture fail (1): [WinError 5] Access is denied: 'D:\\Unity\\EmblemOfValor\\AgentCommands\\_screenstream\\frames\\frame_0040.jpg.tmp' -> 'D:\\Unity\\EmblemOfValor\\AgentCommands\\_screenstream\\frames\\frame_0040.jpg'
[2026-06-08T14:21:28Z] [ERROR] capture fail (1): [WinError 5] Access is denied: 'D:\\Unity\\EmblemOfValor\\AgentCommands\\_screenstream\\frames\\frame_0168.jpg.tmp' -> 'D:\\Unity\\EmblemOfValor\\AgentCommands\\_screenstream\\frames\\frame_0168.jpg'
[2026-06-08T14:23:23Z] [ERROR] capture fail (1): [WinError 32] The process cannot access the file because it is being used by another process: 'D:\\Unity\\EmblemOfValor\\AgentCommands\\_screenstream\\frames\\frame_0373.jpg.tmp' -> 'D:\\Unity\\EmblemOfValor\\AgentCommands\\_screenstream\\frames\\frame_0373.jpg'
[2026-06-08T14:24:16Z] [ERROR] capture fail (1): [WinError 5] Access is denied: 'D:\\Unity\\EmblemOfValor\\AgentCommands\\_screenstream\\frames\\frame_0478.jpg.tmp' -> 'D:\\Unity\\EmblemOfValor\\AgentCommands\\_screenstream\\frames\\frame_0478.jpg'
[2026-06-08T14:24:17Z] [WARN] audio log dump fail: [WinError 32] The process cannot access the file because it is being used by another process: 'D:\\Unity\\EmblemOfValor\\AgentCommands\\_screenstream\\_audio_log.npz.tmp' -> 'D:\\Unity\\EmblemOfValor\\AgentCommands\\_screenstream\\_audio_log.npz'
[2026-06-08T14:24:22Z] [WARN] audio log dump fail: [WinError 32] The process cannot access the file because it is being used by another process: 'D:\\Unity\\EmblemOfValor\\AgentCommands\\_screenstream\\_audio_log.npz.tmp' -> 'D:\\Unity\\EmblemOfValor\\AgentCommands\\_screenstream\\_audio_log.npz'
[2026-06-08T14:26:19Z] [WARN] audio log dump fail: [WinError 32] The process cannot access the file because it is being used by another process: 'D:\\Unity\\EmblemOfValor\\AgentCommands\\_screenstream\\_audio_log.npz.tmp' -> 'D:\\Unity\\EmblemOfValor\\AgentCommands\\_screenstream\\_audio_log.npz'
[2026-06-08T14:26:24Z] [WARN] audio log dump fail: [WinError 32] The process cannot access the file because it is being used by another process: 'D:\\Unity\\EmblemOfValor\\AgentCommands\\_screenstream\\_audio_log.npz.tmp' -> 'D:\\Unity\\EmblemOfValor\\AgentCommands\\_screenstream\\_audio_log.npz'
[2026-06-08T14:26:39Z] [WARN] audio log dump fail: [WinError 32] The process cannot access the file because it is being used by another process: 'D:\\Unity\\EmblemOfValor\\AgentCommands\\_screenstream\\_audio_log.npz.tmp' -> 'D:\\Unity\\EmblemOfValor\\AgentCommands\\_screenstream\\_audio_log.npz'
[2026-06-08T14:26:50Z] [WARN] audio log dump fail: [WinError 32] The process cannot access the file because it is being used by another process: 'D:\\Unity\\EmblemOfValor\\AgentCommands\\_screenstream\\_audio_log.npz.tmp' -> 'D:\\Unity\\EmblemOfValor\\AgentCommands\\_screenstream\\_audio_log.npz'
[2026-06-08T14:26:58Z] [ERROR] capture fail (1): [WinError 5] Access is denied: 'D:\\Unity\\EmblemOfValor\\AgentCommands\\_screenstream\\frames\\frame_0797.jpg.tmp' -> 'D:\\Unity\\EmblemOfValor\\AgentCommands\\_screenstream\\frames\\frame_0797.jpg'
[2026-06-08T14:27:56Z] [WARN] audio log dump fail: [WinError 32] The process cannot access the file because it is being used by another process: 'D:\\Unity\\EmblemOfValor\\AgentCommands\\_screenstream\\_audio_log.npz.tmp' -> 'D:\\Unity\\EmblemOfValor\\AgentCommands\\_screenstream\\_audio_log.npz'
[2026-06-08T14:28:01Z] [WARN] audio log dump fail: [WinError 32] The process cannot access the file because it is being used by another process: 'D:\\Unity\\EmblemOfValor\\AgentCommands\\_screenstream\\_audio_log.npz.tmp' -> 'D:\\Unity\\EmblemOfValor\\AgentCommands\\_screenstream\\_audio_log.npz'
[2026-06-08T14:28:16Z] [WARN] audio log dump fail: [WinError 32] The process cannot access the file because it is being used by another process: 'D:\\Unity\\EmblemOfValor\\AgentCommands\\_screenstream\\_audio_log.npz.tmp' -> 'D:\\Unity\\EmblemOfValor\\AgentCommands\\_screenstream\\_audio_log.npz'
[2026-06-08T14:28:52Z] [WARN] audio log dump fail: [WinError 32] The process cannot access the file because it is being used by another process: 'D:\\Unity\\EmblemOfValor\\AgentCommands\\_screenstream\\_audio_log.npz.tmp' -> 'D:\\Unity\\EmblemOfValor\\AgentCommands\\_screenstream\\_audio_log.npz'
[2026-06-08T14:29:38Z] [WARN] audio log dump fail: [WinError 32] The process cannot access the file because it is being used by another process: 'D:\\Unity\\EmblemOfValor\\AgentCommands\\_screenstream\\_audio_log.npz.tmp' -> 'D:\\Unity\\EmblemOfValor\\AgentCommands\\_screenstream\\_audio_log.npz'
[2026-06-08T14:29:53Z] [WARN] audio log dump fail: [WinError 32] The process cannot access the file because it is being used by another process: 'D:\\Unity\\EmblemOfValor\\AgentCommands\\_screenstream\\_audio_log.npz.tmp' -> 'D:\\Unity\\EmblemOfValor\\AgentCommands\\_screenstream\\_audio_log.npz'
[2026-06-08T14:30:03Z] [WARN] audio log dump fail: [WinError 32] The process cannot access the file because it is being used by another process: 'D:\\Unity\\EmblemOfValor\\AgentCommands\\_screenstream\\_audio_log.npz.tmp' -> 'D:\\Unity\\EmblemOfValor\\AgentCommands\\_screenstream\\_audio_log.npz'
[2026-06-08T14:30:23Z] [WARN] audio log dump fail: [WinError 32] The process cannot access the file because it is being used by another process: 'D:\\Unity\\EmblemOfValor\\AgentCommands\\_screenstream\\_audio_log.npz.tmp' -> 'D:\\Unity\\EmblemOfValor\\AgentCommands\\_screenstream\\_audio_log.npz'
[2026-06-08T14:30:29Z] [WARN] audio log dump fail: [WinError 32] The process cannot access the file because it is being used by another process: 'D:\\Unity\\EmblemOfValor\\AgentCommands\\_screenstream\\_audio_log.npz.tmp' -> 'D:\\Unity\\EmblemOfValor\\AgentCommands\\_screenstream\\_audio_log.npz'
[2026-06-08T14:30:49Z] [ERROR] capture fail (1): [WinError 5] Access is denied: 'D:\\Unity\\EmblemOfValor\\AgentCommands\\_screenstream\\frames\\frame_0051.jpg.tmp' -> 'D:\\Unity\\EmblemOfValor\\AgentCommands\\_screenstream\\frames\\frame_0051.jpg'
[2026-06-08T14:31:04Z] [WARN] audio log dump fail: [WinError 32] The process cannot access the file because it is being used by another process: 'D:\\Unity\\EmblemOfValor\\AgentCommands\\_screenstream\\_audio_log.npz.tmp' -> 'D:\\Unity\\EmblemOfValor\\AgentCommands\\_screenstream\\_audio_log.npz'
[2026-06-08T14:31:09Z] [WARN] audio log dump fail: [WinError 32] The process cannot access the file because it is being used by another process: 'D:\\Unity\\EmblemOfValor\\AgentCommands\\_screenstream\\_audio_log.npz.tmp' -> 'D:\\Unity\\EmblemOfValor\\AgentCommands\\_screenstream\\_audio_log.npz'
[2026-06-08T14:31:19Z] [WARN] audio log dump fail: [WinError 32] The process cannot access the file because it is being used by another process: 'D:\\Unity\\EmblemOfValor\\AgentCommands\\_screenstream\\_audio_log.npz.tmp' -> 'D:\\Unity\\EmblemOfValor\\AgentCommands\\_screenstream\\_audio_log.npz'
[2026-06-08T14:31:25Z] [WARN] audio log dump fail: [WinError 32] The process cannot access the file because it is being used by another process: 'D:\\Unity\\EmblemOfValor\\AgentCommands\\_screenstream\\_audio_log.npz.tmp' -> 'D:\\Unity\\EmblemOfValor\\AgentCommands\\_screenstream\\_audio_log.npz'
[2026-06-08T14:31:33Z] [ERROR] capture fail (1): [WinError 5] Access is denied: 'D:\\Unity\\EmblemOfValor\\AgentCommands\\_screenstream\\frames\\frame_0138.jpg.tmp' -> 'D:\\Unity\\EmblemOfValor\\AgentCommands\\_screenstream\\frames\\frame_0138.jpg'
[2026-06-08T14:31:40Z] [WARN] audio log dump fail: [WinError 32] The process cannot access the file because it is being used by another process: 'D:\\Unity\\EmblemOfValor\\AgentCommands\\_screenstream\\_audio_log.npz.tmp' -> 'D:\\Unity\\EmblemOfValor\\AgentCommands\\_screenstream\\_audio_log.npz'
[2026-06-08T14:31:43Z] [ERROR] capture fail (1): [WinError 5] Access is denied: 'D:\\Unity\\EmblemOfValor\\AgentCommands\\_screenstream\\frames\\frame_0157.jpg.tmp' -> 'D:\\Unity\\EmblemOfValor\\AgentCommands\\_screenstream\\frames\\frame_0157.jpg'
[2026-06-08T14:31:55Z] [WARN] audio log dump fail: [WinError 32] The process cannot access the file because it is being used by another process: 'D:\\Unity\\EmblemOfValor\\AgentCommands\\_screenstream\\_audio_log.npz.tmp' -> 'D:\\Unity\\EmblemOfValor\\AgentCommands\\_screenstream\\_audio_log.npz'
[2026-06-08T14:32:20Z] [WARN] audio log dump fail: [WinError 32] The process cannot access the file because it is being used by another process: 'D:\\Unity\\EmblemOfValor\\AgentCommands\\_screenstream\\_audio_log.npz.tmp' -> 'D:\\Unity\\EmblemOfValor\\AgentCommands\\_screenstream\\_audio_log.npz'
[2026-06-08T14:32:41Z] [WARN] audio log dump fail: [WinError 32] The process cannot access the file because it is being used by another process: 'D:\\Unity\\EmblemOfValor\\AgentCommands\\_screenstream\\_audio_log.npz.tmp' -> 'D:\\Unity\\EmblemOfValor\\AgentCommands\\_screenstream\\_audio_log.npz'
[2026-06-08T14:32:41Z] [ERROR] capture fail (1): [WinError 5] Access is denied: 'D:\\Unity\\EmblemOfValor\\AgentCommands\\_screenstream\\frames\\frame_0271.jpg.tmp' -> 'D:\\Unity\\EmblemOfValor\\AgentCommands\\_screenstream\\frames\\frame_0271.jpg'
[2026-06-08T14:38:08Z] [ERROR] capture fail (1): [WinError 5] Access is denied: 'D:\\Unity\\EmblemOfValor\\AgentCommands\\_screenstream\\frames\\frame_0915.jpg.tmp' -> 'D:\\Unity\\EmblemOfValor\\AgentCommands\\_screenstream\\frames\\frame_0915.jpg'
[2026-06-08T14:38:16Z] [WARN] audio log dump fail: [WinError 32] The process cannot access the file because it is being used by another process: 'D:\\Unity\\EmblemOfValor\\AgentCommands\\_screenstream\\_audio_log.npz.tmp' -> 'D:\\Unity\\EmblemOfValor\\AgentCommands\\_screenstream\\_audio_log.npz'
[2026-06-08T14:38:29Z] [ERROR] capture fail (1): [WinError 5] Access is denied: 'D:\\Unity\\EmblemOfValor\\AgentCommands\\_screenstream\\frames\\frame_0957.jpg.tmp' -> 'D:\\Unity\\EmblemOfValor\\AgentCommands\\_screenstream\\frames\\frame_0957.jpg'
[2026-06-08T14:38:31Z] [WARN] audio log dump fail: [WinError 32] The process cannot access the file because it is being used by another process: 'D:\\Unity\\EmblemOfValor\\AgentCommands\\_screenstream\\_audio_log.npz.tmp' -> 'D:\\Unity\\EmblemOfValor\\AgentCommands\\_screenstream\\_audio_log.npz'
[2026-06-08T14:39:16Z] [WARN] audio log dump fail: [WinError 5] Access is denied: 'D:\\Unity\\EmblemOfValor\\AgentCommands\\_screenstream\\_audio_log.npz.tmp' -> 'D:\\Unity\\EmblemOfValor\\AgentCommands\\_screenstream\\_audio_log.npz'
[2026-06-08T14:40:32Z] [ERROR] capture fail (1): [WinError 5] Access is denied: 'D:\\Unity\\EmblemOfValor\\AgentCommands\\_screenstream\\_config.json.tmp' -> 'D:\\Unity\\EmblemOfValor\\AgentCommands\\_screenstream\\_config.json'
[2026-06-08T14:42:21Z] [ERROR] capture fail (1): [WinError 5] Access is denied: 'D:\\Unity\\EmblemOfValor\\AgentCommands\\_screenstream\\frames\\frame_0216.jpg.tmp' -> 'D:\\Unity\\EmblemOfValor\\AgentCommands\\_screenstream\\frames\\frame_0216.jpg'
[2026-06-08T14:43:03Z] [WARN] audio log dump fail: [WinError 32] The process cannot access the file because it is being used by another process: 'D:\\Unity\\EmblemOfValor\\AgentCommands\\_screenstream\\_audio_log.npz.tmp' -> 'D:\\Unity\\EmblemOfValor\\AgentCommands\\_screenstream\\_audio_log.npz'
[2026-06-08T14:43:29Z] [WARN] audio log dump fail: [WinError 32] The process cannot access the file because it is being used by another process: 'D:\\Unity\\EmblemOfValor\\AgentCommands\\_screenstream\\_audio_log.npz.tmp' -> 'D:\\Unity\\EmblemOfValor\\AgentCommands\\_screenstream\\_audio_log.npz'
[2026-06-08T14:46:06Z] [WARN] audio log dump fail: [WinError 32] The process cannot access the file because it is being used by another process: 'D:\\Unity\\EmblemOfValor\\AgentCommands\\_screenstream\\_audio_log.npz.tmp' -> 'D:\\Unity\\EmblemOfValor\\AgentCommands\\_screenstream\\_audio_log.npz'
[2026-06-08T14:48:28Z] [WARN] audio log dump fail: [WinError 32] The process cannot access the file because it is being used by another process: 'D:\\Unity\\EmblemOfValor\\AgentCommands\\_screenstream\\_audio_log.npz.tmp' -> 'D:\\Unity\\EmblemOfValor\\AgentCommands\\_screenstream\\_audio_log.npz'
[2026-06-08T14:49:44Z] [WARN] audio log dump fail: [WinError 32] The process cannot access the file because it is being used by another process: 'D:\\Unity\\EmblemOfValor\\AgentCommands\\_screenstream\\_audio_log.npz.tmp' -> 'D:\\Unity\\EmblemOfValor\\AgentCommands\\_screenstream\\_audio_log.npz'
[2026-06-08T14:49:54Z] [WARN] audio log dump fail: [WinError 32] The process cannot access the file because it is being used by another process: 'D:\\Unity\\EmblemOfValor\\AgentCommands\\_screenstream\\_audio_log.npz.tmp' -> 'D:\\Unity\\EmblemOfValor\\AgentCommands\\_screenstream\\_audio_log.npz'
[2026-06-08T14:49:59Z] [WARN] audio log dump fail: [WinError 32] The process cannot access the file because it is being used by another process: 'D:\\Unity\\EmblemOfValor\\AgentCommands\\_screenstream\\_audio_log.npz.tmp' -> 'D:\\Unity\\EmblemOfValor\\AgentCommands\\_screenstream\\_audio_log.npz'
[2026-06-08T14:50:34Z] [ERROR] capture fail (1): [WinError 5] Access is denied: 'D:\\Unity\\EmblemOfValor\\AgentCommands\\_screenstream\\frames\\frame_1189.jpg.tmp' -> 'D:\\Unity\\EmblemOfValor\\AgentCommands\\_screenstream\\frames\\frame_1189.jpg'
[2026-06-08T14:52:51Z] [WARN] audio log dump fail: [WinError 32] The process cannot access the file because it is being used by another process: 'D:\\Unity\\EmblemOfValor\\AgentCommands\\_screenstream\\_audio_log.npz.tmp' -> 'D:\\Unity\\EmblemOfValor\\AgentCommands\\_screenstream\\_audio_log.npz'
[2026-06-08T14:53:42Z] [WARN] audio log dump fail: [WinError 32] The process cannot access the file because it is being used by another process: 'D:\\Unity\\EmblemOfValor\\AgentCommands\\_screenstream\\_audio_log.npz.tmp' -> 'D:\\Unity\\EmblemOfValor\\AgentCommands\\_screenstream\\_audio_log.npz'
[2026-06-08T14:54:13Z] [WARN] audio log dump fail: [WinError 32] The process cannot access the file because it is being used by another process: 'D:\\Unity\\EmblemOfValor\\AgentCommands\\_screenstream\\_audio_log.npz.tmp' -> 'D:\\Unity\\EmblemOfValor\\AgentCommands\\_screenstream\\_audio_log.npz'
[2026-06-08T14:55:13Z] [WARN] audio log dump fail: [WinError 32] The process cannot access the file because it is being used by another process: 'D:\\Unity\\EmblemOfValor\\AgentCommands\\_screenstream\\_audio_log.npz.tmp' -> 'D:\\Unity\\EmblemOfValor\\AgentCommands\\_screenstream\\_audio_log.npz'
[2026-06-08T14:55:18Z] [WARN] audio log dump fail: [WinError 32] The process cannot access the file because it is being used by another process: 'D:\\Unity\\EmblemOfValor\\AgentCommands\\_screenstream\\_audio_log.npz.tmp' -> 'D:\\Unity\\EmblemOfValor\\AgentCommands\\_screenstream\\_audio_log.npz'
[2026-06-08T14:55:24Z] [WARN] audio log dump fail: [WinError 32] The process cannot access the file because it is being used by another process: 'D:\\Unity\\EmblemOfValor\\AgentCommands\\_screenstream\\_audio_log.npz.tmp' -> 'D:\\Unity\\EmblemOfValor\\AgentCommands\\_screenstream\\_audio_log.npz'
[2026-06-08T14:55:28Z] [ERROR] capture fail (1): [WinError 5] Access is denied: 'D:\\Unity\\EmblemOfValor\\AgentCommands\\_screenstream\\frames\\frame_0569.jpg.tmp' -> 'D:\\Unity\\EmblemOfValor\\AgentCommands\\_screenstream\\frames\\frame_0569.jpg'
[2026-06-08T14:55:33Z] [ERROR] capture fail (1): [WinError 32] The process cannot access the file because it is being used by another process: 'D:\\Unity\\EmblemOfValor\\AgentCommands\\_screenstream\\frames\\frame_0580.jpg.tmp' -> 'D:\\Unity\\EmblemOfValor\\AgentCommands\\_screenstream\\frames\\frame_0580.jpg'
[2026-06-08T14:58:26Z] [WARN] audio log dump fail: [WinError 32] The process cannot access the file because it is being used by another process: 'D:\\Unity\\EmblemOfValor\\AgentCommands\\_screenstream\\_audio_log.npz.tmp' -> 'D:\\Unity\\EmblemOfValor\\AgentCommands\\_screenstream\\_audio_log.npz'
[2026-06-08T14:58:31Z] [WARN] audio log dump fail: [WinError 32] The process cannot access the file because it is being used by another process: 'D:\\Unity\\EmblemOfValor\\AgentCommands\\_screenstream\\_audio_log.npz.tmp' -> 'D:\\Unity\\EmblemOfValor\\AgentCommands\\_screenstream\\_audio_log.npz'
[2026-06-08T15:00:53Z] [WARN] audio log dump fail: [WinError 32] The process cannot access the file because it is being used by another process: 'D:\\Unity\\EmblemOfValor\\AgentCommands\\_screenstream\\_audio_log.npz.tmp' -> 'D:\\Unity\\EmblemOfValor\\AgentCommands\\_screenstream\\_audio_log.npz'
[2026-06-08T15:01:19Z] [WARN] audio log dump fail: [WinError 32] The process cannot access the file because it is being used by another process: 'D:\\Unity\\EmblemOfValor\\AgentCommands\\_screenstream\\_audio_log.npz.tmp' -> 'D:\\Unity\\EmblemOfValor\\AgentCommands\\_screenstream\\_audio_log.npz'
[2026-06-08T15:01:41Z] [ERROR] capture fail (1): [WinError 5] Access is denied: 'D:\\Unity\\EmblemOfValor\\AgentCommands\\_screenstream\\frames\\frame_0105.jpg.tmp' -> 'D:\\Unity\\EmblemOfValor\\AgentCommands\\_screenstream\\frames\\frame_0105.jpg'
[2026-06-08T15:02:25Z] [WARN] audio log dump fail: [WinError 32] The process cannot access the file because it is being used by another process: 'D:\\Unity\\EmblemOfValor\\AgentCommands\\_screenstream\\_audio_log.npz.tmp' -> 'D:\\Unity\\EmblemOfValor\\AgentCommands\\_screenstream\\_audio_log.npz'
[2026-06-08T15:02:30Z] [WARN] audio log dump fail: [WinError 32] The process cannot access the file because it is being used by another process: 'D:\\Unity\\EmblemOfValor\\AgentCommands\\_screenstream\\_audio_log.npz.tmp' -> 'D:\\Unity\\EmblemOfValor\\AgentCommands\\_screenstream\\_audio_log.npz'
[2026-06-08T15:02:35Z] [WARN] audio log dump fail: [WinError 32] The process cannot access the file because it is being used by another process: 'D:\\Unity\\EmblemOfValor\\AgentCommands\\_screenstream\\_audio_log.npz.tmp' -> 'D:\\Unity\\EmblemOfValor\\AgentCommands\\_screenstream\\_audio_log.npz'
[2026-06-08T15:02:50Z] [WARN] audio log dump fail: [WinError 32] The process cannot access the file because it is being used by another process: 'D:\\Unity\\EmblemOfValor\\AgentCommands\\_screenstream\\_audio_log.npz.tmp' -> 'D:\\Unity\\EmblemOfValor\\AgentCommands\\_screenstream\\_audio_log.npz'
[2026-06-08T15:03:30Z] [WARN] audio log dump fail: [WinError 32] The process cannot access the file because it is being used by another process: 'D:\\Unity\\EmblemOfValor\\AgentCommands\\_screenstream\\_audio_log.npz.tmp' -> 'D:\\Unity\\EmblemOfValor\\AgentCommands\\_screenstream\\_audio_log.npz'
[2026-06-08T15:03:56Z] [WARN] audio log dump fail: [WinError 32] The process cannot access the file because it is being used by another process: 'D:\\Unity\\EmblemOfValor\\AgentCommands\\_screenstream\\_audio_log.npz.tmp' -> 'D:\\Unity\\EmblemOfValor\\AgentCommands\\_screenstream\\_audio_log.npz'
[2026-06-08T15:04:13Z] [ERROR] capture fail (1): [WinError 5] Access is denied: 'D:\\Unity\\EmblemOfValor\\AgentCommands\\_screenstream\\frames\\frame_0405.jpg.tmp' -> 'D:\\Unity\\EmblemOfValor\\AgentCommands\\_screenstream\\frames\\frame_0405.jpg'
[2026-06-08T15:04:23Z] [ERROR] capture fail (1): [WinError 5] Access is denied: 'D:\\Unity\\EmblemOfValor\\AgentCommands\\_screenstream\\frames\\frame_0424.jpg.tmp' -> 'D:\\Unity\\EmblemOfValor\\AgentCommands\\_screenstream\\frames\\frame_0424.jpg'
[2026-06-08T15:08:40Z] [WARN] audio log dump fail: [WinError 32] The process cannot access the file because it is being used by another process: 'D:\\Unity\\EmblemOfValor\\AgentCommands\\_screenstream\\_audio_log.npz.tmp' -> 'D:\\Unity\\EmblemOfValor\\AgentCommands\\_screenstream\\_audio_log.npz'
[2026-06-08T15:08:45Z] [ERROR] capture fail (1): [WinError 5] Access is denied: 'D:\\Unity\\EmblemOfValor\\AgentCommands\\_screenstream\\frames\\frame_0941.jpg.tmp' -> 'D:\\Unity\\EmblemOfValor\\AgentCommands\\_screenstream\\frames\\frame_0941.jpg'
[2026-06-08T15:08:55Z] [WARN] audio log dump fail: [WinError 32] The process cannot access the file because it is being used by another process: 'D:\\Unity\\EmblemOfValor\\AgentCommands\\_screenstream\\_audio_log.npz.tmp' -> 'D:\\Unity\\EmblemOfValor\\AgentCommands\\_screenstream\\_audio_log.npz'
[2026-06-08T15:09:48Z] [ERROR] capture fail (1): [WinError 5] Access is denied: 'D:\\Unity\\EmblemOfValor\\AgentCommands\\_screenstream\\frames\\frame_1066.jpg.tmp' -> 'D:\\Unity\\EmblemOfValor\\AgentCommands\\_screenstream\\frames\\frame_1066.jpg'
[2026-06-08T15:10:06Z] [WARN] audio log dump fail: [WinError 32] The process cannot access the file because it is being used by another process: 'D:\\Unity\\EmblemOfValor\\AgentCommands\\_screenstream\\_audio_log.npz.tmp' -> 'D:\\Unity\\EmblemOfValor\\AgentCommands\\_screenstream\\_audio_log.npz'
[2026-06-08T15:11:07Z] [WARN] audio log dump fail: [WinError 32] The process cannot access the file because it is being used by another process: 'D:\\Unity\\EmblemOfValor\\AgentCommands\\_screenstream\\_audio_log.npz.tmp' -> 'D:\\Unity\\EmblemOfValor\\AgentCommands\\_screenstream\\_audio_log.npz'
[2026-06-08T15:11:13Z] [ERROR] capture fail (1): [WinError 5] Access is denied: 'D:\\Unity\\EmblemOfValor\\AgentCommands\\_screenstream\\frames\\frame_0033.jpg.tmp' -> 'D:\\Unity\\EmblemOfValor\\AgentCommands\\_screenstream\\frames\\frame_0033.jpg'
[2026-06-08T15:11:32Z] [WARN] audio log dump fail: [WinError 32] The process cannot access the file because it is being used by another process: 'D:\\Unity\\EmblemOfValor\\AgentCommands\\_screenstream\\_audio_log.npz.tmp' -> 'D:\\Unity\\EmblemOfValor\\AgentCommands\\_screenstream\\_audio_log.npz'
[2026-06-08T15:12:58Z] [WARN] audio log dump fail: [Errno 13] Permission denied: 'D:\\Unity\\EmblemOfValor\\AgentCommands\\_screenstream\\_audio_log.npz.tmp'
[2026-06-08T15:14:55Z] [WARN] audio log dump fail: [WinError 32] The process cannot access the file because it is being used by another process: 'D:\\Unity\\EmblemOfValor\\AgentCommands\\_screenstream\\_audio_log.npz.tmp' -> 'D:\\Unity\\EmblemOfValor\\AgentCommands\\_screenstream\\_audio_log.npz'
[2026-06-08T15:15:21Z] [WARN] audio log dump fail: [WinError 32] The process cannot access the file because it is being used by another process: 'D:\\Unity\\EmblemOfValor\\AgentCommands\\_screenstream\\_audio_log.npz.tmp' -> 'D:\\Unity\\EmblemOfValor\\AgentCommands\\_screenstream\\_audio_log.npz'
[2026-06-08T15:15:40Z] [ERROR] capture fail (1): [WinError 5] Access is denied: 'D:\\Unity\\EmblemOfValor\\AgentCommands\\_screenstream\\frames\\frame_0558.jpg.tmp' -> 'D:\\Unity\\EmblemOfValor\\AgentCommands\\_screenstream\\frames\\frame_0558.jpg'
[2026-06-08T15:16:16Z] [WARN] audio log dump fail: [WinError 32] The process cannot access the file because it is being used by another process: 'D:\\Unity\\EmblemOfValor\\AgentCommands\\_screenstream\\_audio_log.npz.tmp' -> 'D:\\Unity\\EmblemOfValor\\AgentCommands\\_screenstream\\_audio_log.npz'
[2026-06-08T15:24:23Z] [WARN] audio log dump fail: [WinError 32] The process cannot access the file because it is being used by another process: 'D:\\Unity\\EmblemOfValor\\AgentCommands\\_screenstream\\_audio_log.npz.tmp' -> 'D:\\Unity\\EmblemOfValor\\AgentCommands\\_screenstream\\_audio_log.npz'
[2026-06-08T15:24:29Z] [WARN] audio log dump fail: [WinError 32] The process cannot access the file because it is being used by another process: 'D:\\Unity\\EmblemOfValor\\AgentCommands\\_screenstream\\_audio_log.npz.tmp' -> 'D:\\Unity\\EmblemOfValor\\AgentCommands\\_screenstream\\_audio_log.npz'
[2026-06-08T15:24:34Z] [WARN] audio log dump fail: [WinError 32] The process cannot access the file because it is being used by another process: 'D:\\Unity\\EmblemOfValor\\AgentCommands\\_screenstream\\_audio_log.npz.tmp' -> 'D:\\Unity\\EmblemOfValor\\AgentCommands\\_screenstream\\_audio_log.npz'
[2026-06-08T15:24:48Z] [ERROR] capture fail (1): [WinError 5] Access is denied: 'D:\\Unity\\EmblemOfValor\\AgentCommands\\_screenstream\\frames\\frame_0438.jpg.tmp' -> 'D:\\Unity\\EmblemOfValor\\AgentCommands\\_screenstream\\frames\\frame_0438.jpg'
[2026-06-08T15:25:04Z] [ERROR] capture fail (1): [WinError 5] Access is denied: 'D:\\Unity\\EmblemOfValor\\AgentCommands\\_screenstream\\frames\\frame_0470.jpg.tmp' -> 'D:\\Unity\\EmblemOfValor\\AgentCommands\\_screenstream\\frames\\frame_0470.jpg'
[2026-06-08T15:25:24Z] [ERROR] capture fail (1): [WinError 5] Access is denied: 'D:\\Unity\\EmblemOfValor\\AgentCommands\\_screenstream\\frames\\frame_0509.jpg.tmp' -> 'D:\\Unity\\EmblemOfValor\\AgentCommands\\_screenstream\\frames\\frame_0509.jpg'
[2026-06-08T15:25:40Z] [WARN] audio log dump fail: [WinError 32] The process cannot access the file because it is being used by another process: 'D:\\Unity\\EmblemOfValor\\AgentCommands\\_screenstream\\_audio_log.npz.tmp' -> 'D:\\Unity\\EmblemOfValor\\AgentCommands\\_screenstream\\_audio_log.npz'
[2026-06-08T15:26:10Z] [WARN] audio log dump fail: [WinError 32] The process cannot access the file because it is being used by another process: 'D:\\Unity\\EmblemOfValor\\AgentCommands\\_screenstream\\_audio_log.npz.tmp' -> 'D:\\Unity\\EmblemOfValor\\AgentCommands\\_screenstream\\_audio_log.npz'
[2026-06-08T15:28:57Z] [WARN] audio log dump fail: [WinError 32] The process cannot access the file because it is being used by another process: 'D:\\Unity\\EmblemOfValor\\AgentCommands\\_screenstream\\_audio_log.npz.tmp' -> 'D:\\Unity\\EmblemOfValor\\AgentCommands\\_screenstream\\_audio_log.npz'
[2026-06-08T15:29:13Z] [WARN] audio log dump fail: [WinError 32] The process cannot access the file because it is being used by another process: 'D:\\Unity\\EmblemOfValor\\AgentCommands\\_screenstream\\_audio_log.npz.tmp' -> 'D:\\Unity\\EmblemOfValor\\AgentCommands\\_screenstream\\_audio_log.npz'
[2026-06-08T15:29:28Z] [WARN] audio log dump fail: [WinError 32] The process cannot access the file because it is being used by another process: 'D:\\Unity\\EmblemOfValor\\AgentCommands\\_screenstream\\_audio_log.npz.tmp' -> 'D:\\Unity\\EmblemOfValor\\AgentCommands\\_screenstream\\_audio_log.npz'
[2026-06-08T15:29:43Z] [WARN] audio log dump fail: [WinError 32] The process cannot access the file because it is being used by another process: 'D:\\Unity\\EmblemOfValor\\AgentCommands\\_screenstream\\_audio_log.npz.tmp' -> 'D:\\Unity\\EmblemOfValor\\AgentCommands\\_screenstream\\_audio_log.npz'
[2026-06-08T15:29:48Z] [WARN] audio log dump fail: [WinError 32] The process cannot access the file because it is being used by another process: 'D:\\Unity\\EmblemOfValor\\AgentCommands\\_screenstream\\_audio_log.npz.tmp' -> 'D:\\Unity\\EmblemOfValor\\AgentCommands\\_screenstream\\_audio_log.npz'
[2026-06-08T15:33:10Z] [WARN] audio log dump fail: [WinError 32] The process cannot access the file because it is being used by another process: 'D:\\Unity\\EmblemOfValor\\AgentCommands\\_screenstream\\_audio_log.npz.tmp' -> 'D:\\Unity\\EmblemOfValor\\AgentCommands\\_screenstream\\_audio_log.npz'
[2026-06-08T15:33:25Z] [WARN] audio log dump fail: [WinError 32] The process cannot access the file because it is being used by another process: 'D:\\Unity\\EmblemOfValor\\AgentCommands\\_screenstream\\_audio_log.npz.tmp' -> 'D:\\Unity\\EmblemOfValor\\AgentCommands\\_screenstream\\_audio_log.npz'
[2026-06-08T15:34:01Z] [WARN] audio log dump fail: [WinError 32] The process cannot access the file because it is being used by another process: 'D:\\Unity\\EmblemOfValor\\AgentCommands\\_screenstream\\_audio_log.npz.tmp' -> 'D:\\Unity\\EmblemOfValor\\AgentCommands\\_screenstream\\_audio_log.npz'
[2026-06-08T15:34:16Z] [WARN] audio log dump fail: [WinError 32] The process cannot access the file because it is being used by another process: 'D:\\Unity\\EmblemOfValor\\AgentCommands\\_screenstream\\_audio_log.npz.tmp' -> 'D:\\Unity\\EmblemOfValor\\AgentCommands\\_screenstream\\_audio_log.npz'
[2026-06-08T15:34:26Z] [WARN] audio log dump fail: [WinError 32] The process cannot access the file because it is being used by another process: 'D:\\Unity\\EmblemOfValor\\AgentCommands\\_screenstream\\_audio_log.npz.tmp' -> 'D:\\Unity\\EmblemOfValor\\AgentCommands\\_screenstream\\_audio_log.npz'
[2026-06-08T15:34:51Z] [WARN] audio log dump fail: [WinError 32] The process cannot access the file because it is being used by another process: 'D:\\Unity\\EmblemOfValor\\AgentCommands\\_screenstream\\_audio_log.npz.tmp' -> 'D:\\Unity\\EmblemOfValor\\AgentCommands\\_screenstream\\_audio_log.npz'
[2026-06-08T15:34:56Z] [WARN] audio log dump fail: [WinError 32] The process cannot access the file because it is being used by another process: 'D:\\Unity\\EmblemOfValor\\AgentCommands\\_screenstream\\_audio_log.npz.tmp' -> 'D:\\Unity\\EmblemOfValor\\AgentCommands\\_screenstream\\_audio_log.npz'
[2026-06-08T15:35:42Z] [WARN] audio log dump fail: [WinError 32] The process cannot access the file because it is being used by another process: 'D:\\Unity\\EmblemOfValor\\AgentCommands\\_screenstream\\_audio_log.npz.tmp' -> 'D:\\Unity\\EmblemOfValor\\AgentCommands\\_screenstream\\_audio_log.npz'
[2026-06-08T15:36:18Z] [WARN] audio log dump fail: [WinError 32] The process cannot access the file because it is being used by another process: 'D:\\Unity\\EmblemOfValor\\AgentCommands\\_screenstream\\_audio_log.npz.tmp' -> 'D:\\Unity\\EmblemOfValor\\AgentCommands\\_screenstream\\_audio_log.npz'
[2026-06-08T15:39:18Z] [WARN] audio log dump fail: [WinError 32] The process cannot access the file because it is being used by another process: 'D:\\Unity\\EmblemOfValor\\AgentCommands\\_screenstream\\_audio_log.npz.tmp' -> 'D:\\Unity\\EmblemOfValor\\AgentCommands\\_screenstream\\_audio_log.npz'
[2026-06-08T15:42:08Z] [ERROR] capture fail (1): [WinError 5] Access is denied: 'D:\\Unity\\EmblemOfValor\\AgentCommands\\_screenstream\\frames\\frame_0096.jpg.tmp' -> 'D:\\Unity\\EmblemOfValor\\AgentCommands\\_screenstream\\frames\\frame_0096.jpg'
[2026-06-08T15:43:21Z] [WARN] audio log dump fail: [WinError 32] The process cannot access the file because it is being used by another process: 'D:\\Unity\\EmblemOfValor\\AgentCommands\\_screenstream\\_audio_log.npz.tmp' -> 'D:\\Unity\\EmblemOfValor\\AgentCommands\\_screenstream\\_audio_log.npz'
[2026-06-08T15:43:36Z] [WARN] audio log dump fail: [WinError 32] The process cannot access the file because it is being used by another process: 'D:\\Unity\\EmblemOfValor\\AgentCommands\\_screenstream\\_audio_log.npz.tmp' -> 'D:\\Unity\\EmblemOfValor\\AgentCommands\\_screenstream\\_audio_log.npz'
[2026-06-08T15:43:41Z] [WARN] audio log dump fail: [WinError 32] The process cannot access the file because it is being used by another process: 'D:\\Unity\\EmblemOfValor\\AgentCommands\\_screenstream\\_audio_log.npz.tmp' -> 'D:\\Unity\\EmblemOfValor\\AgentCommands\\_screenstream\\_audio_log.npz'
[2026-06-08T15:44:07Z] [WARN] audio log dump fail: [WinError 32] The process cannot access the file because it is being used by another process: 'D:\\Unity\\EmblemOfValor\\AgentCommands\\_screenstream\\_audio_log.npz.tmp' -> 'D:\\Unity\\EmblemOfValor\\AgentCommands\\_screenstream\\_audio_log.npz'
[2026-06-08T15:44:22Z] [WARN] audio log dump fail: [WinError 32] The process cannot access the file because it is being used by another process: 'D:\\Unity\\EmblemOfValor\\AgentCommands\\_screenstream\\_audio_log.npz.tmp' -> 'D:\\Unity\\EmblemOfValor\\AgentCommands\\_screenstream\\_audio_log.npz'
[2026-06-08T15:49:06Z] [WARN] audio log dump fail: [WinError 32] The process cannot access the file because it is being used by another process: 'D:\\Unity\\EmblemOfValor\\AgentCommands\\_screenstream\\_audio_log.npz.tmp' -> 'D:\\Unity\\EmblemOfValor\\AgentCommands\\_screenstream\\_audio_log.npz'
[2026-06-08T15:49:11Z] [WARN] audio log dump fail: [WinError 32] The process cannot access the file because it is being used by another process: 'D:\\Unity\\EmblemOfValor\\AgentCommands\\_screenstream\\_audio_log.npz.tmp' -> 'D:\\Unity\\EmblemOfValor\\AgentCommands\\_screenstream\\_audio_log.npz'
[2026-06-08T15:49:16Z] [WARN] audio log dump fail: [WinError 32] The process cannot access the file because it is being used by another process: 'D:\\Unity\\EmblemOfValor\\AgentCommands\\_screenstream\\_audio_log.npz.tmp' -> 'D:\\Unity\\EmblemOfValor\\AgentCommands\\_screenstream\\_audio_log.npz'
[2026-06-08T15:49:26Z] [WARN] audio log dump fail: [WinError 32] The process cannot access the file because it is being used by another process: 'D:\\Unity\\EmblemOfValor\\AgentCommands\\_screenstream\\_audio_log.npz.tmp' -> 'D:\\Unity\\EmblemOfValor\\AgentCommands\\_screenstream\\_audio_log.npz'
[2026-06-08T15:49:41Z] [WARN] audio log dump fail: [WinError 32] The process cannot access the file because it is being used by another process: 'D:\\Unity\\EmblemOfValor\\AgentCommands\\_screenstream\\_audio_log.npz.tmp' -> 'D:\\Unity\\EmblemOfValor\\AgentCommands\\_screenstream\\_audio_log.npz'
[2026-06-08T15:49:52Z] [WARN] audio log dump fail: [WinError 32] The process cannot access the file because it is being used by another process: 'D:\\Unity\\EmblemOfValor\\AgentCommands\\_screenstream\\_audio_log.npz.tmp' -> 'D:\\Unity\\EmblemOfValor\\AgentCommands\\_screenstream\\_audio_log.npz'
[2026-06-08T15:49:57Z] [WARN] audio log dump fail: [WinError 32] The process cannot access the file because it is being used by another process: 'D:\\Unity\\EmblemOfValor\\AgentCommands\\_screenstream\\_audio_log.npz.tmp' -> 'D:\\Unity\\EmblemOfValor\\AgentCommands\\_screenstream\\_audio_log.npz'
[2026-06-08T15:50:07Z] [WARN] audio log dump fail: [WinError 32] The process cannot access the file because it is being used by another process: 'D:\\Unity\\EmblemOfValor\\AgentCommands\\_screenstream\\_audio_log.npz.tmp' -> 'D:\\Unity\\EmblemOfValor\\AgentCommands\\_screenstream\\_audio_log.npz'
[2026-06-08T15:50:12Z] [WARN] audio log dump fail: [WinError 32] The process cannot access the file because it is being used by another process: 'D:\\Unity\\EmblemOfValor\\AgentCommands\\_screenstream\\_audio_log.npz.tmp' -> 'D:\\Unity\\EmblemOfValor\\AgentCommands\\_screenstream\\_audio_log.npz'
[2026-06-08T15:51:43Z] [WARN] audio log dump fail: [WinError 32] The process cannot access the file because it is being used by another process: 'D:\\Unity\\EmblemOfValor\\AgentCommands\\_screenstream\\_audio_log.npz.tmp' -> 'D:\\Unity\\EmblemOfValor\\AgentCommands\\_screenstream\\_audio_log.npz'
[2026-06-08T15:51:48Z] [WARN] audio log dump fail: [WinError 32] The process cannot access the file because it is being used by another process: 'D:\\Unity\\EmblemOfValor\\AgentCommands\\_screenstream\\_audio_log.npz.tmp' -> 'D:\\Unity\\EmblemOfValor\\AgentCommands\\_screenstream\\_audio_log.npz'
[2026-06-08T15:52:29Z] [WARN] audio log dump fail: [WinError 32] The process cannot access the file because it is being used by another process: 'D:\\Unity\\EmblemOfValor\\AgentCommands\\_screenstream\\_audio_log.npz.tmp' -> 'D:\\Unity\\EmblemOfValor\\AgentCommands\\_screenstream\\_audio_log.npz'
[2026-06-08T15:54:10Z] [WARN] audio log dump fail: [WinError 32] The process cannot access the file because it is being used by another process: 'D:\\Unity\\EmblemOfValor\\AgentCommands\\_screenstream\\_audio_log.npz.tmp' -> 'D:\\Unity\\EmblemOfValor\\AgentCommands\\_screenstream\\_audio_log.npz'
[2026-06-08T15:54:42Z] [ERROR] capture fail (1): [WinError 32] The process cannot access the file because it is being used by another process: 'D:\\Unity\\EmblemOfValor\\AgentCommands\\_screenstream\\frames\\frame_0383.jpg.tmp' -> 'D:\\Unity\\EmblemOfValor\\AgentCommands\\_screenstream\\frames\\frame_0383.jpg'
[2026-06-08T15:55:08Z] [WARN] audio log dump fail: [WinError 32] The process cannot access the file because it is being used by another process: 'D:\\Unity\\EmblemOfValor\\AgentCommands\\_screenstream\\_audio_log.npz.tmp' -> 'D:\\Unity\\EmblemOfValor\\AgentCommands\\_screenstream\\_audio_log.npz'
[2026-06-08T15:55:10Z] [ERROR] capture fail (1): [WinError 32] The process cannot access the file because it is being used by another process: 'D:\\Unity\\EmblemOfValor\\AgentCommands\\_screenstream\\frames\\frame_0433.jpg.tmp' -> 'D:\\Unity\\EmblemOfValor\\AgentCommands\\_screenstream\\frames\\frame_0433.jpg'
[2026-06-08T15:55:19Z] [WARN] audio log dump fail: [WinError 32] The process cannot access the file because it is being used by another process: 'D:\\Unity\\EmblemOfValor\\AgentCommands\\_screenstream\\_audio_log.npz.tmp' -> 'D:\\Unity\\EmblemOfValor\\AgentCommands\\_screenstream\\_audio_log.npz'
[2026-06-08T15:55:44Z] [WARN] audio log dump fail: [WinError 32] The process cannot access the file because it is being used by another process: 'D:\\Unity\\EmblemOfValor\\AgentCommands\\_screenstream\\_audio_log.npz.tmp' -> 'D:\\Unity\\EmblemOfValor\\AgentCommands\\_screenstream\\_audio_log.npz'
[2026-06-08T15:55:49Z] [WARN] audio log dump fail: [WinError 32] The process cannot access the file because it is being used by another process: 'D:\\Unity\\EmblemOfValor\\AgentCommands\\_screenstream\\_audio_log.npz.tmp' -> 'D:\\Unity\\EmblemOfValor\\AgentCommands\\_screenstream\\_audio_log.npz'
[2026-06-08T15:55:59Z] [WARN] audio log dump fail: [WinError 32] The process cannot access the file because it is being used by another process: 'D:\\Unity\\EmblemOfValor\\AgentCommands\\_screenstream\\_audio_log.npz.tmp' -> 'D:\\Unity\\EmblemOfValor\\AgentCommands\\_screenstream\\_audio_log.npz'
[2026-06-08T15:56:09Z] [WARN] audio log dump fail: [WinError 32] The process cannot access the file because it is being used by another process: 'D:\\Unity\\EmblemOfValor\\AgentCommands\\_screenstream\\_audio_log.npz.tmp' -> 'D:\\Unity\\EmblemOfValor\\AgentCommands\\_screenstream\\_audio_log.npz'
[2026-06-08T15:56:40Z] [WARN] audio log dump fail: [WinError 32] The process cannot access the file because it is being used by another process: 'D:\\Unity\\EmblemOfValor\\AgentCommands\\_screenstream\\_audio_log.npz.tmp' -> 'D:\\Unity\\EmblemOfValor\\AgentCommands\\_screenstream\\_audio_log.npz'
[2026-06-08T15:56:45Z] [WARN] audio log dump fail: [WinError 32] The process cannot access the file because it is being used by another process: 'D:\\Unity\\EmblemOfValor\\AgentCommands\\_screenstream\\_audio_log.npz.tmp' -> 'D:\\Unity\\EmblemOfValor\\AgentCommands\\_screenstream\\_audio_log.npz'
[2026-06-08T15:56:50Z] [WARN] audio log dump fail: [WinError 32] The process cannot access the file because it is being used by another process: 'D:\\Unity\\EmblemOfValor\\AgentCommands\\_screenstream\\_audio_log.npz.tmp' -> 'D:\\Unity\\EmblemOfValor\\AgentCommands\\_screenstream\\_audio_log.npz'
[2026-06-08T15:57:10Z] [WARN] audio log dump fail: [WinError 32] The process cannot access the file because it is being used by another process: 'D:\\Unity\\EmblemOfValor\\AgentCommands\\_screenstream\\_audio_log.npz.tmp' -> 'D:\\Unity\\EmblemOfValor\\AgentCommands\\_screenstream\\_audio_log.npz'
[2026-06-08T15:57:20Z] [WARN] audio log dump fail: [WinError 32] The process cannot access the file because it is being used by another process: 'D:\\Unity\\EmblemOfValor\\AgentCommands\\_screenstream\\_audio_log.npz.tmp' -> 'D:\\Unity\\EmblemOfValor\\AgentCommands\\_screenstream\\_audio_log.npz'
[2026-06-08T15:57:35Z] [WARN] audio log dump fail: [WinError 32] The process cannot access the file because it is being used by another process: 'D:\\Unity\\EmblemOfValor\\AgentCommands\\_screenstream\\_audio_log.npz.tmp' -> 'D:\\Unity\\EmblemOfValor\\AgentCommands\\_screenstream\\_audio_log.npz'
[2026-06-08T15:57:40Z] [WARN] audio log dump fail: [WinError 32] The process cannot access the file because it is being used by another process: 'D:\\Unity\\EmblemOfValor\\AgentCommands\\_screenstream\\_audio_log.npz.tmp' -> 'D:\\Unity\\EmblemOfValor\\AgentCommands\\_screenstream\\_audio_log.npz'
[2026-06-08T15:58:01Z] [WARN] audio log dump fail: [WinError 32] The process cannot access the file because it is being used by another process: 'D:\\Unity\\EmblemOfValor\\AgentCommands\\_screenstream\\_audio_log.npz.tmp' -> 'D:\\Unity\\EmblemOfValor\\AgentCommands\\_screenstream\\_audio_log.npz'
[2026-06-08T15:59:07Z] [WARN] audio log dump fail: [WinError 32] The process cannot access the file because it is being used by another process: 'D:\\Unity\\EmblemOfValor\\AgentCommands\\_screenstream\\_audio_log.npz.tmp' -> 'D:\\Unity\\EmblemOfValor\\AgentCommands\\_screenstream\\_audio_log.npz'
[2026-06-08T15:59:12Z] [WARN] audio log dump fail: [WinError 32] The process cannot access the file because it is being used by another process: 'D:\\Unity\\EmblemOfValor\\AgentCommands\\_screenstream\\_audio_log.npz.tmp' -> 'D:\\Unity\\EmblemOfValor\\AgentCommands\\_screenstream\\_audio_log.npz'
[2026-06-08T15:59:22Z] [WARN] audio log dump fail: [WinError 32] The process cannot access the file because it is being used by another process: 'D:\\Unity\\EmblemOfValor\\AgentCommands\\_screenstream\\_audio_log.npz.tmp' -> 'D:\\Unity\\EmblemOfValor\\AgentCommands\\_screenstream\\_audio_log.npz'
[2026-06-08T16:00:38Z] [WARN] audio log dump fail: [WinError 32] The process cannot access the file because it is being used by another process: 'D:\\Unity\\EmblemOfValor\\AgentCommands\\_screenstream\\_audio_log.npz.tmp' -> 'D:\\Unity\\EmblemOfValor\\AgentCommands\\_screenstream\\_audio_log.npz'
[2026-06-08T16:00:53Z] [WARN] audio log dump fail: [WinError 32] The process cannot access the file because it is being used by another process: 'D:\\Unity\\EmblemOfValor\\AgentCommands\\_screenstream\\_audio_log.npz.tmp' -> 'D:\\Unity\\EmblemOfValor\\AgentCommands\\_screenstream\\_audio_log.npz'
[2026-06-08T16:01:04Z] [WARN] audio log dump fail: [WinError 32] The process cannot access the file because it is being used by another process: 'D:\\Unity\\EmblemOfValor\\AgentCommands\\_screenstream\\_audio_log.npz.tmp' -> 'D:\\Unity\\EmblemOfValor\\AgentCommands\\_screenstream\\_audio_log.npz'
[2026-06-08T16:01:09Z] [WARN] audio log dump fail: [WinError 32] The process cannot access the file because it is being used by another process: 'D:\\Unity\\EmblemOfValor\\AgentCommands\\_screenstream\\_audio_log.npz.tmp' -> 'D:\\Unity\\EmblemOfValor\\AgentCommands\\_screenstream\\_audio_log.npz'
[2026-06-08T16:01:14Z] [WARN] audio log dump fail: [WinError 32] The process cannot access the file because it is being used by another process: 'D:\\Unity\\EmblemOfValor\\AgentCommands\\_screenstream\\_audio_log.npz.tmp' -> 'D:\\Unity\\EmblemOfValor\\AgentCommands\\_screenstream\\_audio_log.npz'
[2026-06-08T16:01:34Z] [WARN] audio log dump fail: [WinError 32] The process cannot access the file because it is being used by another process: 'D:\\Unity\\EmblemOfValor\\AgentCommands\\_screenstream\\_audio_log.npz.tmp' -> 'D:\\Unity\\EmblemOfValor\\AgentCommands\\_screenstream\\_audio_log.npz'
[2026-06-08T16:03:10Z] [WARN] audio log dump fail: [WinError 32] The process cannot access the file because it is being used by another process: 'D:\\Unity\\EmblemOfValor\\AgentCommands\\_screenstream\\_audio_log.npz.tmp' -> 'D:\\Unity\\EmblemOfValor\\AgentCommands\\_screenstream\\_audio_log.npz'
[2026-06-08T16:03:15Z] [WARN] audio log dump fail: [WinError 32] The process cannot access the file because it is being used by another process: 'D:\\Unity\\EmblemOfValor\\AgentCommands\\_screenstream\\_audio_log.npz.tmp' -> 'D:\\Unity\\EmblemOfValor\\AgentCommands\\_screenstream\\_audio_log.npz'
[2026-06-08T16:05:42Z] [WARN] audio log dump fail: [WinError 32] The process cannot access the file because it is being used by another process: 'D:\\Unity\\EmblemOfValor\\AgentCommands\\_screenstream\\_audio_log.npz.tmp' -> 'D:\\Unity\\EmblemOfValor\\AgentCommands\\_screenstream\\_audio_log.npz'
[2026-06-08T16:06:03Z] [WARN] audio log dump fail: [WinError 32] The process cannot access the file because it is being used by another process: 'D:\\Unity\\EmblemOfValor\\AgentCommands\\_screenstream\\_audio_log.npz.tmp' -> 'D:\\Unity\\EmblemOfValor\\AgentCommands\\_screenstream\\_audio_log.npz'
[2026-06-08T16:06:13Z] [WARN] audio log dump fail: [WinError 32] The process cannot access the file because it is being used by another process: 'D:\\Unity\\EmblemOfValor\\AgentCommands\\_screenstream\\_audio_log.npz.tmp' -> 'D:\\Unity\\EmblemOfValor\\AgentCommands\\_screenstream\\_audio_log.npz'
[2026-06-08T16:06:18Z] [WARN] audio log dump fail: [WinError 32] The process cannot access the file because it is being used by another process: 'D:\\Unity\\EmblemOfValor\\AgentCommands\\_screenstream\\_audio_log.npz.tmp' -> 'D:\\Unity\\EmblemOfValor\\AgentCommands\\_screenstream\\_audio_log.npz'
[2026-06-08T16:09:38Z] [ERROR] capture fail (1): [WinError 5] Access is denied: 'D:\\Unity\\EmblemOfValor\\AgentCommands\\_screenstream\\frames\\frame_0947.jpg.tmp' -> 'D:\\Unity\\EmblemOfValor\\AgentCommands\\_screenstream\\frames\\frame_0947.jpg'
[2026-06-08T16:10:40Z] [ERROR] capture fail (1): [WinError 5] Access is denied: 'D:\\Unity\\EmblemOfValor\\AgentCommands\\_screenstream\\frames\\frame_1070.jpg.tmp' -> 'D:\\Unity\\EmblemOfValor\\AgentCommands\\_screenstream\\frames\\frame_1070.jpg'
[2026-06-08T16:11:10Z] [WARN] audio log dump fail: [WinError 32] The process cannot access the file because it is being used by another process: 'D:\\Unity\\EmblemOfValor\\AgentCommands\\_screenstream\\_audio_log.npz.tmp' -> 'D:\\Unity\\EmblemOfValor\\AgentCommands\\_screenstream\\_audio_log.npz'
[2026-06-08T16:11:16Z] [WARN] audio log dump fail: [WinError 32] The process cannot access the file because it is being used by another process: 'D:\\Unity\\EmblemOfValor\\AgentCommands\\_screenstream\\_audio_log.npz.tmp' -> 'D:\\Unity\\EmblemOfValor\\AgentCommands\\_screenstream\\_audio_log.npz'
[2026-06-08T16:11:21Z] [WARN] audio log dump fail: [WinError 32] The process cannot access the file because it is being used by another process: 'D:\\Unity\\EmblemOfValor\\AgentCommands\\_screenstream\\_audio_log.npz.tmp' -> 'D:\\Unity\\EmblemOfValor\\AgentCommands\\_screenstream\\_audio_log.npz'
[2026-06-08T16:11:31Z] [WARN] audio log dump fail: [WinError 32] The process cannot access the file because it is being used by another process: 'D:\\Unity\\EmblemOfValor\\AgentCommands\\_screenstream\\_audio_log.npz.tmp' -> 'D:\\Unity\\EmblemOfValor\\AgentCommands\\_screenstream\\_audio_log.npz'
[2026-06-08T16:11:46Z] [WARN] audio log dump fail: [WinError 32] The process cannot access the file because it is being used by another process: 'D:\\Unity\\EmblemOfValor\\AgentCommands\\_screenstream\\_audio_log.npz.tmp' -> 'D:\\Unity\\EmblemOfValor\\AgentCommands\\_screenstream\\_audio_log.npz'
[2026-06-08T16:16:25Z] [WARN] audio log dump fail: [WinError 32] The process cannot access the file because it is being used by another process: 'D:\\Unity\\EmblemOfValor\\AgentCommands\\_screenstream\\_audio_log.npz.tmp' -> 'D:\\Unity\\EmblemOfValor\\AgentCommands\\_screenstream\\_audio_log.npz'
[2026-06-08T16:16:30Z] [WARN] audio log dump fail: [WinError 32] The process cannot access the file because it is being used by another process: 'D:\\Unity\\EmblemOfValor\\AgentCommands\\_screenstream\\_audio_log.npz.tmp' -> 'D:\\Unity\\EmblemOfValor\\AgentCommands\\_screenstream\\_audio_log.npz'
[2026-06-08T16:17:41Z] [WARN] audio log dump fail: [WinError 32] The process cannot access the file because it is being used by another process: 'D:\\Unity\\EmblemOfValor\\AgentCommands\\_screenstream\\_audio_log.npz.tmp' -> 'D:\\Unity\\EmblemOfValor\\AgentCommands\\_screenstream\\_audio_log.npz'
[2026-06-08T16:17:51Z] [WARN] audio log dump fail: [WinError 32] The process cannot access the file because it is being used by another process: 'D:\\Unity\\EmblemOfValor\\AgentCommands\\_screenstream\\_audio_log.npz.tmp' -> 'D:\\Unity\\EmblemOfValor\\AgentCommands\\_screenstream\\_audio_log.npz'
[2026-06-08T16:20:32Z] [WARN] audio log dump fail: [WinError 32] The process cannot access the file because it is being used by another process: 'D:\\Unity\\EmblemOfValor\\AgentCommands\\_screenstream\\_audio_log.npz.tmp' -> 'D:\\Unity\\EmblemOfValor\\AgentCommands\\_screenstream\\_audio_log.npz'
[2026-06-08T16:20:53Z] [WARN] audio log dump fail: [WinError 32] The process cannot access the file because it is being used by another process: 'D:\\Unity\\EmblemOfValor\\AgentCommands\\_screenstream\\_audio_log.npz.tmp' -> 'D:\\Unity\\EmblemOfValor\\AgentCommands\\_screenstream\\_audio_log.npz'
[2026-06-08T16:22:37Z] [ERROR] capture fail (1): [WinError 5] Access is denied: 'D:\\Unity\\EmblemOfValor\\AgentCommands\\_screenstream\\frames\\frame_0087.jpg.tmp' -> 'D:\\Unity\\EmblemOfValor\\AgentCommands\\_screenstream\\frames\\frame_0087.jpg'
[2026-06-08T16:23:49Z] [WARN] audio log dump fail: [WinError 32] The process cannot access the file because it is being used by another process: 'D:\\Unity\\EmblemOfValor\\AgentCommands\\_screenstream\\_audio_log.npz.tmp' -> 'D:\\Unity\\EmblemOfValor\\AgentCommands\\_screenstream\\_audio_log.npz'
[2026-06-08T16:26:52Z] [WARN] audio log dump fail: [WinError 32] The process cannot access the file because it is being used by another process: 'D:\\Unity\\EmblemOfValor\\AgentCommands\\_screenstream\\_audio_log.npz.tmp' -> 'D:\\Unity\\EmblemOfValor\\AgentCommands\\_screenstream\\_audio_log.npz'
[2026-06-08T16:26:57Z] [WARN] audio log dump fail: [WinError 32] The process cannot access the file because it is being used by another process: 'D:\\Unity\\EmblemOfValor\\AgentCommands\\_screenstream\\_audio_log.npz.tmp' -> 'D:\\Unity\\EmblemOfValor\\AgentCommands\\_screenstream\\_audio_log.npz'
[2026-06-08T16:27:38Z] [WARN] audio log dump fail: [WinError 32] The process cannot access the file because it is being used by another process: 'D:\\Unity\\EmblemOfValor\\AgentCommands\\_screenstream\\_audio_log.npz.tmp' -> 'D:\\Unity\\EmblemOfValor\\AgentCommands\\_screenstream\\_audio_log.npz'
[2026-06-08T16:29:14Z] [WARN] audio log dump fail: [WinError 32] The process cannot access the file because it is being used by another process: 'D:\\Unity\\EmblemOfValor\\AgentCommands\\_screenstream\\_audio_log.npz.tmp' -> 'D:\\Unity\\EmblemOfValor\\AgentCommands\\_screenstream\\_audio_log.npz'
[2026-06-08T16:29:19Z] [WARN] audio log dump fail: [WinError 32] The process cannot access the file because it is being used by another process: 'D:\\Unity\\EmblemOfValor\\AgentCommands\\_screenstream\\_audio_log.npz.tmp' -> 'D:\\Unity\\EmblemOfValor\\AgentCommands\\_screenstream\\_audio_log.npz'
[2026-06-08T16:29:24Z] [WARN] audio log dump fail: [WinError 32] The process cannot access the file because it is being used by another process: 'D:\\Unity\\EmblemOfValor\\AgentCommands\\_screenstream\\_audio_log.npz.tmp' -> 'D:\\Unity\\EmblemOfValor\\AgentCommands\\_screenstream\\_audio_log.npz'
[2026-06-08T16:30:51Z] [WARN] audio log dump fail: [WinError 32] The process cannot access the file because it is being used by another process: 'D:\\Unity\\EmblemOfValor\\AgentCommands\\_screenstream\\_audio_log.npz.tmp' -> 'D:\\Unity\\EmblemOfValor\\AgentCommands\\_screenstream\\_audio_log.npz'
[2026-06-08T16:30:56Z] [WARN] audio log dump fail: [WinError 32] The process cannot access the file because it is being used by another process: 'D:\\Unity\\EmblemOfValor\\AgentCommands\\_screenstream\\_audio_log.npz.tmp' -> 'D:\\Unity\\EmblemOfValor\\AgentCommands\\_screenstream\\_audio_log.npz'
[2026-06-08T16:31:06Z] [WARN] audio log dump fail: [WinError 32] The process cannot access the file because it is being used by another process: 'D:\\Unity\\EmblemOfValor\\AgentCommands\\_screenstream\\_audio_log.npz.tmp' -> 'D:\\Unity\\EmblemOfValor\\AgentCommands\\_screenstream\\_audio_log.npz'
[2026-06-08T16:31:11Z] [WARN] audio log dump fail: [WinError 32] The process cannot access the file because it is being used by another process: 'D:\\Unity\\EmblemOfValor\\AgentCommands\\_screenstream\\_audio_log.npz.tmp' -> 'D:\\Unity\\EmblemOfValor\\AgentCommands\\_screenstream\\_audio_log.npz'
[2026-06-08T16:32:53Z] [WARN] audio log dump fail: [WinError 32] The process cannot access the file because it is being used by another process: 'D:\\Unity\\EmblemOfValor\\AgentCommands\\_screenstream\\_audio_log.npz.tmp' -> 'D:\\Unity\\EmblemOfValor\\AgentCommands\\_screenstream\\_audio_log.npz'
[2026-06-08T16:33:03Z] [WARN] audio log dump fail: [WinError 32] The process cannot access the file because it is being used by another process: 'D:\\Unity\\EmblemOfValor\\AgentCommands\\_screenstream\\_audio_log.npz.tmp' -> 'D:\\Unity\\EmblemOfValor\\AgentCommands\\_screenstream\\_audio_log.npz'
[2026-06-08T16:33:33Z] [WARN] audio log dump fail: [WinError 32] The process cannot access the file because it is being used by another process: 'D:\\Unity\\EmblemOfValor\\AgentCommands\\_screenstream\\_audio_log.npz.tmp' -> 'D:\\Unity\\EmblemOfValor\\AgentCommands\\_screenstream\\_audio_log.npz'
[2026-06-08T16:33:49Z] [WARN] audio log dump fail: [WinError 32] The process cannot access the file because it is being used by another process: 'D:\\Unity\\EmblemOfValor\\AgentCommands\\_screenstream\\_audio_log.npz.tmp' -> 'D:\\Unity\\EmblemOfValor\\AgentCommands\\_screenstream\\_audio_log.npz'
[2026-06-08T16:34:14Z] [WARN] audio log dump fail: [WinError 32] The process cannot access the file because it is being used by another process: 'D:\\Unity\\EmblemOfValor\\AgentCommands\\_screenstream\\_audio_log.npz.tmp' -> 'D:\\Unity\\EmblemOfValor\\AgentCommands\\_screenstream\\_audio_log.npz'
[2026-06-08T16:34:35Z] [WARN] audio log dump fail: [WinError 32] The process cannot access the file because it is being used by another process: 'D:\\Unity\\EmblemOfValor\\AgentCommands\\_screenstream\\_audio_log.npz.tmp' -> 'D:\\Unity\\EmblemOfValor\\AgentCommands\\_screenstream\\_audio_log.npz'
[2026-06-08T16:34:55Z] [WARN] audio log dump fail: [WinError 32] The process cannot access the file because it is being used by another process: 'D:\\Unity\\EmblemOfValor\\AgentCommands\\_screenstream\\_audio_log.npz.tmp' -> 'D:\\Unity\\EmblemOfValor\\AgentCommands\\_screenstream\\_audio_log.npz'
[2026-06-08T16:35:05Z] [WARN] audio log dump fail: [WinError 32] The process cannot access the file because it is being used by another process: 'D:\\Unity\\EmblemOfValor\\AgentCommands\\_screenstream\\_audio_log.npz.tmp' -> 'D:\\Unity\\EmblemOfValor\\AgentCommands\\_screenstream\\_audio_log.npz'
[2026-06-08T16:35:15Z] [WARN] audio log dump fail: [WinError 32] The process cannot access the file because it is being used by another process: 'D:\\Unity\\EmblemOfValor\\AgentCommands\\_screenstream\\_audio_log.npz.tmp' -> 'D:\\Unity\\EmblemOfValor\\AgentCommands\\_screenstream\\_audio_log.npz'
[2026-06-08T16:35:41Z] [WARN] audio log dump fail: [WinError 32] The process cannot access the file because it is being used by another process: 'D:\\Unity\\EmblemOfValor\\AgentCommands\\_screenstream\\_audio_log.npz.tmp' -> 'D:\\Unity\\EmblemOfValor\\AgentCommands\\_screenstream\\_audio_log.npz'
[2026-06-08T16:37:53Z] [WARN] audio log dump fail: [WinError 32] The process cannot access the file because it is being used by another process: 'D:\\Unity\\EmblemOfValor\\AgentCommands\\_screenstream\\_audio_log.npz.tmp' -> 'D:\\Unity\\EmblemOfValor\\AgentCommands\\_screenstream\\_audio_log.npz'
[2026-06-08T16:38:44Z] [WARN] audio log dump fail: [WinError 32] The process cannot access the file because it is being used by another process: 'D:\\Unity\\EmblemOfValor\\AgentCommands\\_screenstream\\_audio_log.npz.tmp' -> 'D:\\Unity\\EmblemOfValor\\AgentCommands\\_screenstream\\_audio_log.npz'
[2026-06-08T16:39:09Z] [WARN] audio log dump fail: [WinError 32] The process cannot access the file because it is being used by another process: 'D:\\Unity\\EmblemOfValor\\AgentCommands\\_screenstream\\_audio_log.npz.tmp' -> 'D:\\Unity\\EmblemOfValor\\AgentCommands\\_screenstream\\_audio_log.npz'
[2026-06-08T16:39:55Z] [WARN] audio log dump fail: [WinError 32] The process cannot access the file because it is being used by another process: 'D:\\Unity\\EmblemOfValor\\AgentCommands\\_screenstream\\_audio_log.npz.tmp' -> 'D:\\Unity\\EmblemOfValor\\AgentCommands\\_screenstream\\_audio_log.npz'
[2026-06-08T16:40:20Z] [WARN] audio log dump fail: [WinError 32] The process cannot access the file because it is being used by another process: 'D:\\Unity\\EmblemOfValor\\AgentCommands\\_screenstream\\_audio_log.npz.tmp' -> 'D:\\Unity\\EmblemOfValor\\AgentCommands\\_screenstream\\_audio_log.npz'
[2026-06-08T16:40:26Z] [WARN] audio log dump fail: [WinError 32] The process cannot access the file because it is being used by another process: 'D:\\Unity\\EmblemOfValor\\AgentCommands\\_screenstream\\_audio_log.npz.tmp' -> 'D:\\Unity\\EmblemOfValor\\AgentCommands\\_screenstream\\_audio_log.npz'
[2026-06-08T16:40:41Z] [WARN] audio log dump fail: [WinError 32] The process cannot access the file because it is being used by another process: 'D:\\Unity\\EmblemOfValor\\AgentCommands\\_screenstream\\_audio_log.npz.tmp' -> 'D:\\Unity\\EmblemOfValor\\AgentCommands\\_screenstream\\_audio_log.npz'
[2026-06-08T16:41:11Z] [WARN] audio log dump fail: [WinError 32] The process cannot access the file because it is being used by another process: 'D:\\Unity\\EmblemOfValor\\AgentCommands\\_screenstream\\_audio_log.npz.tmp' -> 'D:\\Unity\\EmblemOfValor\\AgentCommands\\_screenstream\\_audio_log.npz'
[2026-06-08T16:42:48Z] [WARN] audio log dump fail: [WinError 32] The process cannot access the file because it is being used by another process: 'D:\\Unity\\EmblemOfValor\\AgentCommands\\_screenstream\\_audio_log.npz.tmp' -> 'D:\\Unity\\EmblemOfValor\\AgentCommands\\_screenstream\\_audio_log.npz'
[2026-06-08T16:43:28Z] [WARN] audio log dump fail: [WinError 32] The process cannot access the file because it is being used by another process: 'D:\\Unity\\EmblemOfValor\\AgentCommands\\_screenstream\\_audio_log.npz.tmp' -> 'D:\\Unity\\EmblemOfValor\\AgentCommands\\_screenstream\\_audio_log.npz'
[2026-06-08T16:44:19Z] [WARN] audio log dump fail: [WinError 32] The process cannot access the file because it is being used by another process: 'D:\\Unity\\EmblemOfValor\\AgentCommands\\_screenstream\\_audio_log.npz.tmp' -> 'D:\\Unity\\EmblemOfValor\\AgentCommands\\_screenstream\\_audio_log.npz'
[2026-06-08T16:45:00Z] [WARN] audio log dump fail: [WinError 32] The process cannot access the file because it is being used by another process: 'D:\\Unity\\EmblemOfValor\\AgentCommands\\_screenstream\\_audio_log.npz.tmp' -> 'D:\\Unity\\EmblemOfValor\\AgentCommands\\_screenstream\\_audio_log.npz'
[2026-06-08T16:45:46Z] [WARN] audio log dump fail: [WinError 32] The process cannot access the file because it is being used by another process: 'D:\\Unity\\EmblemOfValor\\AgentCommands\\_screenstream\\_audio_log.npz.tmp' -> 'D:\\Unity\\EmblemOfValor\\AgentCommands\\_screenstream\\_audio_log.npz'
[2026-06-08T16:46:52Z] [WARN] audio log dump fail: [WinError 32] The process cannot access the file because it is being used by another process: 'D:\\Unity\\EmblemOfValor\\AgentCommands\\_screenstream\\_audio_log.npz.tmp' -> 'D:\\Unity\\EmblemOfValor\\AgentCommands\\_screenstream\\_audio_log.npz'
[2026-06-08T16:46:57Z] [WARN] audio log dump fail: [WinError 32] The process cannot access the file because it is being used by another process: 'D:\\Unity\\EmblemOfValor\\AgentCommands\\_screenstream\\_audio_log.npz.tmp' -> 'D:\\Unity\\EmblemOfValor\\AgentCommands\\_screenstream\\_audio_log.npz'
[2026-06-08T16:47:02Z] [WARN] audio log dump fail: [WinError 32] The process cannot access the file because it is being used by another process: 'D:\\Unity\\EmblemOfValor\\AgentCommands\\_screenstream\\_audio_log.npz.tmp' -> 'D:\\Unity\\EmblemOfValor\\AgentCommands\\_screenstream\\_audio_log.npz'
[2026-06-08T16:48:08Z] [WARN] audio log dump fail: [WinError 32] The process cannot access the file because it is being used by another process: 'D:\\Unity\\EmblemOfValor\\AgentCommands\\_screenstream\\_audio_log.npz.tmp' -> 'D:\\Unity\\EmblemOfValor\\AgentCommands\\_screenstream\\_audio_log.npz'
[2026-06-08T16:54:37Z] [WARN] audio log dump fail: [WinError 32] The process cannot access the file because it is being used by another process: 'D:\\Unity\\EmblemOfValor\\AgentCommands\\_screenstream\\_audio_log.npz.tmp' -> 'D:\\Unity\\EmblemOfValor\\AgentCommands\\_screenstream\\_audio_log.npz'
[2026-06-08T16:55:07Z] [WARN] audio log dump fail: [WinError 32] The process cannot access the file because it is being used by another process: 'D:\\Unity\\EmblemOfValor\\AgentCommands\\_screenstream\\_audio_log.npz.tmp' -> 'D:\\Unity\\EmblemOfValor\\AgentCommands\\_screenstream\\_audio_log.npz'
[2026-06-08T16:56:24Z] [WARN] audio log dump fail: [WinError 32] The process cannot access the file because it is being used by another process: 'D:\\Unity\\EmblemOfValor\\AgentCommands\\_screenstream\\_audio_log.npz.tmp' -> 'D:\\Unity\\EmblemOfValor\\AgentCommands\\_screenstream\\_audio_log.npz'
[2026-06-08T16:56:39Z] [WARN] audio log dump fail: [WinError 32] The process cannot access the file because it is being used by another process: 'D:\\Unity\\EmblemOfValor\\AgentCommands\\_screenstream\\_audio_log.npz.tmp' -> 'D:\\Unity\\EmblemOfValor\\AgentCommands\\_screenstream\\_audio_log.npz'
[2026-06-08T16:56:44Z] [WARN] audio log dump fail: [WinError 32] The process cannot access the file because it is being used by another process: 'D:\\Unity\\EmblemOfValor\\AgentCommands\\_screenstream\\_audio_log.npz.tmp' -> 'D:\\Unity\\EmblemOfValor\\AgentCommands\\_screenstream\\_audio_log.npz'
[2026-06-08T16:57:35Z] [WARN] audio log dump fail: [WinError 32] The process cannot access the file because it is being used by another process: 'D:\\Unity\\EmblemOfValor\\AgentCommands\\_screenstream\\_audio_log.npz.tmp' -> 'D:\\Unity\\EmblemOfValor\\AgentCommands\\_screenstream\\_audio_log.npz'
[2026-06-08T16:59:32Z] [WARN] audio log dump fail: [WinError 32] The process cannot access the file because it is being used by another process: 'D:\\Unity\\EmblemOfValor\\AgentCommands\\_screenstream\\_audio_log.npz.tmp' -> 'D:\\Unity\\EmblemOfValor\\AgentCommands\\_screenstream\\_audio_log.npz'
[2026-06-08T17:00:18Z] [WARN] audio log dump fail: [WinError 32] The process cannot access the file because it is being used by another process: 'D:\\Unity\\EmblemOfValor\\AgentCommands\\_screenstream\\_audio_log.npz.tmp' -> 'D:\\Unity\\EmblemOfValor\\AgentCommands\\_screenstream\\_audio_log.npz'
[2026-06-08T17:00:23Z] [WARN] audio log dump fail: [WinError 32] The process cannot access the file because it is being used by another process: 'D:\\Unity\\EmblemOfValor\\AgentCommands\\_screenstream\\_audio_log.npz.tmp' -> 'D:\\Unity\\EmblemOfValor\\AgentCommands\\_screenstream\\_audio_log.npz'
[2026-06-08T17:03:06Z] [ERROR] capture fail (1): [WinError 32] The process cannot access the file because it is being used by another process: 'D:\\Unity\\EmblemOfValor\\AgentCommands\\_screenstream\\frames\\frame_0073.jpg.tmp' -> 'D:\\Unity\\EmblemOfValor\\AgentCommands\\_screenstream\\frames\\frame_0073.jpg'
[2026-06-08T17:03:45Z] [WARN] audio log dump fail: [WinError 32] The process cannot access the file because it is being used by another process: 'D:\\Unity\\EmblemOfValor\\AgentCommands\\_screenstream\\_audio_log.npz.tmp' -> 'D:\\Unity\\EmblemOfValor\\AgentCommands\\_screenstream\\_audio_log.npz'
[2026-06-08T17:04:46Z] [WARN] audio log dump fail: [WinError 32] The process cannot access the file because it is being used by another process: 'D:\\Unity\\EmblemOfValor\\AgentCommands\\_screenstream\\_audio_log.npz.tmp' -> 'D:\\Unity\\EmblemOfValor\\AgentCommands\\_screenstream\\_audio_log.npz'
[2026-06-08T17:11:07Z] [WARN] audio log dump fail: [WinError 32] The process cannot access the file because it is being used by another process: 'D:\\Unity\\EmblemOfValor\\AgentCommands\\_screenstream\\_audio_log.npz.tmp' -> 'D:\\Unity\\EmblemOfValor\\AgentCommands\\_screenstream\\_audio_log.npz'
[2026-06-08T17:11:58Z] [WARN] audio log dump fail: [WinError 32] The process cannot access the file because it is being used by another process: 'D:\\Unity\\EmblemOfValor\\AgentCommands\\_screenstream\\_audio_log.npz.tmp' -> 'D:\\Unity\\EmblemOfValor\\AgentCommands\\_screenstream\\_audio_log.npz'
[2026-06-08T17:12:08Z] [WARN] audio log dump fail: [WinError 32] The process cannot access the file because it is being used by another process: 'D:\\Unity\\EmblemOfValor\\AgentCommands\\_screenstream\\_audio_log.npz.tmp' -> 'D:\\Unity\\EmblemOfValor\\AgentCommands\\_screenstream\\_audio_log.npz'
[2026-06-08T17:13:04Z] [WARN] audio log dump fail: [WinError 32] The process cannot access the file because it is being used by another process: 'D:\\Unity\\EmblemOfValor\\AgentCommands\\_screenstream\\_audio_log.npz.tmp' -> 'D:\\Unity\\EmblemOfValor\\AgentCommands\\_screenstream\\_audio_log.npz'
[2026-06-08T17:16:12Z] [WARN] audio log dump fail: [WinError 32] The process cannot access the file because it is being used by another process: 'D:\\Unity\\EmblemOfValor\\AgentCommands\\_screenstream\\_audio_log.npz.tmp' -> 'D:\\Unity\\EmblemOfValor\\AgentCommands\\_screenstream\\_audio_log.npz'
[2026-06-08T17:16:28Z] [WARN] audio log dump fail: [WinError 32] The process cannot access the file because it is being used by another process: 'D:\\Unity\\EmblemOfValor\\AgentCommands\\_screenstream\\_audio_log.npz.tmp' -> 'D:\\Unity\\EmblemOfValor\\AgentCommands\\_screenstream\\_audio_log.npz'
[2026-06-08T17:16:43Z] [WARN] audio log dump fail: [WinError 32] The process cannot access the file because it is being used by another process: 'D:\\Unity\\EmblemOfValor\\AgentCommands\\_screenstream\\_audio_log.npz.tmp' -> 'D:\\Unity\\EmblemOfValor\\AgentCommands\\_screenstream\\_audio_log.npz'
[2026-06-08T17:17:34Z] [WARN] audio log dump fail: [WinError 32] The process cannot access the file because it is being used by another process: 'D:\\Unity\\EmblemOfValor\\AgentCommands\\_screenstream\\_audio_log.npz.tmp' -> 'D:\\Unity\\EmblemOfValor\\AgentCommands\\_screenstream\\_audio_log.npz'
[2026-06-08T17:22:19Z] [WARN] audio log dump fail: [WinError 32] The process cannot access the file because it is being used by another process: 'D:\\Unity\\EmblemOfValor\\AgentCommands\\_screenstream\\_audio_log.npz.tmp' -> 'D:\\Unity\\EmblemOfValor\\AgentCommands\\_screenstream\\_audio_log.npz'
[2026-06-08T17:22:29Z] [WARN] audio log dump fail: [WinError 32] The process cannot access the file because it is being used by another process: 'D:\\Unity\\EmblemOfValor\\AgentCommands\\_screenstream\\_audio_log.npz.tmp' -> 'D:\\Unity\\EmblemOfValor\\AgentCommands\\_screenstream\\_audio_log.npz'
[2026-06-08T17:22:44Z] [WARN] audio log dump fail: [WinError 32] The process cannot access the file because it is being used by another process: 'D:\\Unity\\EmblemOfValor\\AgentCommands\\_screenstream\\_audio_log.npz.tmp' -> 'D:\\Unity\\EmblemOfValor\\AgentCommands\\_screenstream\\_audio_log.npz'
[2026-06-08T17:28:14Z] [WARN] audio log dump fail: [WinError 32] The process cannot access the file because it is being used by another process: 'D:\\Unity\\EmblemOfValor\\AgentCommands\\_screenstream\\_audio_log.npz.tmp' -> 'D:\\Unity\\EmblemOfValor\\AgentCommands\\_screenstream\\_audio_log.npz'
[2026-06-08T17:29:10Z] [WARN] audio log dump fail: [WinError 32] The process cannot access the file because it is being used by another process: 'D:\\Unity\\EmblemOfValor\\AgentCommands\\_screenstream\\_audio_log.npz.tmp' -> 'D:\\Unity\\EmblemOfValor\\AgentCommands\\_screenstream\\_audio_log.npz'
[2026-06-08T17:30:01Z] [WARN] audio log dump fail: [WinError 32] The process cannot access the file because it is being used by another process: 'D:\\Unity\\EmblemOfValor\\AgentCommands\\_screenstream\\_audio_log.npz.tmp' -> 'D:\\Unity\\EmblemOfValor\\AgentCommands\\_screenstream\\_audio_log.npz'
[2026-06-08T17:34:30Z] [WARN] audio log dump fail: [WinError 32] The process cannot access the file because it is being used by another process: 'D:\\Unity\\EmblemOfValor\\AgentCommands\\_screenstream\\_audio_log.npz.tmp' -> 'D:\\Unity\\EmblemOfValor\\AgentCommands\\_screenstream\\_audio_log.npz'
[2026-06-08T17:39:05Z] [WARN] audio log dump fail: [WinError 32] The process cannot access the file because it is being used by another process: 'D:\\Unity\\EmblemOfValor\\AgentCommands\\_screenstream\\_audio_log.npz.tmp' -> 'D:\\Unity\\EmblemOfValor\\AgentCommands\\_screenstream\\_audio_log.npz'
[2026-06-08T17:39:10Z] [WARN] audio log dump fail: [WinError 32] The process cannot access the file because it is being used by another process: 'D:\\Unity\\EmblemOfValor\\AgentCommands\\_screenstream\\_audio_log.npz.tmp' -> 'D:\\Unity\\EmblemOfValor\\AgentCommands\\_screenstream\\_audio_log.npz'
[2026-06-08T17:39:20Z] [WARN] audio log dump fail: [WinError 32] The process cannot access the file because it is being used by another process: 'D:\\Unity\\EmblemOfValor\\AgentCommands\\_screenstream\\_audio_log.npz.tmp' -> 'D:\\Unity\\EmblemOfValor\\AgentCommands\\_screenstream\\_audio_log.npz'
[2026-06-08T17:39:41Z] [WARN] audio log dump fail: [WinError 32] The process cannot access the file because it is being used by another process: 'D:\\Unity\\EmblemOfValor\\AgentCommands\\_screenstream\\_audio_log.npz.tmp' -> 'D:\\Unity\\EmblemOfValor\\AgentCommands\\_screenstream\\_audio_log.npz'
[2026-06-08T17:44:05Z] [WARN] audio log dump fail: [WinError 32] The process cannot access the file because it is being used by another process: 'D:\\Unity\\EmblemOfValor\\AgentCommands\\_screenstream\\_audio_log.npz.tmp' -> 'D:\\Unity\\EmblemOfValor\\AgentCommands\\_screenstream\\_audio_log.npz'
[2026-06-08T17:47:29Z] [WARN] audio log dump fail: [WinError 32] The process cannot access the file because it is being used by another process: 'D:\\Unity\\EmblemOfValor\\AgentCommands\\_screenstream\\_audio_log.npz.tmp' -> 'D:\\Unity\\EmblemOfValor\\AgentCommands\\_screenstream\\_audio_log.npz'
[2026-06-08T17:51:37Z] [WARN] audio log dump fail: [WinError 32] The process cannot access the file because it is being used by another process: 'D:\\Unity\\EmblemOfValor\\AgentCommands\\_screenstream\\_audio_log.npz.tmp' -> 'D:\\Unity\\EmblemOfValor\\AgentCommands\\_screenstream\\_audio_log.npz'
[2026-06-08T17:52:43Z] [WARN] audio log dump fail: [WinError 32] The process cannot access the file because it is being used by another process: 'D:\\Unity\\EmblemOfValor\\AgentCommands\\_screenstream\\_audio_log.npz.tmp' -> 'D:\\Unity\\EmblemOfValor\\AgentCommands\\_screenstream\\_audio_log.npz'
[2026-06-08T17:54:41Z] [ERROR] capture fail (1): [WinError 32] The process cannot access the file because it is being used by another process: 'D:\\Unity\\EmblemOfValor\\AgentCommands\\_screenstream\\frames\\frame_0160.jpg.tmp' -> 'D:\\Unity\\EmblemOfValor\\AgentCommands\\_screenstream\\frames\\frame_0160.jpg'
[2026-06-08T17:56:28Z] [WARN] audio log dump fail: [WinError 32] The process cannot access the file because it is being used by another process: 'D:\\Unity\\EmblemOfValor\\AgentCommands\\_screenstream\\_audio_log.npz.tmp' -> 'D:\\Unity\\EmblemOfValor\\AgentCommands\\_screenstream\\_audio_log.npz'
[2026-06-08T17:57:08Z] [WARN] audio log dump fail: [WinError 32] The process cannot access the file because it is being used by another process: 'D:\\Unity\\EmblemOfValor\\AgentCommands\\_screenstream\\_audio_log.npz.tmp' -> 'D:\\Unity\\EmblemOfValor\\AgentCommands\\_screenstream\\_audio_log.npz'
[2026-06-08T18:00:11Z] [WARN] audio log dump fail: [WinError 32] The process cannot access the file because it is being used by another process: 'D:\\Unity\\EmblemOfValor\\AgentCommands\\_screenstream\\_audio_log.npz.tmp' -> 'D:\\Unity\\EmblemOfValor\\AgentCommands\\_screenstream\\_audio_log.npz'
[2026-06-08T18:00:26Z] [WARN] audio log dump fail: [WinError 32] The process cannot access the file because it is being used by another process: 'D:\\Unity\\EmblemOfValor\\AgentCommands\\_screenstream\\_audio_log.npz.tmp' -> 'D:\\Unity\\EmblemOfValor\\AgentCommands\\_screenstream\\_audio_log.npz'
[2026-06-08T18:00:51Z] [WARN] audio log dump fail: [WinError 32] The process cannot access the file because it is being used by another process: 'D:\\Unity\\EmblemOfValor\\AgentCommands\\_screenstream\\_audio_log.npz.tmp' -> 'D:\\Unity\\EmblemOfValor\\AgentCommands\\_screenstream\\_audio_log.npz'
[2026-06-08T18:00:56Z] [WARN] audio log dump fail: [WinError 32] The process cannot access the file because it is being used by another process: 'D:\\Unity\\EmblemOfValor\\AgentCommands\\_screenstream\\_audio_log.npz.tmp' -> 'D:\\Unity\\EmblemOfValor\\AgentCommands\\_screenstream\\_audio_log.npz'
[2026-06-08T18:01:01Z] [WARN] audio log dump fail: [WinError 32] The process cannot access the file because it is being used by another process: 'D:\\Unity\\EmblemOfValor\\AgentCommands\\_screenstream\\_audio_log.npz.tmp' -> 'D:\\Unity\\EmblemOfValor\\AgentCommands\\_screenstream\\_audio_log.npz'
[2026-06-08T18:04:59Z] [WARN] audio log dump fail: [WinError 32] The process cannot access the file because it is being used by another process: 'D:\\Unity\\EmblemOfValor\\AgentCommands\\_screenstream\\_audio_log.npz.tmp' -> 'D:\\Unity\\EmblemOfValor\\AgentCommands\\_screenstream\\_audio_log.npz'
[2026-06-08T18:05:30Z] [WARN] audio log dump fail: [WinError 32] The process cannot access the file because it is being used by another process: 'D:\\Unity\\EmblemOfValor\\AgentCommands\\_screenstream\\_audio_log.npz.tmp' -> 'D:\\Unity\\EmblemOfValor\\AgentCommands\\_screenstream\\_audio_log.npz'
[2026-06-08T18:06:10Z] [WARN] audio log dump fail: [WinError 32] The process cannot access the file because it is being used by another process: 'D:\\Unity\\EmblemOfValor\\AgentCommands\\_screenstream\\_audio_log.npz.tmp' -> 'D:\\Unity\\EmblemOfValor\\AgentCommands\\_screenstream\\_audio_log.npz'
[2026-06-08T18:06:15Z] [WARN] audio log dump fail: [WinError 32] The process cannot access the file because it is being used by another process: 'D:\\Unity\\EmblemOfValor\\AgentCommands\\_screenstream\\_audio_log.npz.tmp' -> 'D:\\Unity\\EmblemOfValor\\AgentCommands\\_screenstream\\_audio_log.npz'
[2026-06-08T18:06:25Z] [WARN] audio log dump fail: [WinError 32] The process cannot access the file because it is being used by another process: 'D:\\Unity\\EmblemOfValor\\AgentCommands\\_screenstream\\_audio_log.npz.tmp' -> 'D:\\Unity\\EmblemOfValor\\AgentCommands\\_screenstream\\_audio_log.npz'
[2026-06-08T18:06:36Z] [WARN] audio log dump fail: [WinError 32] The process cannot access the file because it is being used by another process: 'D:\\Unity\\EmblemOfValor\\AgentCommands\\_screenstream\\_audio_log.npz.tmp' -> 'D:\\Unity\\EmblemOfValor\\AgentCommands\\_screenstream\\_audio_log.npz'
[2026-06-08T18:06:51Z] [WARN] audio log dump fail: [WinError 32] The process cannot access the file because it is being used by another process: 'D:\\Unity\\EmblemOfValor\\AgentCommands\\_screenstream\\_audio_log.npz.tmp' -> 'D:\\Unity\\EmblemOfValor\\AgentCommands\\_screenstream\\_audio_log.npz'
[2026-06-08T18:07:01Z] [WARN] audio log dump fail: [WinError 32] The process cannot access the file because it is being used by another process: 'D:\\Unity\\EmblemOfValor\\AgentCommands\\_screenstream\\_audio_log.npz.tmp' -> 'D:\\Unity\\EmblemOfValor\\AgentCommands\\_screenstream\\_audio_log.npz'
[2026-06-08T18:07:06Z] [WARN] audio log dump fail: [WinError 32] The process cannot access the file because it is being used by another process: 'D:\\Unity\\EmblemOfValor\\AgentCommands\\_screenstream\\_audio_log.npz.tmp' -> 'D:\\Unity\\EmblemOfValor\\AgentCommands\\_screenstream\\_audio_log.npz'
[2026-06-08T18:07:11Z] [WARN] audio log dump fail: [WinError 32] The process cannot access the file because it is being used by another process: 'D:\\Unity\\EmblemOfValor\\AgentCommands\\_screenstream\\_audio_log.npz.tmp' -> 'D:\\Unity\\EmblemOfValor\\AgentCommands\\_screenstream\\_audio_log.npz'
[2026-06-08T18:07:16Z] [WARN] audio log dump fail: [WinError 32] The process cannot access the file because it is being used by another process: 'D:\\Unity\\EmblemOfValor\\AgentCommands\\_screenstream\\_audio_log.npz.tmp' -> 'D:\\Unity\\EmblemOfValor\\AgentCommands\\_screenstream\\_audio_log.npz'
[2026-06-08T18:07:21Z] [WARN] audio log dump fail: [WinError 32] The process cannot access the file because it is being used by another process: 'D:\\Unity\\EmblemOfValor\\AgentCommands\\_screenstream\\_audio_log.npz.tmp' -> 'D:\\Unity\\EmblemOfValor\\AgentCommands\\_screenstream\\_audio_log.npz'
[2026-06-08T18:07:31Z] [WARN] audio log dump fail: [WinError 32] The process cannot access the file because it is being used by another process: 'D:\\Unity\\EmblemOfValor\\AgentCommands\\_screenstream\\_audio_log.npz.tmp' -> 'D:\\Unity\\EmblemOfValor\\AgentCommands\\_screenstream\\_audio_log.npz'
[2026-06-08T18:07:36Z] [WARN] audio log dump fail: [WinError 32] The process cannot access the file because it is being used by another process: 'D:\\Unity\\EmblemOfValor\\AgentCommands\\_screenstream\\_audio_log.npz.tmp' -> 'D:\\Unity\\EmblemOfValor\\AgentCommands\\_screenstream\\_audio_log.npz'
[2026-06-08T18:07:52Z] [WARN] audio log dump fail: [WinError 32] The process cannot access the file because it is being used by another process: 'D:\\Unity\\EmblemOfValor\\AgentCommands\\_screenstream\\_audio_log.npz.tmp' -> 'D:\\Unity\\EmblemOfValor\\AgentCommands\\_screenstream\\_audio_log.npz'
[2026-06-08T18:08:07Z] [WARN] audio log dump fail: [WinError 32] The process cannot access the file because it is being used by another process: 'D:\\Unity\\EmblemOfValor\\AgentCommands\\_screenstream\\_audio_log.npz.tmp' -> 'D:\\Unity\\EmblemOfValor\\AgentCommands\\_screenstream\\_audio_log.npz'
[2026-06-08T18:10:34Z] [WARN] audio log dump fail: [WinError 32] The process cannot access the file because it is being used by another process: 'D:\\Unity\\EmblemOfValor\\AgentCommands\\_screenstream\\_audio_log.npz.tmp' -> 'D:\\Unity\\EmblemOfValor\\AgentCommands\\_screenstream\\_audio_log.npz'
[2026-06-08T18:10:44Z] [WARN] audio log dump fail: [WinError 32] The process cannot access the file because it is being used by another process: 'D:\\Unity\\EmblemOfValor\\AgentCommands\\_screenstream\\_audio_log.npz.tmp' -> 'D:\\Unity\\EmblemOfValor\\AgentCommands\\_screenstream\\_audio_log.npz'
[2026-06-08T18:12:05Z] [WARN] audio log dump fail: [WinError 32] The process cannot access the file because it is being used by another process: 'D:\\Unity\\EmblemOfValor\\AgentCommands\\_screenstream\\_audio_log.npz.tmp' -> 'D:\\Unity\\EmblemOfValor\\AgentCommands\\_screenstream\\_audio_log.npz'
[2026-06-08T18:12:16Z] [WARN] audio log dump fail: [WinError 32] The process cannot access the file because it is being used by another process: 'D:\\Unity\\EmblemOfValor\\AgentCommands\\_screenstream\\_audio_log.npz.tmp' -> 'D:\\Unity\\EmblemOfValor\\AgentCommands\\_screenstream\\_audio_log.npz'
[2026-06-08T18:13:06Z] [WARN] audio log dump fail: [WinError 32] The process cannot access the file because it is being used by another process: 'D:\\Unity\\EmblemOfValor\\AgentCommands\\_screenstream\\_audio_log.npz.tmp' -> 'D:\\Unity\\EmblemOfValor\\AgentCommands\\_screenstream\\_audio_log.npz'
[2026-06-08T18:13:57Z] [WARN] audio log dump fail: [WinError 32] The process cannot access the file because it is being used by another process: 'D:\\Unity\\EmblemOfValor\\AgentCommands\\_screenstream\\_audio_log.npz.tmp' -> 'D:\\Unity\\EmblemOfValor\\AgentCommands\\_screenstream\\_audio_log.npz'
[2026-06-08T18:14:38Z] [WARN] audio log dump fail: [WinError 32] The process cannot access the file because it is being used by another process: 'D:\\Unity\\EmblemOfValor\\AgentCommands\\_screenstream\\_audio_log.npz.tmp' -> 'D:\\Unity\\EmblemOfValor\\AgentCommands\\_screenstream\\_audio_log.npz'
[2026-06-08T18:15:08Z] [WARN] audio log dump fail: [Errno 13] Permission denied: 'D:\\Unity\\EmblemOfValor\\AgentCommands\\_screenstream\\_audio_log.npz.tmp'
[2026-06-08T18:15:23Z] [WARN] audio log dump fail: [Errno 13] Permission denied: 'D:\\Unity\\EmblemOfValor\\AgentCommands\\_screenstream\\_audio_log.npz.tmp'
[2026-06-08T18:18:54Z] [WARN] audio log dump fail: [WinError 32] The process cannot access the file because it is being used by another process: 'D:\\Unity\\EmblemOfValor\\AgentCommands\\_screenstream\\_audio_log.npz.tmp' -> 'D:\\Unity\\EmblemOfValor\\AgentCommands\\_screenstream\\_audio_log.npz'
[2026-06-08T18:19:45Z] [WARN] audio log dump fail: [WinError 32] The process cannot access the file because it is being used by another process: 'D:\\Unity\\EmblemOfValor\\AgentCommands\\_screenstream\\_audio_log.npz.tmp' -> 'D:\\Unity\\EmblemOfValor\\AgentCommands\\_screenstream\\_audio_log.npz'
[2026-06-08T18:20:00Z] [WARN] audio log dump fail: [WinError 32] The process cannot access the file because it is being used by another process: 'D:\\Unity\\EmblemOfValor\\AgentCommands\\_screenstream\\_audio_log.npz.tmp' -> 'D:\\Unity\\EmblemOfValor\\AgentCommands\\_screenstream\\_audio_log.npz'
[2026-06-08T18:24:12Z] [WARN] audio log dump fail: [WinError 32] The process cannot access the file because it is being used by another process: 'D:\\Unity\\EmblemOfValor\\AgentCommands\\_screenstream\\_audio_log.npz.tmp' -> 'D:\\Unity\\EmblemOfValor\\AgentCommands\\_screenstream\\_audio_log.npz'
[2026-06-08T18:24:58Z] [WARN] audio log dump fail: [WinError 32] The process cannot access the file because it is being used by another process: 'D:\\Unity\\EmblemOfValor\\AgentCommands\\_screenstream\\_audio_log.npz.tmp' -> 'D:\\Unity\\EmblemOfValor\\AgentCommands\\_screenstream\\_audio_log.npz'
[2026-06-08T18:25:39Z] [WARN] audio log dump fail: [WinError 32] The process cannot access the file because it is being used by another process: 'D:\\Unity\\EmblemOfValor\\AgentCommands\\_screenstream\\_audio_log.npz.tmp' -> 'D:\\Unity\\EmblemOfValor\\AgentCommands\\_screenstream\\_audio_log.npz'
[2026-06-08T18:26:50Z] [WARN] audio log dump fail: [WinError 32] The process cannot access the file because it is being used by another process: 'D:\\Unity\\EmblemOfValor\\AgentCommands\\_screenstream\\_audio_log.npz.tmp' -> 'D:\\Unity\\EmblemOfValor\\AgentCommands\\_screenstream\\_audio_log.npz'
[2026-06-08T18:26:55Z] [WARN] audio log dump fail: [WinError 32] The process cannot access the file because it is being used by another process: 'D:\\Unity\\EmblemOfValor\\AgentCommands\\_screenstream\\_audio_log.npz.tmp' -> 'D:\\Unity\\EmblemOfValor\\AgentCommands\\_screenstream\\_audio_log.npz'
[2026-06-08T18:27:00Z] [WARN] audio log dump fail: [WinError 32] The process cannot access the file because it is being used by another process: 'D:\\Unity\\EmblemOfValor\\AgentCommands\\_screenstream\\_audio_log.npz.tmp' -> 'D:\\Unity\\EmblemOfValor\\AgentCommands\\_screenstream\\_audio_log.npz'
[2026-06-08T18:36:08Z] [ERROR] capture fail (1): [WinError 5] Access is denied: 'D:\\Unity\\EmblemOfValor\\AgentCommands\\_screenstream\\frames\\frame_0281.jpg.tmp' -> 'D:\\Unity\\EmblemOfValor\\AgentCommands\\_screenstream\\frames\\frame_0281.jpg'
[2026-06-08T18:36:33Z] [WARN] audio log dump fail: [WinError 32] The process cannot access the file because it is being used by another process: 'D:\\Unity\\EmblemOfValor\\AgentCommands\\_screenstream\\_audio_log.npz.tmp' -> 'D:\\Unity\\EmblemOfValor\\AgentCommands\\_screenstream\\_audio_log.npz'
[2026-06-08T18:37:54Z] [ERROR] capture fail (1): [WinError 5] Access is denied: 'D:\\Unity\\EmblemOfValor\\AgentCommands\\_screenstream\\frames\\frame_0490.jpg.tmp' -> 'D:\\Unity\\EmblemOfValor\\AgentCommands\\_screenstream\\frames\\frame_0490.jpg'
[2026-06-08T18:38:05Z] [WARN] audio log dump fail: [WinError 32] The process cannot access the file because it is being used by another process: 'D:\\Unity\\EmblemOfValor\\AgentCommands\\_screenstream\\_audio_log.npz.tmp' -> 'D:\\Unity\\EmblemOfValor\\AgentCommands\\_screenstream\\_audio_log.npz'
[2026-06-08T18:38:20Z] [WARN] audio log dump fail: [WinError 32] The process cannot access the file because it is being used by another process: 'D:\\Unity\\EmblemOfValor\\AgentCommands\\_screenstream\\_audio_log.npz.tmp' -> 'D:\\Unity\\EmblemOfValor\\AgentCommands\\_screenstream\\_audio_log.npz'
[2026-06-08T18:38:25Z] [WARN] audio log dump fail: [WinError 32] The process cannot access the file because it is being used by another process: 'D:\\Unity\\EmblemOfValor\\AgentCommands\\_screenstream\\_audio_log.npz.tmp' -> 'D:\\Unity\\EmblemOfValor\\AgentCommands\\_screenstream\\_audio_log.npz'
[2026-06-08T18:38:35Z] [WARN] audio log dump fail: [WinError 32] The process cannot access the file because it is being used by another process: 'D:\\Unity\\EmblemOfValor\\AgentCommands\\_screenstream\\_audio_log.npz.tmp' -> 'D:\\Unity\\EmblemOfValor\\AgentCommands\\_screenstream\\_audio_log.npz'
[2026-06-08T18:39:00Z] [ERROR] capture fail (1): screen grab failed
[2026-06-08T23:42:48Z] [INFO] detected 2 monitor(s): #0=3840x2160@(0,0)(primary), #1=2560x1600@(-2560,548)
[2026-06-08T23:42:49Z] [INFO] audio viz module loaded (spectrogram + stereo_eq)
[2026-06-08T23:42:49Z] [INFO] audio capture started
[2026-06-08T23:43:44Z] [INFO] ⛔ stop.lock detected → forcing enabled=false. reason: 2026-06-08T23:43:44.6962713Z
User clicked from blackout overlay (reason: Contains sensitive login information)
[2026-06-08T23:43:44Z] [INFO] stop.lock consumed (file removed)
[2026-06-08T23:43:59Z] [WARN] bartender announce 'stop' post fail: subprocess timeout after 15.0s
[2026-06-08T23:43:59Z] [INFO] waiting for enabled=true ...
[2026-06-09T00:09:17Z] [INFO] enabled detected → start capture
[2026-06-09T00:09:32Z] [WARN] bartender announce 'start' post fail: subprocess timeout after 15.0s
[2026-06-09T00:50:08Z] [WARN] audio log dump fail: [WinError 5] Access is denied: 'D:\\Unity\\EmblemOfValor\\AgentCommands\\_screenstream\\_audio_log.npz.tmp' -> 'D:\\Unity\\EmblemOfValor\\AgentCommands\\_screenstream\\_audio_log.npz'
[2026-06-09T01:23:15Z] [WARN] audio log dump fail: [WinError 5] Access is denied: 'D:\\Unity\\EmblemOfValor\\AgentCommands\\_screenstream\\_audio_log.npz.tmp' -> 'D:\\Unity\\EmblemOfValor\\AgentCommands\\_screenstream\\_audio_log.npz'
[2026-06-09T03:56:51Z] [INFO] ⛔ stop.lock detected → forcing enabled=false. reason: 2026-06-09T03:56:51.1211030Z
User clicked from blackout overlay (reason: Contains sensitive login information)
[2026-06-09T03:56:51Z] [INFO] stop.lock consumed (file removed)
[2026-06-09T03:56:55Z] [INFO] bartender announce 'stop' posted OK
[2026-06-09T03:56:55Z] [INFO] waiting for enabled=true ...
[2026-06-09T05:29:34Z] [INFO] enabled detected → start capture
[2026-06-09T05:29:38Z] [INFO] bartender announce 'start' posted OK
[2026-06-09T10:55:09Z] [ERROR] capture fail (1): screen grab failed
[2026-06-09T10:55:10Z] [ERROR] capture fail (2): screen grab failed
[2026-06-09T10:55:10Z] [ERROR] capture fail (3): screen grab failed
[2026-06-09T11:00:46Z] [ERROR] capture fail (1): screen grab failed
[2026-06-09T11:00:47Z] [ERROR] capture fail (2): screen grab failed
[2026-06-09T15:22:14Z] [INFO] detected 2 monitor(s): #0=3840x2160@(0,0)(primary), #1=2560x1600@(-2560,548)
[2026-06-09T15:22:15Z] [INFO] audio viz module loaded (spectrogram + stereo_eq)
[2026-06-09T15:22:15Z] [INFO] audio capture started
[2026-06-09T15:23:54Z] [INFO] detected 2 monitor(s): #0=3840x2160@(0,0)(primary), #1=2560x1600@(-2560,548)
[2026-06-09T15:23:54Z] [INFO] audio viz module loaded (spectrogram + stereo_eq)
[2026-06-09T15:23:55Z] [INFO] audio capture started
[2026-06-09T15:24:39Z] [INFO] detected 2 monitor(s): #0=3840x2160@(0,0)(primary), #1=2560x1600@(-2560,548)
[2026-06-09T15:24:39Z] [INFO] audio viz module loaded (spectrogram + stereo_eq)
[2026-06-09T15:24:40Z] [INFO] audio capture started
[2026-06-09T15:25:30Z] [WARN] update_latest fail: [Errno 13] Permission denied: 'D:\\Unity\\EmblemOfValor\\AgentCommands\\_screenstream\\_latest.jpg'
[2026-06-09T15:52:41Z] [ERROR] capture fail (1): [WinError 5] Access is denied: 'D:\\Unity\\EmblemOfValor\\AgentCommands\\_screenstream\\frames\\frame_1008.jpg.tmp' -> 'D:\\Unity\\EmblemOfValor\\AgentCommands\\_screenstream\\frames\\frame_1008.jpg'
[2026-06-09T16:04:55Z] [WARN] update_latest fail: [Errno 13] Permission denied: 'D:\\Unity\\EmblemOfValor\\AgentCommands\\_screenstream\\_latest.jpg'
[2026-06-09T16:05:00Z] [WARN] update_latest fail: [Errno 13] Permission denied: 'D:\\Unity\\EmblemOfValor\\AgentCommands\\_screenstream\\_latest.jpg'
[2026-06-09T16:05:17Z] [INFO] bartender announce 'stop' posted OK
[2026-06-09T16:05:17Z] [INFO] waiting for enabled=true ...
[2026-06-09T22:26:48Z] [INFO] detected 2 monitor(s): #0=3840x2160@(0,0)(primary), #1=2560x1600@(-2560,548)
[2026-06-09T22:26:48Z] [INFO] audio viz module loaded (spectrogram + stereo_eq)
[2026-06-09T22:26:48Z] [INFO] waiting for enabled=true ...
[2026-06-09T22:33:39Z] [INFO] enabled detected → start capture
[2026-06-09T22:33:45Z] [INFO] bartender announce 'start' posted OK
[2026-06-09T22:33:45Z] [INFO] audio capture started
[2026-06-09T23:04:20Z] [INFO] detected 2 monitor(s): #0=3840x2160@(0,0)(primary), #1=2560x1600@(-2560,548)
[2026-06-09T23:04:21Z] [INFO] audio viz module loaded (spectrogram + stereo_eq)
[2026-06-09T23:04:22Z] [INFO] audio capture started
[2026-06-09T23:04:22Z] [WARN] ocr pool start skip (engine 不可用): rapidocr-onnxruntime import 失敗: No module named 'onnxruntime'; → pip install --user rapidocr-onnxruntime
[2026-06-09T23:11:01Z] [INFO] detected 2 monitor(s): #0=3840x2160@(0,0)(primary), #1=2560x1600@(-2560,548)
[2026-06-09T23:11:04Z] [INFO] audio viz module loaded (spectrogram + stereo_eq)
[2026-06-09T23:11:06Z] [INFO] audio capture started
[2026-06-09T23:11:11Z] [WARN] ocr pool start skip (engine 不可用): rapidocr-onnxruntime import 失敗: No module named 'shapely'; → pip install --user rapidocr-onnxruntime
[2026-06-09T23:12:13Z] [INFO] detected 2 monitor(s): #0=3840x2160@(0,0)(primary), #1=2560x1600@(-2560,548)
[2026-06-09T23:12:15Z] [INFO] audio viz module loaded (spectrogram + stereo_eq)
[2026-06-09T23:12:16Z] [INFO] audio capture started
[2026-06-09T23:12:28Z] [INFO] ocr worker pool started (workers=2, band y=0.78 h=0.12)
[2026-06-09T23:35:40Z] [INFO] detected 2 monitor(s): #0=3840x2160@(0,0)(primary), #1=2560x1600@(-2560,548)
[2026-06-09T23:35:40Z] [INFO] audio viz module loaded (spectrogram + stereo_eq)
[2026-06-09T23:35:41Z] [INFO] audio capture started
[2026-06-09T23:35:42Z] [INFO] ocr worker pool started (workers=2, band y=0.78 h=0.12)
[2026-06-09T23:36:10Z] [ERROR] capture fail (1): screen grab failed
[2026-06-09T23:39:10Z] [INFO] ocr worker pool stopped (processed=102, dropped=5, errors=0)
[2026-06-09T23:44:36Z] [INFO] detected 2 monitor(s): #0=3840x2160@(0,0)(primary), #1=2560x1600@(-2560,548)
[2026-06-09T23:44:36Z] [INFO] audio viz module loaded (spectrogram + stereo_eq)
[2026-06-09T23:44:37Z] [INFO] audio capture started
[2026-06-09T23:59:57Z] [INFO] ocr worker pool started (workers=1, band y=0.78 h=0.12)
[2026-06-10T00:29:22Z] [INFO] detected 2 monitor(s): #0=3840x2160@(0,0)(primary), #1=2560x1600@(-2560,548)
[2026-06-10T00:29:22Z] [INFO] audio viz module loaded (spectrogram + stereo_eq)
[2026-06-10T00:29:23Z] [INFO] audio capture started
[2026-06-10T00:29:24Z] [INFO] ocr worker pool started (workers=1, band y=0.78 h=0.12)
[2026-06-10T00:33:34Z] [ERROR] capture fail (1): [WinError 5] Access is denied: 'D:\\Unity\\EmblemOfValor\\AgentCommands\\_screenstream\\frames\\frame_0630.jpg.tmp' -> 'D:\\Unity\\EmblemOfValor\\AgentCommands\\_screenstream\\frames\\frame_0630.jpg'
[2026-06-10T01:07:16Z] [WARN] audio log dump fail: [WinError 5] Access is denied: 'D:\\Unity\\EmblemOfValor\\AgentCommands\\_screenstream\\_audio_log.npz.tmp' -> 'D:\\Unity\\EmblemOfValor\\AgentCommands\\_screenstream\\_audio_log.npz'
[2026-06-10T02:51:12Z] [WARN] audio log dump fail: [WinError 5] Access is denied: 'D:\\Unity\\EmblemOfValor\\AgentCommands\\_screenstream\\_audio_log.npz.tmp' -> 'D:\\Unity\\EmblemOfValor\\AgentCommands\\_screenstream\\_audio_log.npz'
[2026-06-10T05:31:39Z] [INFO] ⛔ stop.lock detected → forcing enabled=false. reason: 2026-06-10T05:31:39.5976734Z
User clicked from blackout overlay (reason: Contains sensitive login information)
[2026-06-10T05:31:39Z] [INFO] stop.lock consumed (file removed)
[2026-06-10T05:31:46Z] [INFO] bartender announce 'stop' posted OK
[2026-06-10T05:31:46Z] [INFO] waiting for enabled=true ...
[2026-06-10T05:35:01Z] [INFO] enabled detected → start capture
[2026-06-10T05:35:08Z] [INFO] bartender announce 'start' posted OK
[2026-06-10T10:07:02Z] [INFO] ⛔ stop.lock detected → forcing enabled=false. reason: 2026-06-10T10:07:02.2026988Z
User clicked from blackout overlay (reason: Contains sensitive login information)
[2026-06-10T10:07:02Z] [INFO] stop.lock consumed (file removed)
[2026-06-10T10:07:08Z] [INFO] bartender announce 'stop' posted OK
[2026-06-10T10:07:08Z] [INFO] waiting for enabled=true ...
[2026-06-10T10:14:24Z] [INFO] enabled detected → start capture
[2026-06-10T10:14:30Z] [INFO] bartender announce 'start' posted OK
[2026-06-10T11:24:18Z] [WARN] audio log dump fail: [WinError 5] Access is denied: 'D:\\Unity\\EmblemOfValor\\AgentCommands\\_screenstream\\_audio_log.npz.tmp' -> 'D:\\Unity\\EmblemOfValor\\AgentCommands\\_screenstream\\_audio_log.npz'
[2026-06-10T15:29:24Z] [INFO] bartender announce 'stop' posted OK
[2026-06-10T15:29:24Z] [INFO] waiting for enabled=true ...
[2026-06-10T23:57:35Z] [INFO] detected 2 monitor(s): #0=3840x2160@(0,0)(primary), #1=2560x1600@(-2560,548)
[2026-06-10T23:57:36Z] [INFO] audio viz module loaded (spectrogram + stereo_eq)
[2026-06-10T23:57:36Z] [INFO] waiting for enabled=true ...
[2026-06-11T01:31:04Z] [INFO] enabled detected → start capture
[2026-06-11T01:31:12Z] [INFO] bartender announce 'start' posted OK
[2026-06-11T01:31:12Z] [INFO] audio capture started
[2026-06-11T01:31:13Z] [INFO] ocr worker pool started (workers=1, band y=0.78 h=0.12)
[2026-06-11T05:40:21Z] [WARN] update_latest fail: [Errno 13] Permission denied: 'D:\\Unity\\EmblemOfValor\\AgentCommands\\_screenstream\\_latest.jpg'
[2026-06-11T05:40:31Z] [INFO] bartender announce 'stop' posted OK
[2026-06-11T05:40:31Z] [INFO] waiting for enabled=true ...
[2026-06-11T05:46:07Z] [INFO] enabled detected → start capture
[2026-06-11T05:46:13Z] [INFO] bartender announce 'start' posted OK
[2026-06-11T06:01:21Z] [WARN] audio log dump fail: [WinError 5] Access is denied: 'D:\\Unity\\EmblemOfValor\\AgentCommands\\_screenstream\\_audio_log.npz.tmp' -> 'D:\\Unity\\EmblemOfValor\\AgentCommands\\_screenstream\\_audio_log.npz'
[2026-06-11T08:17:20Z] [WARN] audio log dump fail: [WinError 5] Access is denied: 'D:\\Unity\\EmblemOfValor\\AgentCommands\\_screenstream\\_audio_log.npz.tmp' -> 'D:\\Unity\\EmblemOfValor\\AgentCommands\\_screenstream\\_audio_log.npz'
[2026-06-11T10:09:06Z] [WARN] update_latest fail: [Errno 13] Permission denied: 'D:\\Unity\\EmblemOfValor\\AgentCommands\\_screenstream\\_latest.jpg'
[2026-06-11T10:10:50Z] [INFO] bartender announce 'stop' posted OK
[2026-06-11T10:10:50Z] [INFO] waiting for enabled=true ...
[2026-06-11T10:10:55Z] [INFO] enabled detected → start capture
[2026-06-11T10:11:01Z] [INFO] bartender announce 'start' posted OK
[2026-06-11T10:11:24Z] [INFO] bartender announce 'stop' posted OK
[2026-06-11T10:11:24Z] [INFO] waiting for enabled=true ...
[2026-06-11T10:11:49Z] [INFO] enabled detected → start capture
[2026-06-11T10:11:54Z] [INFO] bartender announce 'start' posted OK
[2026-06-11T12:48:17Z] [INFO] ⛔ stop.lock detected → forcing enabled=false. reason: 2026-06-11T12:48:17.3758595Z
User clicked from blackout overlay (reason: Contains sensitive login information)
[2026-06-11T12:48:17Z] [INFO] stop.lock consumed (file removed)
[2026-06-11T12:48:26Z] [INFO] bartender announce 'stop' posted OK
[2026-06-11T12:48:26Z] [INFO] waiting for enabled=true ...
[2026-06-11T12:55:17Z] [INFO] enabled detected → start capture
[2026-06-11T12:55:22Z] [INFO] bartender announce 'start' posted OK
[2026-06-11T15:51:09Z] [INFO] bartender announce 'stop' posted OK
[2026-06-11T15:51:09Z] [INFO] waiting for enabled=true ...
[2026-06-12T00:13:12Z] [INFO] detected 2 monitor(s): #0=3840x2160@(0,0)(primary), #1=2560x1600@(-2560,563)
[2026-06-12T00:13:12Z] [INFO] audio viz module loaded (spectrogram + stereo_eq)
[2026-06-12T00:13:12Z] [INFO] waiting for enabled=true ...
[2026-06-12T01:04:53Z] [INFO] detected 2 monitor(s): #0=3840x2160@(0,0)(primary), #1=2560x1600@(-2560,563)
[2026-06-12T01:04:53Z] [INFO] audio viz module loaded (spectrogram + stereo_eq)
[2026-06-12T01:04:53Z] [INFO] waiting for enabled=true ...
[2026-06-12T01:05:06Z] [INFO] detected 2 monitor(s): #0=3840x2160@(0,0)(primary), #1=2560x1600@(-2560,563)
[2026-06-12T01:05:06Z] [INFO] audio viz module loaded (spectrogram + stereo_eq)
[2026-06-12T01:05:06Z] [INFO] waiting for enabled=true ...
[2026-06-12T01:13:41Z] [INFO] detected 2 monitor(s): #0=3840x2160@(0,0)(primary), #1=2560x1600@(-2560,563)
[2026-06-12T01:13:41Z] [INFO] audio viz module loaded (spectrogram + stereo_eq)
[2026-06-12T01:13:41Z] [INFO] waiting for enabled=true ...
[2026-06-12T01:16:11Z] [INFO] enabled detected → start capture
[2026-06-12T01:16:27Z] [WARN] bartender announce 'start' post fail: subprocess timeout after 15.0s
[2026-06-12T01:16:27Z] [INFO] audio capture started
[2026-06-12T01:16:29Z] [INFO] ocr worker pool started (workers=1, band y=0.78 h=0.12)
[2026-06-12T05:16:32Z] [INFO] bartender announce 'stop' posted OK
[2026-06-12T05:16:32Z] [INFO] waiting for enabled=true ...
[2026-06-12T05:17:43Z] [INFO] enabled detected → start capture
[2026-06-12T05:17:45Z] [WARN] bartender announce 'start' post fail: ✗ Cmd failed: 執行 op=post 失敗：[T07] token enforce ON, 但 post 缺 --arg session_token=<X>。跑 awakening.py whoami 撈當前 token；或從 UCL_LoginStatusPage 關閉 enforce。
  at UCL.Core.EditorLib.AgentCommands.ChatTave
[2026-06-12T06:36:54Z] [WARN] bartender announce 'stop' post fail: ✗ Cmd failed: 執行 op=post 失敗：[T07] token enforce ON, 但 post 缺 --arg session_token=<X>。跑 awakening.py whoami 撈當前 token；或從 UCL_LoginStatusPage 關閉 enforce。
  at UCL.Core.EditorLib.AgentCommands.ChatTave
[2026-06-12T06:36:54Z] [INFO] waiting for enabled=true ...
[2026-06-12T07:27:34Z] [INFO] enabled detected → start capture
[2026-06-12T07:27:39Z] [INFO] bartender announce 'start' posted OK
[2026-06-12T09:30:38Z] [INFO] bartender announce 'stop' posted OK
[2026-06-12T09:30:38Z] [INFO] waiting for enabled=true ...
[2026-06-12T09:51:17Z] [INFO] detected 2 monitor(s): #0=3840x2160@(0,0)(primary), #1=2560x1600@(-2560,563)
[2026-06-12T09:51:17Z] [INFO] audio viz module loaded (spectrogram + stereo_eq)
[2026-06-12T09:51:17Z] [INFO] waiting for enabled=true ...
[2026-06-12T09:51:34Z] [INFO] detected 2 monitor(s): #0=3840x2160@(0,0)(primary), #1=2560x1600@(-2560,563)
[2026-06-12T09:51:34Z] [INFO] audio viz module loaded (spectrogram + stereo_eq)
[2026-06-12T09:51:34Z] [INFO] waiting for enabled=true ...
[2026-06-12T09:54:19Z] [INFO] detected 2 monitor(s): #0=3840x2160@(0,0)(primary), #1=2560x1600@(-2560,563)
[2026-06-12T09:54:19Z] [INFO] audio viz module loaded (spectrogram + stereo_eq)
[2026-06-12T09:54:19Z] [INFO] waiting for enabled=true ...
[2026-06-12T09:57:53Z] [INFO] detected 2 monitor(s): #0=3840x2160@(0,0)(primary), #1=2560x1600@(-2560,563)
[2026-06-12T09:57:53Z] [INFO] audio viz module loaded (spectrogram + stereo_eq)
[2026-06-12T09:57:53Z] [INFO] waiting for enabled=true ...
[2026-06-12T09:58:54Z] [INFO] detected 2 monitor(s): #0=3840x2160@(0,0)(primary), #1=2560x1600@(-2560,563)
[2026-06-12T09:58:54Z] [INFO] audio viz module loaded (spectrogram + stereo_eq)
[2026-06-12T09:58:54Z] [INFO] waiting for enabled=true ...
[2026-06-12T12:18:43Z] [INFO] detected 2 monitor(s): #0=3840x2160@(0,0)(primary), #1=2560x1600@(-2560,563)
[2026-06-12T12:18:43Z] [INFO] audio viz module loaded (spectrogram + stereo_eq)
[2026-06-12T12:18:43Z] [INFO] waiting for enabled=true ...
[2026-06-12T12:24:09Z] [INFO] enabled detected → start capture
[2026-06-12T12:24:14Z] [WARN] bartender announce 'start' post fail: ✗ Cmd failed: 執行 op=post 失敗：[T07] token enforce ON, 但 post 缺 --arg session_token=<X>。跑 awakening.py whoami 撈當前 token；或從 UCL_LoginStatusPage 關閉 enforce。
  at UCL.Core.EditorLib.AgentCommands.ChatTave
[2026-06-12T12:24:14Z] [INFO] audio capture started
[2026-06-12T12:24:15Z] [INFO] ocr worker pool started (workers=1, band y=0.78 h=0.12)
[2026-06-12T12:31:13Z] [WARN] audio log dump fail: [WinError 5] Access is denied: 'D:\\Unity\\EmblemOfValor\\AgentCommands\\_screenstream\\_audio_log.npz.tmp' -> 'D:\\Unity\\EmblemOfValor\\AgentCommands\\_screenstream\\_audio_log.npz'
[2026-06-12T12:31:36Z] [WARN] update_latest fail: [Errno 13] Permission denied: 'D:\\Unity\\EmblemOfValor\\AgentCommands\\_screenstream\\_latest.jpg'
[2026-06-12T14:10:34Z] [WARN] update_latest fail: [Errno 13] Permission denied: 'D:\\Unity\\EmblemOfValor\\AgentCommands\\_screenstream\\_latest.jpg'
[2026-06-12T15:21:14Z] [INFO] detected 2 monitor(s): #0=3840x2160@(0,0)(primary), #1=2560x1600@(-2560,563)
[2026-06-12T15:21:14Z] [INFO] audio viz module loaded (spectrogram + stereo_eq)
[2026-06-12T15:21:15Z] [INFO] audio capture started
[2026-06-12T15:21:16Z] [INFO] ocr worker pool started (workers=1, band y=0.78 h=0.12)
[2026-06-12T15:42:00Z] [INFO] ⛔ stop.lock detected → forcing enabled=false. reason: 2026-06-12T15:41:59.6867407Z
User clicked from blackout overlay (reason: Contains sensitive login information)
[2026-06-12T15:42:00Z] [INFO] stop.lock consumed (file removed)
[2026-06-12T15:42:04Z] [WARN] bartender announce 'stop' post fail: ✗ Cmd failed: 執行 op=post 失敗：[T07] token enforce ON, 但 post 缺 --arg session_token=<X>。跑 awakening.py whoami 撈當前 token；或從 UCL_LoginStatusPage 關閉 enforce。
  at UCL.Core.EditorLib.AgentCommands.ChatTave
[2026-06-12T15:42:04Z] [INFO] waiting for enabled=true ...
[2026-06-13T01:21:31Z] [INFO] detected 2 monitor(s): #0=3840x2160@(0,0)(primary), #1=2560x1600@(-2560,563)
[2026-06-13T01:21:31Z] [INFO] audio viz module loaded (spectrogram + stereo_eq)
[2026-06-13T01:21:31Z] [INFO] waiting for enabled=true ...
[2026-06-13T02:29:53Z] [INFO] enabled detected → start capture
[2026-06-13T02:30:02Z] [INFO] bartender announce 'start' posted OK
[2026-06-13T02:30:02Z] [INFO] audio capture started
[2026-06-13T02:30:05Z] [INFO] ocr worker pool started (workers=1, band y=0.78 h=0.12)
[2026-06-13T09:56:17Z] [WARN] audio log dump fail: [WinError 5] Access is denied: 'D:\\Unity\\EmblemOfValor\\AgentCommands\\_screenstream\\_audio_log.npz.tmp' -> 'D:\\Unity\\EmblemOfValor\\AgentCommands\\_screenstream\\_audio_log.npz'
[2026-06-13T15:06:24Z] [WARN] update_latest fail: [Errno 13] Permission denied: 'D:\\Unity\\EmblemOfValor\\AgentCommands\\_screenstream\\_latest.jpg'
[2026-06-13T15:08:37Z] [WARN] update_latest fail: [Errno 13] Permission denied: 'D:\\Unity\\EmblemOfValor\\AgentCommands\\_screenstream\\_latest.jpg'
[2026-06-13T15:08:57Z] [INFO] bartender announce 'stop' posted OK
[2026-06-13T15:08:57Z] [INFO] waiting for enabled=true ...
[2026-06-14T02:12:05Z] [INFO] detected 2 monitor(s): #0=3840x2160@(0,0)(primary), #1=2560x1600@(-2560,563)
[2026-06-14T02:12:05Z] [INFO] audio viz module loaded (spectrogram + stereo_eq)
[2026-06-14T02:12:05Z] [INFO] waiting for enabled=true ...
[2026-06-14T02:28:12Z] [INFO] detected 2 monitor(s): #0=3840x2160@(0,0)(primary), #1=2560x1600@(-2560,563)
[2026-06-14T02:28:12Z] [INFO] audio viz module loaded (spectrogram + stereo_eq)
[2026-06-14T02:28:12Z] [INFO] waiting for enabled=true ...
[2026-06-14T02:28:22Z] [INFO] detected 2 monitor(s): #0=3840x2160@(0,0)(primary), #1=2560x1600@(-2560,563)
[2026-06-14T02:28:22Z] [INFO] audio viz module loaded (spectrogram + stereo_eq)
[2026-06-14T02:28:22Z] [INFO] waiting for enabled=true ...
[2026-06-14T02:37:24Z] [INFO] detected 2 monitor(s): #0=3840x2160@(0,0)(primary), #1=2560x1600@(-2560,563)
[2026-06-14T02:37:24Z] [INFO] audio viz module loaded (spectrogram + stereo_eq)
[2026-06-14T02:37:24Z] [INFO] waiting for enabled=true ...
[2026-06-14T02:37:39Z] [INFO] detected 2 monitor(s): #0=3840x2160@(0,0)(primary), #1=2560x1600@(-2560,563)
[2026-06-14T02:37:39Z] [INFO] audio viz module loaded (spectrogram + stereo_eq)
[2026-06-14T02:37:39Z] [INFO] waiting for enabled=true ...
[2026-06-14T03:17:48Z] [INFO] enabled detected → start capture
[2026-06-14T03:18:04Z] [WARN] bartender announce 'start' post fail: subprocess timeout after 15.0s
[2026-06-14T03:18:04Z] [INFO] audio capture started
[2026-06-14T03:18:06Z] [INFO] ocr worker pool started (workers=1, band y=0.78 h=0.12)
[2026-06-14T03:31:18Z] [WARN] update_latest fail: [Errno 13] Permission denied: 'D:\\Unity\\EmblemOfValor\\AgentCommands\\_screenstream\\_latest.jpg'
[2026-06-14T03:33:14Z] [INFO] bartender announce 'stop' posted OK
[2026-06-14T03:33:14Z] [INFO] waiting for enabled=true ...
[2026-06-14T03:33:19Z] [INFO] enabled detected → start capture
[2026-06-14T03:33:28Z] [INFO] bartender announce 'start' posted OK
[2026-06-14T04:08:07Z] [WARN] audio log dump fail: [WinError 5] Access is denied: 'D:\\Unity\\EmblemOfValor\\AgentCommands\\_screenstream\\_audio_log.npz.tmp' -> 'D:\\Unity\\EmblemOfValor\\AgentCommands\\_screenstream\\_audio_log.npz'
