[2026-05-08T16:22:26.665804Z] [notify] [tavern] sent 1/1 (source=tavern:config)
[2026-05-08T16:24:09.987077Z] no pending (events=46, states=14)
[2026-05-08T16:24:39.423298Z] no pending (events=46, states=14)
[2026-05-08T16:25:27.533985Z] no pending (events=46, states=14)
[2026-05-08T16:26:40.283004Z] [notify] [tavern] sent 1/1 (source=tavern:config)
[2026-05-08T16:27:05.963334Z] no pending (events=46, states=14)
[2026-05-08T16:29:15.090429Z] [notify] [tavern] sent 1/1 (source=tavern:config)
[2026-05-08T16:30:28.536070Z] [notify] [tavern] sent 1/1 (source=tavern:config)
[2026-05-08T16:30:44.211423Z] no pending (events=46, states=14)
[2026-05-08T16:33:00.260425Z] no pending (events=46, states=14)
[2026-05-08T16:37:00.696666Z] [notify] [tavern] sent 1/1 (source=tavern:config)
[2026-05-08T16:40:28.086432Z] [notify] [tavern] sent 1/1 (source=tavern:config)
[2026-05-08T16:44:47.339047Z] [notify] [tavern] sent 1/1 (source=tavern:config)
[2026-05-08T16:45:04.166879Z] no pending (events=46, states=14)
[2026-05-08T16:54:21.796298Z] [notify] [tavern] sent 1/1 (source=tavern:config)
[2026-05-08T16:54:35.875907Z] no pending (events=46, states=14)
[2026-05-08T16:55:43.429108Z] [notify] [tavern] sent 1/1 (source=tavern:config)
[2026-05-08T17:03:27.886968Z] [notify] [tavern] sent 1/1 (source=tavern:config)
[2026-05-08T17:04:18.219532Z] [notify] [tavern] sent 1/1 (source=tavern:config)
[2026-05-08T17:04:36.200550Z] no pending (events=46, states=14)
[2026-05-08T17:07:42.202103Z] [notify] [tavern] sent 1/1 (source=tavern:config)
[2026-05-08T17:08:01.603247Z] no pending (events=46, states=14)
[2026-05-08T17:09:26.325515Z] no pending (events=46, states=14)
[2026-05-08T17:10:51.562909Z] no pending (events=46, states=14)
[2026-05-08T17:17:26.906380Z] [notify] [tavern] sent 1/1 (source=tavern:config)
[2026-05-08T17:20:59.133138Z] [notify] [tavern] sent 3/3 (source=tavern:config)
[2026-05-08T17:20:59.791983Z] [notify] [tavern] sent 1/1 (source=tavern:config)
[2026-05-08T17:21:02.670194Z] [notify] [tavern] sent 1/1 (source=tavern:config)
[2026-05-08T17:21:04.346672Z] [notify] [tavern] sent 1/1 (source=tavern:config)
[2026-05-08T17:21:07.017528Z] [notify] [tavern] sent 1/1 (source=tavern:config)
[2026-05-08T17:21:07.042839Z] [notify] [tavern] sent 1/1 (source=tavern:config)
[2026-05-08T17:21:29.481879Z] [notify] [tavern] sent 1/1 (source=tavern:config)
[2026-05-08T17:21:43.929168Z] no pending (events=46, states=14)
[2026-05-08T17:23:51.812177Z] [notify] [tavern] sent 1/1 (source=tavern:config)
[2026-05-08T17:24:03.582281Z] [notify] [tavern] sent 1/1 (source=tavern:config)
[2026-05-08T17:24:20.231240Z] [notify] [tavern] sent 1/1 (source=tavern:config)
[2026-05-08T17:27:41.643557Z] [notify] [tavern] sent 1/1 (source=tavern:config)
[2026-05-08T17:27:56.909308Z] no pending (events=46, states=14)
[2026-05-08T17:31:04.938289Z] [notify] [tavern] sent 1/1 (source=tavern:config)
[2026-05-08T17:32:32.429912Z] no pending (events=46, states=14)
[2026-05-08T17:34:57.165827Z] [notify] [tavern] sent 1/1 (source=tavern:config)
[2026-05-08T17:34:57.690698Z] [notify] [tavern] sent 1/1 (source=tavern:config)
[2026-05-08T17:37:13.605440Z] [notify] [tavern] sent 1/1 (source=tavern:config)
[2026-05-08T17:37:33.220643Z] no pending (events=46, states=14)
[2026-05-08T17:37:45.756474Z] no pending (events=46, states=14)
[2026-05-08T17:55:52.334700Z] no pending (events=46, states=14)
[2026-05-08T17:58:31.622643Z] [notify] [tavern] sent 1/1 (source=tavern:config)
[2026-05-08T17:58:47.763678Z] no pending (events=46, states=14)
[2026-05-08T18:02:04.078020Z] no pending (events=46, states=14)
[2026-05-08T18:04:18.018645Z] picking next: Q20260508-180358-9987 priority=high title='Quest task lifecycle 推 Discord — per-room mirror_kinds + Op_TaskDone hybrid spawn'
[2026-05-08T18:04:19.114581Z] injected task_id=Q20260508-180358-9987 → exit 2
[2026-05-08T18:10:17.562361Z] [notify] [tavern] baseline 建立：['chat-flow-robust']（既有歷史訊息不會回放）
[2026-05-08T18:10:20.335317Z] [notify] [tavern] sent 1/1 (source=tavern:config)
[2026-05-08T18:11:00.417933Z] picking next: Q20260508-180357-40a6 priority=normal title='修 slow_mode_analysis P2 daemon (Plan_UnifiedDaemon design) + edge cases'
[2026-05-08T18:11:01.527985Z] injected task_id=Q20260508-180357-40a6 → exit 2
[2026-05-08T18:14:41.943678Z] no pending (events=55, states=17)
[2026-05-08T18:14:43.230198Z] [notify] sent（contexts=3, max_seq=55, source=config:notify_config.json, detail=[...OEgGCMP3z7yY=OK, ...PLgD01-uTSdZ=OK]）
[2026-05-08T22:52:02.637349Z] [notify] all tavern send fail (consecutive=1/5)
[2026-05-08T22:52:34.806123Z] [notify] all tavern send fail (consecutive=2/5)
[2026-05-08T22:52:37.993285Z] [notify] all tavern send fail (consecutive=3/5)
[2026-05-08T22:53:39.184421Z] [notify] all tavern send fail (consecutive=4/5)
[2026-05-08T22:53:52.257295Z] no pending (events=55, states=17)
[2026-05-08T22:53:52.742835Z] [notify] all tavern send fail (consecutive=5/5)
[2026-05-08T22:54:24.517734Z] [notify] all tavern send fail (consecutive=1/5)
[2026-05-08T22:54:57.181875Z] [notify] all tavern send fail (consecutive=2/5)
[2026-05-08T22:55:08.078454Z] no pending (events=55, states=17)
[2026-05-08T22:55:08.481405Z] [notify] all tavern send fail (consecutive=3/5)
[2026-05-08T22:55:24.056226Z] [notify] all tavern send fail (consecutive=4/5)
[2026-05-08T22:55:37.560441Z] [notify] [tavern] sent 8/8 (source=tavern:config)
[2026-05-08T22:55:43.989954Z] no pending (events=55, states=17)
[2026-05-08T22:56:20.302211Z] no pending (events=55, states=17)
[2026-05-08T22:57:53.120744Z] no pending (events=55, states=17)
[2026-05-08T23:01:02.332163Z] no pending (events=55, states=17)
[2026-05-08T23:01:38.751549Z] no pending (events=55, states=17)
[2026-05-08T23:03:41.662392Z] no pending (events=55, states=17)
[2026-05-08T23:09:25.528903Z] [notify] [tavern] sent 1/1 (source=tavern:config)
[2026-05-08T23:09:49.588307Z] no pending (events=55, states=17)
[2026-05-08T23:10:56.911650Z] no pending (events=55, states=17)
[2026-05-08T23:14:45.166058Z] [notify] [tavern] sent 1/1 (source=tavern:config)
[2026-05-08T23:14:46.278158Z] [notify] [tavern] sent 1/1 (source=tavern:config)
[2026-05-08T23:15:38.721796Z] no pending (events=55, states=17)
[2026-05-08T23:16:07.486123Z] [notify] [tavern] sent 1/1 (source=tavern:config)
[2026-05-08T23:17:44.664312Z] no pending (events=55, states=17)
[2026-05-08T23:21:02.355401Z] [notify] [tavern] baseline 建立：['tavern-entry-latency']（既有歷史訊息不會回放）
[2026-05-08T23:21:03.258321Z] [notify] [tavern] sent 1/1 (source=tavern:config)
[2026-05-08T23:21:39.738217Z] [notify] [tavern] sent 5/5 (source=tavern:config)
[2026-05-08T23:22:49.565474Z] [notify] [tavern] sent 1/1 (source=tavern:config)
[2026-05-08T23:25:06.939180Z] [notify] [tavern] sent 5/5 (source=tavern:config)
[2026-05-08T23:25:09.267944Z] no pending (events=55, states=17)
[2026-05-08T23:26:34.316127Z] picking next: Q20260508-232559-c021 priority=normal title='T08 研究 Discord→本地酒館 inbound 路由策略'
[2026-05-08T23:26:35.399104Z] injected task_id=Q20260508-232559-c021 → exit 2
[2026-05-08T23:28:35.603213Z] [notify] [tavern] sent 1/1 (source=tavern:config)
[2026-05-08T23:28:55.397651Z] picking next: Q20260508-232624-2a8c priority=normal title='T09 研究跨房 agent 協作 + wake notify 機制'
[2026-05-08T23:28:56.490126Z] injected task_id=Q20260508-232624-2a8c → exit 2
[2026-05-08T23:29:36.252527Z] [notify] [tavern] sent 1/1 (source=tavern:config)
[2026-05-08T23:29:41.883699Z] [notify] [tavern] sent 1/1 (source=tavern:config)
[2026-05-08T23:31:22.782871Z] no pending (events=61, states=19)
[2026-05-08T23:31:25.262232Z] [notify] sent（contexts=2, max_seq=61, source=config:notify_config.json, detail=[...OEgGCMP3z7yY=OK]）
[2026-05-08T23:33:43.374631Z] [notify] [tavern] sent 1/1 (source=tavern:config)
[2026-05-08T23:33:55.601429Z] no pending (events=61, states=19)
[2026-05-08T23:35:04.023788Z] [notify] [tavern] sent 3/3 (source=tavern:config)
[2026-05-08T23:37:14.550325Z] [notify] [tavern] sent 1/1 (source=tavern:config)
[2026-05-08T23:38:21.377175Z] [notify] [tavern] sent 2/2 (source=tavern:config)
[2026-05-08T23:38:29.329589Z] no pending (events=61, states=19)
[2026-05-08T23:40:37.903726Z] [notify] [tavern] sent 3/3 (source=tavern:config)
[2026-05-08T23:50:04.900800Z] [notify] [tavern] sent 6/6 (source=tavern:config)
[2026-05-08T23:50:20.921358Z] no pending (events=61, states=19)
[2026-05-08T23:51:47.728359Z] picking next: Q20260508-235114-e693 priority=normal title='T10 開發日誌帶入使用者名稱與頭像（queue-idle stream identity）'
[2026-05-08T23:51:48.823397Z] injected task_id=Q20260508-235114-e693 → exit 2
[2026-05-08T23:53:12.774076Z] [notify] [tavern] sent 1/1 (source=tavern:config)
[2026-05-08T23:53:46.147719Z] picking next: Q20260508-235136-25a8 priority=normal title='T11 分析 Error Log（CardGame/Assets/DebugLogs/Errors_latest.log）'
[2026-05-08T23:53:47.240627Z] injected task_id=Q20260508-235136-25a8 → exit 2
[2026-05-08T23:56:05.184833Z] no pending (events=67, states=21)
[2026-05-08T23:56:07.617167Z] [notify] sent（contexts=2, max_seq=67, source=config:notify_config.json, detail=[...OEgGCMP3z7yY=OK]）
[2026-05-08T23:56:31.100691Z] [notify] [tavern] sent 1/1 (source=tavern:config)
[2026-05-08T23:57:21.457731Z] [notify] [tavern] sent 3/3 (source=tavern:config)
[2026-05-08T23:59:44.336969Z] no pending (events=67, states=21)
[2026-05-08T23:59:45.121478Z] [notify] [tavern] sent 1/1 (source=tavern:config)
[2026-05-09T00:00:45.594650Z] picking next: Q20260509-000034-c841 priority=normal title='T13 Discord→Tavern inbound：以 webhook 為 channel pointer + unread wake 機制設計'
[2026-05-09T00:00:46.689186Z] injected task_id=Q20260509-000034-c841 → exit 2
[2026-05-09T00:03:04.177742Z] [notify] [tavern] sent 20/20 (source=tavern:config)
[2026-05-09T00:03:04.336152Z] no pending (events=70, states=22)
[2026-05-09T00:03:06.821858Z] [notify] sent（contexts=1, max_seq=70, source=config:notify_config.json, detail=[...OEgGCMP3z7yY=OK]）
[2026-05-09T00:07:55.073438Z] no pending (events=70, states=22)
[2026-05-09T00:13:53.259792Z] no pending (events=70, states=22)
[2026-05-09T00:13:55.556958Z] [notify] [tavern] sent 3/3 (source=tavern:config)
[2026-05-09T00:17:23.629544Z] [notify] [tavern] sent 2/2 (source=tavern:config)
[2026-05-09T00:19:58.433469Z] no pending (events=70, states=22)
[2026-05-09T00:19:59.480379Z] [notify] [tavern] sent 1/1 (source=tavern:config)
[2026-05-09T00:30:15.939424Z] no pending (events=70, states=22)
[2026-05-09T00:40:08.144133Z] [notify] [tavern] sent 2/2 (source=tavern:config)
[2026-05-09T00:41:38.115215Z] no pending (events=70, states=22)
[2026-05-09T00:41:38.925042Z] [notify] [tavern] sent 1/1 (source=tavern:config)
[2026-05-09T00:48:30.748299Z] no pending (events=70, states=22)
[2026-05-09T00:48:33.410634Z] [notify] [tavern] sent 3/3 (source=tavern:config)
[2026-05-09T01:06:45.457470Z] [notify] [tavern] sent 8/8 (source=tavern:config)
[2026-05-09T01:07:12.327784Z] no pending (events=70, states=22)
[2026-05-09T01:08:08.106394Z] no pending (events=70, states=22)
[2026-05-09T01:08:09.068244Z] [notify] [tavern] sent 1/1 (source=tavern:config)
[2026-05-09T01:15:12.269627Z] [notify] [tavern] sent 1/1 (source=tavern:config)
[2026-05-09T01:32:02.651984Z] no pending (events=70, states=22)
[2026-05-09T01:35:55.580817Z] no pending (events=70, states=22)
[2026-05-09T01:37:59.106734Z] no pending (events=70, states=22)
[2026-05-09T01:45:34.170374Z] no pending (events=70, states=22)
[2026-05-09T01:45:37.563132Z] [notify] [tavern] sent 4/4 (source=tavern:config)
[2026-05-09T02:08:01.908210Z] [notify] [tavern] sent 19/19 (source=tavern:config)
[2026-05-09T02:08:05.195393Z] [notify] [tavern] sent 19/19 (source=tavern:config)
[2026-05-09T02:08:11.235199Z] no pending (events=70, states=22)
[2026-05-09T02:14:31.122187Z] no pending (events=76, states=24)
[2026-05-09T02:14:31.588234Z] [notify] sent（contexts=2, max_seq=76, source=config:notify_config.json, detail=[...OEgGCMP3z7yY=OK]）
[2026-05-09T02:55:26.446634Z] no pending (events=76, states=24)
[2026-05-09T03:16:50.674109Z] no pending (events=81, states=26)
[2026-05-09T03:24:10.915278Z] [notify] sent（contexts=3, max_seq=84, source=config:notify_config.json, detail=[...OEgGCMP3z7yY=OK]）
[2026-05-09T03:25:10.839677Z] no pending (events=84, states=27)
[2026-05-09T03:30:44.153194Z] no pending (events=84, states=27)
[2026-05-09T03:32:32.408347Z] no pending (events=84, states=27)
[2026-05-09T03:42:27.334034Z] no pending (events=84, states=27)
[2026-05-09T03:47:24.421870Z] no pending (events=84, states=27)
[2026-05-09T03:52:25.537319Z] no pending (events=84, states=27)
[2026-05-09T04:08:17.822474Z] no pending (events=84, states=27)
[2026-05-09T04:10:28.578510Z] no pending (events=84, states=27)
[2026-05-09T04:11:25.250341Z] no pending (events=84, states=27)
[2026-05-09T04:12:59.801476Z] [notify] [tavern] sent 1/1 (source=tavern:config)
[2026-05-09T04:13:13.997133Z] no pending (events=84, states=27)
[2026-05-09T04:13:49.118562Z] [notify] [tavern] sent 1/1 (source=tavern:config)
[2026-05-09T04:15:16.062415Z] [notify] [tavern] sent 1/1 (source=tavern:config)
[2026-05-09T04:17:23.563652Z] [notify] [tavern] sent 1/1 (source=tavern:config)
[2026-05-09T04:17:35.335251Z] no pending (events=84, states=27)
[2026-05-09T04:19:03.485853Z] no pending (events=84, states=27)
[2026-05-09T04:20:24.053595Z] [notify] [tavern] sent 20/20 (source=tavern:config)
[2026-05-09T04:25:18.573796Z] [notify] [tavern] sent 2/2 (source=tavern:config)
[2026-05-09T04:27:16.864602Z] no pending (events=84, states=27)
[2026-05-09T04:27:17.848462Z] [notify] [tavern] sent 1/1 (source=tavern:config)
[2026-05-09T04:29:05.935940Z] no pending (events=84, states=27)
[2026-05-09T04:35:21.635439Z] [notify] [tavern] sent 1/1 (source=tavern:config)
[2026-05-09T04:35:43.095983Z] [notify] [tavern] sent 1/1 (source=tavern:config)
[2026-05-09T04:35:48.627765Z] no pending (events=84, states=27)
[2026-05-09T04:39:44.278778Z] [notify] [tavern] sent 1/1 (main=0 src=tavern:config | quest=1 src=quest:config)
[2026-05-09T04:40:27.831976Z] no pending (events=84, states=27)
[2026-05-09T04:43:57.518984Z] [notify] [tavern] sent 1/1 (main=1 src=tavern:config | quest=0 src=quest:config)
[2026-05-09T04:44:45.427486Z] no pending (events=84, states=27)
[2026-05-09T04:49:29.361307Z] no pending (events=84, states=27)
[2026-05-09T04:53:06.910575Z] no pending (events=84, states=27)
[2026-05-09T04:53:34.979151Z] [notify] [tavern] sent 1/1 (main=1 src=tavern:config | quest=0 src=quest:config)
[2026-05-09T04:55:00.586389Z] [notify] [tavern] sent 1/1 (main=1 src=tavern:config | quest=0 src=quest:config)
[2026-05-09T04:55:47.547903Z] [notify] [tavern] sent 1/1 (main=1 src=tavern:config | quest=0 src=quest:config)
[2026-05-09T04:57:10.052151Z] no pending (events=84, states=27)
[2026-05-09T04:57:54.529891Z] [notify] [tavern] sent 1/1 (main=1 src=tavern:config | quest=0 src=quest:config)
[2026-05-09T05:01:59.915543Z] [notify] [tavern] sent 1/1 (main=1 src=tavern:config | quest=0 src=quest:config)
[2026-05-09T05:06:51.371873Z] [notify] [tavern] sent 1/1 (main=1 src=tavern:config | quest=0 src=quest:config)
[2026-05-09T05:07:00.240396Z] [notify] [tavern] sent 1/1 (main=1 src=tavern:config | quest=0 src=quest:config)
[2026-05-09T05:11:24.340028Z] [notify] [tavern] sent 1/1 (main=1 src=tavern:config | quest=0 src=quest:config)
[2026-05-09T05:15:34.819736Z] [notify] [tavern] sent 1/1 (main=1 src=tavern:config | quest=0 src=quest:config)
[2026-05-09T05:17:55.671996Z] [notify] [tavern] sent 1/1 (main=1 src=tavern:config | quest=0 src=quest:config)
[2026-05-09T05:18:35.651461Z] [notify] [tavern] sent 1/1 (main=1 src=tavern:config | quest=0 src=quest:config)
[2026-05-09T05:22:25.530075Z] [notify] [tavern] sent 1/1 (main=1 src=tavern:config | quest=0 src=quest:config)
[2026-05-09T05:24:36.564094Z] [notify] [tavern] sent 1/1 (main=1 src=tavern:config | quest=0 src=quest:config)
[2026-05-09T05:26:47.102512Z] [notify] [tavern] sent 1/1 (main=1 src=tavern:config | quest=0 src=quest:config)
[2026-05-09T05:30:34.684222Z] [notify] all tavern send fail (consecutive=1/5)
[2026-05-09T05:31:54.713085Z] no pending (events=84, states=27)
[2026-05-09T05:31:55.466644Z] [notify] all tavern send fail (consecutive=2/5)
[2026-05-09T05:32:16.304041Z] [notify] all tavern send fail (consecutive=3/5)
[2026-05-09T05:35:17.070288Z] [notify] all tavern send fail (consecutive=4/5)
[2026-05-09T05:38:17.892824Z] [notify] all tavern send fail (consecutive=5/5)
[2026-05-09T06:06:50.531869Z] [notify] all tavern send fail (consecutive=1/5)
[2026-05-09T06:08:10.995108Z] [notify] all tavern send fail (consecutive=2/5)
[2026-05-09T06:11:02.265247Z] [notify] all tavern send fail (consecutive=1/5)
[2026-05-09T06:12:04.497724Z] [notify] [tavern] sent 7/7 (main=7 src=tavern:config | quest=0 src=quest:config)
[2026-05-09T06:12:38.628033Z] [notify] [tavern] sent 1/1 (main=1 src=tavern:config | quest=0 src=quest:config)
[2026-05-09T06:20:54.790882Z] [notify] [tavern] sent 1/1 (main=1 src=tavern:config | quest=0 src=quest:config)
[2026-05-09T06:24:32.913350Z] [notify] [tavern] sent 1/1 (main=1 src=tavern:config | quest=0 src=quest:config)
[2026-05-09T06:32:38.346543Z] [notify] [tavern] sent 1/1 (main=1 src=tavern:config | quest=0 src=quest:config)
[2026-05-09T06:32:50.729742Z] [notify] [tavern] sent 1/1 (main=1 src=tavern:config | quest=0 src=quest:config)
[2026-05-09T06:32:59.878863Z] [notify] [tavern] sent 1/1 (main=1 src=tavern:config | quest=0 src=quest:config)
[2026-05-09T06:37:59.832819Z] [notify] [tavern] sent 1/1 (main=1 src=tavern:config | quest=0 src=quest:config)
[2026-05-09T06:38:01.955468Z] [notify] [tavern] sent 1/1 (main=1 src=tavern:config | quest=0 src=quest:config)
[2026-05-09T06:38:04.056820Z] [notify] [tavern] sent 1/1 (main=1 src=tavern:config | quest=0 src=quest:config)
[2026-05-09T06:38:04.985275Z] [notify] [tavern] sent 1/1 (main=1 src=tavern:config | quest=0 src=quest:config)
[2026-05-09T06:38:07.009999Z] [notify] [tavern] sent 1/1 (main=1 src=tavern:config | quest=0 src=quest:config)
[2026-05-09T06:38:09.048788Z] [notify] [tavern] sent 1/1 (main=1 src=tavern:config | quest=0 src=quest:config)
[2026-05-09T06:38:10.406884Z] [notify] [tavern] sent 1/1 (main=1 src=tavern:config | quest=0 src=quest:config)
[2026-05-09T06:38:11.743930Z] [notify] [tavern] sent 1/1 (main=1 src=tavern:config | quest=0 src=quest:config)
[2026-05-09T06:38:13.297673Z] [notify] [tavern] sent 2/2 (main=2 src=tavern:config | quest=0 src=quest:config)
[2026-05-09T06:38:14.457323Z] [notify] [tavern] sent 1/1 (main=1 src=tavern:config | quest=0 src=quest:config)
[2026-05-09T06:38:16.323725Z] [notify] [tavern] sent 1/1 (main=1 src=tavern:config | quest=0 src=quest:config)
[2026-05-09T06:38:18.470911Z] [notify] [tavern] sent 1/1 (main=1 src=tavern:config | quest=0 src=quest:config)
[2026-05-09T06:38:20.548882Z] [notify] [tavern] sent 1/1 (main=1 src=tavern:config | quest=0 src=quest:config)
[2026-05-09T06:38:22.702898Z] [notify] [tavern] sent 1/1 (main=1 src=tavern:config | quest=0 src=quest:config)
[2026-05-09T06:38:24.739986Z] [notify] [tavern] sent 1/1 (main=1 src=tavern:config | quest=0 src=quest:config)
[2026-05-09T06:38:27.061485Z] [notify] [tavern] sent 1/1 (main=1 src=tavern:config | quest=0 src=quest:config)
[2026-05-09T06:38:27.774525Z] [notify] [tavern] sent 1/1 (main=1 src=tavern:config | quest=0 src=quest:config)
[2026-05-09T06:38:29.903799Z] [notify] [tavern] sent 1/1 (main=1 src=tavern:config | quest=0 src=quest:config)
[2026-05-09T06:38:31.940882Z] [notify] [tavern] sent 1/1 (main=1 src=tavern:config | quest=0 src=quest:config)
[2026-05-09T06:38:34.388671Z] [notify] [tavern] sent 1/1 (main=1 src=tavern:config | quest=0 src=quest:config)
[2026-05-09T06:38:36.147410Z] [notify] [tavern] sent 2/2 (main=2 src=tavern:config | quest=0 src=quest:config)
[2026-05-09T06:38:37.364968Z] [notify] [tavern] sent 2/2 (main=2 src=tavern:config | quest=0 src=quest:config)
[2026-05-09T06:38:39.024286Z] [notify] [tavern] sent 2/2 (main=2 src=tavern:config | quest=0 src=quest:config)
[2026-05-09T06:38:39.433701Z] [notify] [tavern] sent 2/2 (main=2 src=tavern:config | quest=0 src=quest:config)
[2026-05-09T06:38:41.768178Z] [notify] [tavern] sent 3/3 (main=3 src=tavern:config | quest=0 src=quest:config)
[2026-05-09T06:38:42.282939Z] [notify] [tavern] sent 2/2 (main=2 src=tavern:config | quest=0 src=quest:config)
[2026-05-09T06:38:43.375669Z] [notify] [tavern] sent 1/1 (main=1 src=tavern:config | quest=0 src=quest:config)
[2026-05-09T06:38:57.526634Z] [notify] [tavern] sent 1/1 (main=1 src=tavern:config | quest=0 src=quest:config)
[2026-05-09T06:38:58.573132Z] [notify] [tavern] sent 1/1 (main=1 src=tavern:config | quest=0 src=quest:config)
[2026-05-09T06:38:59.779842Z] [notify] [tavern] sent 1/1 (main=1 src=tavern:config | quest=0 src=quest:config)
[2026-05-09T06:39:00.923247Z] [notify] [tavern] sent 1/1 (main=1 src=tavern:config | quest=0 src=quest:config)
[2026-05-09T06:39:19.779826Z] [notify] [tavern] sent 1/1 (main=1 src=tavern:config | quest=0 src=quest:config)
[2026-05-09T06:39:21.190899Z] [notify] [tavern] sent 1/1 (main=1 src=tavern:config | quest=0 src=quest:config)
[2026-05-09T06:39:23.025643Z] [notify] [tavern] sent 2/2 (main=2 src=tavern:config | quest=0 src=quest:config)
[2026-05-09T06:57:37.914777Z] [notify] [tavern] sent 1/1 (main=1 src=tavern:config | quest=0 src=quest:config)
[2026-05-09T08:55:39.494765Z] [notify] [tavern] sent 1/1 (main=1 src=tavern:config | quest=0 src=quest:config)
[2026-05-09T08:55:50.163174Z] [notify] [tavern] sent 1/1 (main=1 src=tavern:config | quest=0 src=quest:config)
[2026-05-09T08:56:02.745783Z] [notify] [tavern] sent 1/1 (main=1 src=tavern:config | quest=0 src=quest:config)
[2026-05-09T08:56:14.713681Z] [notify] [tavern] sent 1/1 (main=1 src=tavern:config | quest=0 src=quest:config)
[2026-05-09T08:56:26.098754Z] [notify] [tavern] sent 1/1 (main=1 src=tavern:config | quest=0 src=quest:config)
[2026-05-09T08:56:27.730596Z] [notify] [tavern] sent 1/1 (main=1 src=tavern:config | quest=0 src=quest:config)
[2026-05-09T08:56:29.098591Z] [notify] [tavern] sent 1/1 (main=1 src=tavern:config | quest=0 src=quest:config)
[2026-05-09T08:56:31.524634Z] [notify] [tavern] sent 1/1 (main=1 src=tavern:config | quest=0 src=quest:config)
[2026-05-09T08:56:33.393388Z] [notify] [tavern] sent 1/1 (main=1 src=tavern:config | quest=0 src=quest:config)
[2026-05-09T08:56:35.793462Z] [notify] [tavern] sent 1/1 (main=1 src=tavern:config | quest=0 src=quest:config)
[2026-05-09T08:56:37.437183Z] [notify] [tavern] sent 1/1 (main=1 src=tavern:config | quest=0 src=quest:config)
[2026-05-09T08:56:39.747211Z] [notify] [tavern] sent 1/1 (main=1 src=tavern:config | quest=0 src=quest:config)
[2026-05-09T08:56:42.338762Z] [notify] [tavern] sent 1/1 (main=1 src=tavern:config | quest=0 src=quest:config)
[2026-05-09T08:56:43.448064Z] [notify] [tavern] sent 2/2 (main=2 src=tavern:config | quest=0 src=quest:config)
[2026-05-09T08:56:44.807703Z] [notify] [tavern] sent 1/1 (main=1 src=tavern:config | quest=0 src=quest:config)
[2026-05-09T08:56:46.684645Z] [notify] [tavern] sent 1/1 (main=1 src=tavern:config | quest=0 src=quest:config)
[2026-05-09T08:56:49.160107Z] [notify] [tavern] sent 1/1 (main=1 src=tavern:config | quest=0 src=quest:config)
[2026-05-09T08:56:51.101813Z] [notify] [tavern] sent 1/1 (main=1 src=tavern:config | quest=0 src=quest:config)
[2026-05-09T08:56:54.516239Z] [notify] [tavern] sent 1/1 (main=1 src=tavern:config | quest=0 src=quest:config)
[2026-05-09T08:56:55.264591Z] [notify] [tavern] sent 2/2 (main=2 src=tavern:config | quest=0 src=quest:config)
[2026-05-09T08:56:56.025350Z] [notify] [tavern] sent 1/1 (main=1 src=tavern:config | quest=0 src=quest:config)
[2026-05-09T08:56:58.273538Z] [notify] [tavern] sent 1/1 (main=1 src=tavern:config | quest=0 src=quest:config)
[2026-05-09T08:57:00.104539Z] [notify] [tavern] sent 1/1 (main=1 src=tavern:config | quest=0 src=quest:config)
[2026-05-09T08:57:02.744216Z] [notify] [tavern] sent 1/1 (main=1 src=tavern:config | quest=0 src=quest:config)
[2026-05-09T08:57:04.341527Z] [notify] [tavern] sent 1/1 (main=1 src=tavern:config | quest=0 src=quest:config)
[2026-05-09T08:57:06.788761Z] [notify] [tavern] sent 1/1 (main=1 src=tavern:config | quest=0 src=quest:config)
[2026-05-09T08:57:08.622897Z] [notify] [tavern] sent 1/1 (main=1 src=tavern:config | quest=0 src=quest:config)
[2026-05-09T08:57:09.804290Z] [notify] [tavern] sent 1/1 (main=1 src=tavern:config | quest=0 src=quest:config)
[2026-05-09T10:35:36.260524Z] [notify] [tavern] sent 1/1 (main=1 src=tavern:config | quest=0 src=quest:config)
[2026-05-09T10:39:33.377042Z] [notify] [tavern] sent 1/1 (main=1 src=tavern:config | quest=0 src=quest:config)
[2026-05-09T10:42:57.878219Z] [notify] [tavern] sent 1/1 (main=1 src=tavern:config | quest=0 src=quest:config)
[2026-05-09T10:45:18.384196Z] [notify] [tavern] sent 1/1 (main=1 src=tavern:config | quest=0 src=quest:config)
[2026-05-09T10:47:58.788398Z] [notify] [tavern] sent 1/1 (main=1 src=tavern:config | quest=0 src=quest:config)
[2026-05-09T10:48:19.777478Z] [notify] [tavern] sent 1/1 (main=1 src=tavern:config | quest=0 src=quest:config)
[2026-05-09T10:49:11.595093Z] [notify] [tavern] sent 1/1 (main=1 src=tavern:config | quest=0 src=quest:config)
[2026-05-09T10:51:17.327144Z] [notify] [tavern] sent 1/1 (main=1 src=tavern:config | quest=0 src=quest:config)
[2026-05-09T11:01:12.096995Z] [notify] [tavern] sent 1/1 (main=1 src=tavern:config | quest=0 src=quest:config)
[2026-05-09T11:04:03.038384Z] [notify] [tavern] sent 1/1 (main=0 src=tavern:config | quest=1 src=quest:config)
[2026-05-09T11:05:45.518154Z] [notify] [tavern] sent 20/20 (main=0 src=tavern:config | quest=20 src=quest:config)
[2026-05-09T11:05:52.186378Z] [notify] [tavern] sent 16/20 (main=0 src=tavern:config | quest=16 src=quest:config)
[2026-05-09T11:05:53.173920Z] [notify] [tavern] sent 1/6 (main=0 src=tavern:config | quest=1 src=quest:config)
[2026-05-09T11:07:47.046893Z] [notify] [tavern] sent 6/6 (main=1 src=tavern:config | quest=5 src=quest:config)
[2026-05-09T11:12:18.427224Z] [notify] [tavern] sent 4/4 (main=4 src=tavern:config | quest=0 src=quest:config)
[2026-05-09T11:17:54.169345Z] [notify] [tavern] sent 1/1 (main=1 src=tavern:config | quest=0 src=quest:config)
[2026-05-09T11:28:37.025157Z] [notify] [tavern] sent 1/1 (main=1 src=tavern:config | quest=0 src=quest:config)
[2026-05-09T11:38:00.785378Z] [notify] [tavern] sent 3/3 (main=3 src=tavern:config | quest=0 src=quest:config)
[2026-05-09T11:38:43.821950Z] [notify] [tavern] sent 1/1 (main=1 src=tavern:config | quest=0 src=quest:config)
[2026-05-09T11:40:26.091678Z] [notify] [tavern] sent 1/1 (main=1 src=tavern:config | quest=0 src=quest:config)
[2026-05-09T11:49:16.981453Z] [notify] [tavern] sent 1/1 (main=1 src=tavern:config | quest=0 src=quest:config)
[2026-05-09T11:49:51.114379Z] [notify] [tavern] sent 1/1 (main=1 src=tavern:config | quest=0 src=quest:config)
[2026-05-09T12:01:06.368569Z] [notify] [tavern] sent 1/1 (main=1 src=tavern:config | quest=0 src=quest:config)
[2026-05-09T12:02:27.399059Z] [notify] [tavern] sent 1/1 (main=1 src=tavern:config | quest=0 src=quest:config)
[2026-05-09T12:07:54.596267Z] [notify] [tavern] sent 1/1 (main=1 src=tavern:config | quest=0 src=quest:config)
[2026-05-09T12:19:09.060578Z] [notify] [tavern] sent 1/1 (main=1 src=tavern:config | quest=0 src=quest:config)
[2026-05-09T13:15:16.198722Z] [notify] [tavern] sent 1/1 (main=1 src=tavern:config | quest=0 src=quest:config)
[2026-05-09T13:15:40.562178Z] [notify] [tavern] sent 1/1 (main=1 src=tavern:config | quest=0 src=quest:config)
[2026-05-09T13:19:48.224164Z] [notify] [tavern] sent 1/1 (main=1 src=tavern:config | quest=0 src=quest:config)
[2026-05-09T13:23:58.409461Z] [notify] [tavern] sent 1/1 (main=0 | quest=0 | category=1 groups=3)
[2026-05-09T13:24:59.122935Z] [notify] all tavern send fail (consecutive=1/5)
[2026-05-09T13:25:03.387286Z] [notify] all tavern send fail (consecutive=2/5)
[2026-05-09T13:25:46.157627Z] [notify] [tavern] sent 1/1 (main=0 | quest=0 | category=1 groups=3)
[2026-05-09T13:29:05.324926Z] [notify] [tavern] sent 1/1 (main=0 | quest=0 | category=1 groups=3)
[2026-05-09T13:30:44.899895Z] [notify] [tavern] sent 1/1 (main=0 | quest=0 | category=1 groups=3)
[2026-05-09T13:36:18.702580Z] [notify] [tavern] sent 1/1 (main=0 | quest=0 | category=1 groups=3)
[2026-05-09T13:37:58.749934Z] [notify] [tavern] sent 1/1 (main=0 | quest=0 | category=1 groups=3)
[2026-05-09T13:40:47.742635Z] [notify] [tavern] sent 1/1 (main=0 | quest=0 | category=1 groups=3)
[2026-05-09T13:41:49.655295Z] [notify] [tavern] sent 1/1 (main=0 | quest=0 | category=1 groups=3)
[2026-05-09T13:42:27.291385Z] [notify] [tavern] sent 1/1 (main=0 | quest=0 | category=1 groups=3)
[2026-05-09T13:44:25.313974Z] [notify] [tavern] sent 1/1 (main=0 | quest=0 | category=1 groups=3)
[2026-05-09T13:46:13.173388Z] [notify] [tavern] sent 1/1 (main=0 | quest=0 | category=1 groups=3)
[2026-05-09T13:46:31.918342Z] [notify] all tavern send fail (consecutive=1/5)
[2026-05-09T13:46:35.870920Z] [notify] all tavern send fail (consecutive=2/5)
[2026-05-09T13:48:25.600835Z] [notify] all tavern send fail (consecutive=3/5)
[2026-05-09T13:54:48.238346Z] [notify] all tavern send fail (consecutive=4/5)
[2026-05-09T13:55:08.639284Z] [notify] all tavern send fail (consecutive=5/5)
[2026-05-09T14:23:33.905711Z] [notify] [tavern] sent 2/2 (main=2 | quest=0 | category=2 groups=3)
[2026-05-09T14:24:17.901326Z] [notify] [tavern] sent 1/1 (main=1 | quest=0 | category=1 groups=3)
[2026-05-09T14:26:00.290710Z] [notify] [tavern] sent 1/1 (main=1 | quest=0 | category=1 groups=3)
[2026-05-09T15:01:08.165667Z] [notify] [tavern] sent 1/1 (main=1 | quest=0 | category=1 groups=3)
[2026-05-09T15:03:16.963658Z] [notify] [tavern] sent 1/1 (main=1 | quest=0 | category=0 groups=3)
[2026-05-09T15:08:47.289925Z] [notify] [tavern] sent 1/1 (main=1 | quest=0 | category=1 groups=3)
[2026-05-09T15:09:01.775181Z] [notify] [category-routing] group 'chitchat-channel' 全部 webhook URL 都是 placeholder (1 個)，跳過 broadcast
[2026-05-09T15:09:02.723979Z] [notify] [tavern] sent 1/1 (main=1 | quest=0 | category=0 groups=3)
[2026-05-09T15:09:55.595718Z] [notify] [tavern] sent 1/1 (main=1 | quest=0 | category=1 groups=3)
[2026-05-09T15:14:10.956641Z] [notify] [tavern] sent 1/1 (main=1 | quest=0 | category=1 groups=3)
[2026-05-09T15:17:49.464766Z] [notify] [category-routing] group 'lounge-channel' 全部 webhook URL 都是 placeholder (1 個)，跳過 broadcast
[2026-05-09T15:17:50.385542Z] [notify] [tavern] sent 1/1 (main=1 | quest=0 | category=0 groups=3)
[2026-05-09T15:29:14.237715Z] [notify] [tavern] sent 1/1 (main=1 | quest=0 | category=1 groups=3)
[2026-05-09T15:30:05.610937Z] [notify] [tavern] sent 1/1 (main=1 | quest=0 | category=1 groups=3)
[2026-05-09T15:34:59.116949Z] [notify] [tavern] sent 1/1 (main=1 | quest=0 | category=1 groups=3)
[2026-05-09T15:35:03.439903Z] [notify] [tavern] sent 1/1 (main=1 | quest=0 | category=1 groups=3)
[2026-05-09T15:35:07.665516Z] [notify] [tavern] sent 1/1 (main=1 | quest=0 | category=1 groups=3)
[2026-05-09T15:40:22.852383Z] [notify] [tavern] sent 1/1 (main=1 | quest=0 | category=1 groups=3)
[2026-05-09T15:42:24.889118Z] [notify] [tavern] sent 1/1 (main=1 | quest=0 | category=1 groups=3)
[2026-05-09T15:42:51.875027Z] [notify] [tavern] sent 1/1 (main=1 | quest=0 | category=1 groups=3)
[2026-05-09T15:43:25.144051Z] [notify] [tavern] sent 1/1 (main=1 | quest=0 | category=1 groups=3)
[2026-05-09T15:47:13.470623Z] [notify] [tavern] sent 1/1 (main=1 | quest=0 | category=1 groups=3)
[2026-05-09T15:50:02.719641Z] [notify] [tavern] sent 1/1 (main=1 | quest=0 | category=1 groups=3)
[2026-05-09T15:59:26.370429Z] [notify] [tavern] sent 1/1 (main=1 | quest=0 | category=1 groups=3)
[2026-05-09T16:05:59.934914Z] [notify] [tavern] sent 1/1 (main=1 | quest=0 | category=1 groups=3)
[2026-05-09T16:18:38.826695Z] [notify] [tavern] sent 1/1 (main=1 | quest=0 | category=1 groups=3)
[2026-05-09T22:38:37.914094Z] [notify] [tavern] sent 1/1 (main=1 | quest=0 | category=0 groups=3)
[2026-05-09T22:52:20.792761Z] [notify] [tavern] sent 1/1 (main=1 | quest=0 | category=0 groups=3)
[2026-05-09T22:55:09.064648Z] [notify] [tavern] sent 1/1 (main=1 | quest=0 | category=0 groups=3)
[2026-05-09T23:18:29.450926Z] [notify] [tavern] sent 1/1 (main=1 | quest=0 | category=0 groups=3)
[2026-05-09T23:19:54.306993Z] [notify] [tavern] sent 1/1 (main=1 | quest=0 | category=0 groups=3)
[2026-05-09T23:25:07.993837Z] [notify] [tavern] sent 1/1 (main=1 | quest=0 | category=0 groups=3)
[2026-05-09T23:25:56.826676Z] [notify] [tavern] sent 1/1 (main=1 | quest=0 | category=0 groups=3)
[2026-05-09T23:28:27.662913Z] [notify] [tavern] sent 1/1 (main=1 | quest=0 | category=0 groups=3)
[2026-05-10T00:06:18.905981Z] [notify] [tavern] sent 1/1 (main=1 | quest=0 | category=1 groups=4)
[2026-05-10T00:25:22.874719Z] [notify] [tavern] sent 1/1 (main=1 | quest=0 | category=0 groups=4)
[2026-05-10T00:44:06.825488Z] [notify] [tavern] sent 1/1 (main=1 | quest=0 | category=1 groups=4)
[2026-05-10T00:47:14.270530Z] [notify] [tavern] sent 1/1 (main=1 | quest=0 | category=1 groups=4)
[2026-05-10T00:51:05.445737Z] [notify] [tavern] sent 2/2 (main=2 | quest=0 | category=2 groups=4)
[2026-05-10T02:06:04.126261Z] [notify] [tavern] sent 1/1 (main=1 | quest=0 | category=1 groups=4)
[2026-05-10T02:13:13.581688Z] [notify] [tavern] sent 4/4 (main=4 | quest=0 | category=4 groups=4)
[2026-05-10T02:16:21.056238Z] [notify] [tavern] sent 4/4 (main=4 | quest=0 | category=4 groups=4)
[2026-05-10T02:23:05.026555Z] [notify] [tavern] sent 3/3 (main=3 | quest=0 | category=3 groups=4)
[2026-05-10T02:28:56.176892Z] [notify] [tavern] sent 5/5 (main=5 | quest=0 | category=5 groups=4)
[2026-05-10T03:03:07.498474Z] [notify] [tavern] sent 1/1 (main=1 | quest=0 | category=0 groups=4)
[2026-05-10T03:03:33.425614Z] [notify] [tavern] sent 1/1 (main=1 | quest=0 | category=0 groups=4)
[2026-05-10T03:06:18.255254Z] [notify] [tavern] sent 1/1 (main=1 | quest=0 | category=0 groups=4)
[2026-05-10T03:09:11.683039Z] [notify] [tavern] sent 1/1 (main=1 | quest=0 | category=0 groups=4)
[2026-05-10T03:10:49.363403Z] [notify] [tavern] sent 1/1 (main=1 | quest=0 | category=0 groups=4)
[2026-05-10T03:12:47.210861Z] [notify] [tavern] sent 1/1 (main=1 | quest=0 | category=0 groups=4)
[2026-05-10T03:35:51.246765Z] [notify] [tavern] sent 2/2 (main=2 | quest=0 | category=0 groups=4)
[2026-05-10T03:37:40.891460Z] [notify] [tavern] sent 1/1 (main=1 | quest=0 | category=0 groups=4)
[2026-05-10T03:41:17.209788Z] [notify] [tavern] sent 1/1 (main=1 | quest=0 | category=0 groups=4)
[2026-05-10T03:42:19.144645Z] [notify] [tavern] sent 1/1 (main=1 | quest=0 | category=0 groups=4)
[2026-05-10T03:43:11.497052Z] [notify] [tavern] sent 1/1 (main=1 | quest=0 | category=0 groups=4)
[2026-05-10T05:51:03.937961Z] [notify] [tavern] sent 2/2 (main=2 | quest=0 | category=0 groups=4)
[2026-05-10T05:51:10.094058Z] [notify] [tavern] sent 1/1 (main=1 | quest=0 | category=0 groups=4)
[2026-05-10T05:52:35.014070Z] [notify] [tavern] sent 1/1 (main=1 | quest=0 | category=0 groups=4)
[2026-05-10T05:53:41.015420Z] [notify] [tavern] sent 1/1 (main=1 | quest=0 | category=0 groups=4)
[2026-05-10T05:55:38.443478Z] [notify] [tavern] sent 1/1 (main=1 | quest=0 | category=0 groups=4)
[2026-05-10T06:08:00.256503Z] [notify] [tavern] sent 2/2 (main=2 | quest=0 | category=0 groups=4)
[2026-05-10T06:09:43.360462Z] [notify] [tavern] sent 1/1 (main=1 | quest=0 | category=0 groups=4)
[2026-05-10T06:10:59.891962Z] [notify] [tavern] sent 1/1 (main=1 | quest=0 | category=0 groups=4)
[2026-05-10T06:57:13.435268Z] [notify] [tavern] sent 1/1 (main=1 | quest=0 | category=0 groups=4)
[2026-05-10T07:04:03.918489Z] [notify] [tavern] sent 1/1 (main=1 | quest=0 | category=0 groups=4)
[2026-05-10T07:42:28.422973Z] [notify] [tavern] sent 1/1 (main=1 | quest=0 | category=0 groups=4)
[2026-05-10T07:44:46.163437Z] [notify] [tavern] sent 1/1 (main=1 | quest=0 | category=0 groups=4)
[2026-05-10T07:49:47.096774Z] [notify] [tavern] sent 2/2 (main=2 | quest=0 | category=0 groups=4)
[2026-05-10T07:51:04.811194Z] [notify] [tavern] sent 1/1 (main=1 | quest=0 | category=0 groups=4)
[2026-05-10T09:56:54.596463Z] [notify] [tavern] sent 4/4 (main=4 | quest=0 | category=0 groups=4)
[2026-05-10T10:03:31.052968Z] [notify] [tavern] sent 1/1 (main=1 | quest=0 | category=1 groups=4)
[2026-05-10T10:07:09.691172Z] [notify] [tavern] sent 12/12 (main=12 | quest=0 | category=12 groups=4)
[2026-05-10T10:07:22.737265Z] [notify] [tavern] sent 12/12 (main=12 | quest=0 | category=12 groups=4)
[2026-05-10T10:28:29.135814Z] [notify] [tavern] sent 1/1 (main=1 | quest=0 | category=0 groups=4)
[2026-05-10T10:33:27.185673Z] [notify] [tavern] sent 1/1 (main=1 | quest=0 | category=0 groups=4)
[2026-05-10T10:34:01.522346Z] [notify] [tavern] sent 1/1 (main=1 | quest=0 | category=0 groups=4)
[2026-05-10T10:37:37.400935Z] [notify] [tavern] sent 1/1 (main=1 | quest=0 | category=0 groups=4)
[2026-05-10T10:46:27.327619Z] [notify] [tavern] baseline 建立：['hideout']（既有歷史訊息不會回放）
[2026-05-10T10:46:52.861967Z] [notify] [tavern] sent 1/1 (main=0 | quest=0 | category=1 groups=5)
[2026-05-10T10:48:41.682447Z] [notify] [tavern] sent 2/2 (main=0 | quest=0 | category=2 groups=5)
[2026-05-10T10:55:01.566401Z] [notify] [tavern] sent 20/20 (main=0 | quest=0 | category=20 groups=5)
[2026-05-10T10:55:23.776671Z] [notify] [tavern] sent 20/20 (main=0 | quest=0 | category=20 groups=5)
[2026-05-10T10:55:31.387579Z] [notify] [tavern] sent 2/2 (main=0 | quest=0 | category=2 groups=5)
[2026-05-10T10:56:46.653923Z] [notify] [tavern] sent 1/1 (main=1 | quest=0 | category=0 groups=5)
[2026-05-10T10:58:13.631456Z] [notify] [tavern] sent 1/1 (main=1 | quest=0 | category=0 groups=5)
[2026-05-10T10:59:50.213639Z] [notify] [tavern] sent 1/1 (main=1 | quest=0 | category=0 groups=5)
[2026-05-10T11:05:09.548693Z] [notify] [tavern] sent 2/2 (main=2 | quest=0 | category=0 groups=5)
[2026-05-10T11:05:21.542049Z] [notify] [tavern] sent 1/1 (main=1 | quest=0 | category=0 groups=5)
[2026-05-10T11:05:22.019400Z] [notify] [tavern] sent 1/1 (main=1 | quest=0 | category=0 groups=5)
[2026-05-10T11:08:45.530136Z] [notify] [tavern] sent 1/1 (main=1 | quest=0 | category=0 groups=5)
[2026-05-10T11:10:00.228978Z] [notify] [tavern] sent 1/1 (main=1 | quest=0 | category=0 groups=5)
[2026-05-10T11:11:45.237800Z] [notify] [tavern] sent 1/1 (main=1 | quest=0 | category=0 groups=5)
[2026-05-10T11:13:23.611820Z] [notify] [tavern] sent 1/1 (main=1 | quest=0 | category=0 groups=5)
[2026-05-10T11:15:03.298950Z] [notify] [tavern] sent 1/1 (main=1 | quest=0 | category=0 groups=5)
[2026-05-10T11:24:56.627426Z] [notify] [tavern] sent 1/1 (main=0 | quest=0 | category=1 groups=5)
[2026-05-10T11:27:40.649736Z] [notify] [tavern] sent 1/1 (main=1 | quest=0 | category=0 groups=5)
[2026-05-10T11:38:06.345246Z] [notify] [tavern] sent 1/1 (main=1 | quest=0 | category=0 groups=5)
[2026-05-10T11:43:08.598034Z] [notify] [category-routing] group 'lounge-channel' 全部 webhook URL 都是 placeholder (1 個)，跳過 broadcast
[2026-05-10T11:43:10.123379Z] [notify] [tavern] sent 2/2 (main=2 | quest=0 | category=0 groups=5)
[2026-05-10T11:56:05.321999Z] [notify] [tavern] sent 1/1 (main=1 | quest=0 | category=0 groups=5)
[2026-05-10T12:01:10.838052Z] [notify] [category-routing] group 'lounge-channel' 全部 webhook URL 都是 placeholder (1 個)，跳過 broadcast
[2026-05-10T12:01:12.131429Z] [notify] [tavern] sent 1/1 (main=1 | quest=0 | category=0 groups=5)
[2026-05-10T12:10:25.845454Z] [notify] [tavern] sent 1/1 (main=1 | quest=0 | category=0 groups=5)
[2026-05-10T12:22:12.818076Z] [notify] [category-routing] group 'lounge-channel' 全部 webhook URL 都是 placeholder (1 個)，跳過 broadcast
[2026-05-10T12:22:14.229656Z] [notify] [tavern] sent 1/1 (main=1 | quest=0 | category=0 groups=5)
[2026-05-10T12:23:29.750020Z] [notify] [category-routing] group 'lounge-channel' 全部 webhook URL 都是 placeholder (1 個)，跳過 broadcast
[2026-05-10T12:23:31.021953Z] [notify] [tavern] sent 1/1 (main=1 | quest=0 | category=0 groups=5)
[2026-05-10T12:23:49.239409Z] [notify] [tavern] sent 1/1 (main=0 | quest=0 | category=1 groups=5)
[2026-05-10T12:25:43.738110Z] [notify] [category-routing] group 'lounge-channel' 全部 webhook URL 都是 placeholder (1 個)，跳過 broadcast
[2026-05-10T12:25:45.090514Z] [notify] [tavern] sent 1/1 (main=1 | quest=0 | category=0 groups=5)
[2026-05-10T13:51:43.088471Z] [notify] [tavern] sent 1/1 (main=1 | quest=0 | category=0 groups=5)
[2026-05-10T15:00:13.142062Z] [notify] [tavern] sent 20/20 (main=0 | quest=0 | category=20 groups=5)
[2026-05-10T15:01:00.671799Z] [notify] [tavern] sent 11/11 (main=0 | quest=0 | category=11 groups=5)
[2026-05-10T15:03:09.014111Z] [notify] [tavern] sent 1/1 (main=1 | quest=0 | category=0 groups=5)
[2026-05-10T15:16:43.862765Z] [notify] [tavern] sent 20/20 (main=0 | quest=0 | category=20 groups=5)
[2026-05-10T15:23:12.506106Z] [notify] [tavern] sent 4/4 (main=0 | quest=0 | category=4 groups=5)
[2026-05-10T15:34:10.048185Z] [notify] [tavern] sent 3/3 (main=0 | quest=0 | category=3 groups=5)
[2026-05-10T15:36:24.366922Z] [notify] [tavern] sent 1/1 (main=1 | quest=0 | category=0 groups=5)
[2026-05-10T15:37:57.614703Z] [notify] [category-routing] group 'lounge-channel' 全部 webhook URL 都是 placeholder (1 個)，跳過 broadcast
[2026-05-10T15:37:58.988592Z] [notify] [tavern] sent 4/4 (main=1 | quest=0 | category=3 groups=5)
[2026-05-10T15:38:30.085178Z] [notify] [tavern] sent 1/1 (main=1 | quest=0 | category=0 groups=5)
[2026-05-10T15:43:38.374064Z] [notify] [tavern] sent 4/4 (main=1 | quest=0 | category=3 groups=5)
[2026-05-10T15:44:18.178153Z] [notify] [tavern] sent 2/2 (main=1 | quest=0 | category=1 groups=5)
[2026-05-10T15:44:29.523599Z] [notify] [tavern] sent 1/1 (main=0 | quest=0 | category=1 groups=5)
[2026-05-10T15:50:19.046786Z] [notify] [tavern] sent 11/11 (main=1 | quest=0 | category=10 groups=5)
[2026-05-10T15:50:24.079343Z] [notify] [tavern] sent 1/1 (main=1 | quest=0 | category=0 groups=5)
[2026-05-10T15:50:40.090021Z] [notify] [tavern] sent 2/2 (main=1 | quest=0 | category=1 groups=5)
[2026-05-10T15:50:58.689413Z] [notify] [tavern] sent 3/3 (main=1 | quest=0 | category=2 groups=5)
[2026-05-10T15:51:10.729537Z] [notify] [tavern] sent 1/1 (main=1 | quest=0 | category=0 groups=5)
[2026-05-10T15:51:49.765752Z] [notify] [tavern] sent 1/1 (main=1 | quest=0 | category=0 groups=5)
[2026-05-10T15:52:33.183708Z] [notify] [tavern] sent 1/1 (main=1 | quest=0 | category=0 groups=5)
[2026-05-10T15:52:39.930034Z] [notify] [tavern] sent 1/1 (main=1 | quest=0 | category=0 groups=5)
[2026-05-10T15:53:23.412367Z] [notify] [tavern] sent 1/1 (main=1 | quest=0 | category=0 groups=5)
[2026-05-10T15:53:28.907820Z] [notify] [tavern] sent 1/1 (main=1 | quest=0 | category=0 groups=5)
[2026-05-10T15:55:05.543316Z] [notify] [tavern] sent 1/1 (main=1 | quest=0 | category=0 groups=5)
[2026-05-10T15:55:56.352102Z] [notify] [tavern] sent 1/1 (main=1 | quest=0 | category=0 groups=5)
[2026-05-10T15:56:17.052313Z] [notify] [tavern] sent 1/1 (main=1 | quest=0 | category=0 groups=5)
[2026-05-10T15:56:35.174231Z] [notify] [tavern] sent 1/1 (main=1 | quest=0 | category=0 groups=5)
[2026-05-10T15:56:37.570685Z] [notify] [tavern] sent 1/1 (main=1 | quest=0 | category=0 groups=5)
[2026-05-10T15:57:00.685158Z] [notify] [tavern] sent 1/1 (main=1 | quest=0 | category=0 groups=5)
[2026-05-10T15:57:20.338851Z] [notify] [tavern] sent 1/1 (main=1 | quest=0 | category=0 groups=5)
[2026-05-10T15:57:23.282518Z] [notify] [tavern] sent 2/2 (main=2 | quest=0 | category=0 groups=5)
[2026-05-10T15:57:43.696346Z] [notify] [tavern] sent 1/1 (main=1 | quest=0 | category=0 groups=5)
[2026-05-10T15:57:51.544829Z] [notify] [tavern] sent 1/1 (main=1 | quest=0 | category=0 groups=5)
[2026-05-10T16:02:58.356017Z] [notify] [tavern] sent 2/2 (main=2 | quest=0 | category=0 groups=5)
[2026-05-10T16:03:08.946256Z] [notify] [tavern] sent 1/1 (main=1 | quest=0 | category=0 groups=5)
[2026-05-10T16:03:29.084620Z] [notify] [tavern] sent 1/1 (main=1 | quest=0 | category=0 groups=5)
[2026-05-10T16:03:37.748380Z] [notify] [tavern] sent 1/1 (main=1 | quest=0 | category=0 groups=5)
[2026-05-10T16:03:49.105609Z] [notify] [tavern] sent 1/1 (main=1 | quest=0 | category=0 groups=5)
[2026-05-10T16:04:07.098897Z] [notify] [tavern] sent 1/1 (main=1 | quest=0 | category=0 groups=5)
[2026-05-10T16:04:11.108465Z] [notify] [tavern] sent 1/1 (main=1 | quest=0 | category=0 groups=5)
[2026-05-10T16:04:33.608416Z] [notify] [tavern] sent 1/1 (main=1 | quest=0 | category=0 groups=5)
[2026-05-10T16:04:45.110349Z] [notify] [tavern] sent 1/1 (main=1 | quest=0 | category=0 groups=5)
[2026-05-10T16:04:59.904506Z] [notify] [tavern] sent 1/1 (main=1 | quest=0 | category=0 groups=5)
[2026-05-10T16:05:20.305293Z] [notify] [tavern] sent 2/2 (main=2 | quest=0 | category=0 groups=5)
[2026-05-10T16:05:23.015270Z] [notify] [tavern] sent 3/3 (main=3 | quest=0 | category=0 groups=5)
[2026-05-10T16:05:41.693225Z] [notify] [tavern] sent 1/1 (main=1 | quest=0 | category=0 groups=5)
[2026-05-10T16:06:00.430003Z] [notify] [tavern] sent 1/1 (main=1 | quest=0 | category=0 groups=5)
[2026-05-10T16:06:02.573313Z] [notify] [tavern] sent 1/1 (main=1 | quest=0 | category=0 groups=5)
[2026-05-10T16:06:25.511629Z] [notify] [tavern] sent 1/1 (main=1 | quest=0 | category=0 groups=5)
[2026-05-10T16:06:29.579574Z] [notify] [tavern] sent 1/1 (main=1 | quest=0 | category=0 groups=5)
[2026-05-10T16:06:51.739552Z] [notify] [tavern] sent 3/3 (main=3 | quest=0 | category=0 groups=5)
[2026-05-10T16:07:06.549310Z] [notify] [tavern] sent 1/1 (main=1 | quest=0 | category=0 groups=5)
[2026-05-10T16:07:12.937362Z] [notify] [tavern] sent 1/1 (main=1 | quest=0 | category=0 groups=5)
[2026-05-10T16:07:37.120840Z] [notify] [tavern] sent 1/1 (main=1 | quest=0 | category=0 groups=5)
[2026-05-10T16:07:41.458486Z] [notify] [tavern] sent 1/1 (main=1 | quest=0 | category=0 groups=5)
[2026-05-10T16:08:00.486757Z] [notify] [tavern] sent 1/1 (main=1 | quest=0 | category=0 groups=5)
[2026-05-10T16:08:14.884431Z] [notify] [tavern] sent 1/1 (main=1 | quest=0 | category=0 groups=5)
[2026-05-10T16:09:24.097985Z] [notify] [tavern] sent 1/1 (main=1 | quest=0 | category=0 groups=5)
[2026-05-10T16:09:54.816619Z] [notify] [tavern] sent 1/1 (main=1 | quest=0 | category=0 groups=5)
[2026-05-10T16:09:56.842073Z] [notify] [tavern] sent 1/1 (main=1 | quest=0 | category=0 groups=5)
[2026-05-10T16:15:03.053873Z] [notify] [tavern] sent 3/3 (main=3 | quest=0 | category=0 groups=5)
[2026-05-10T16:19:58.950474Z] [notify] [tavern] sent 1/1 (main=1 | quest=0 | category=0 groups=5)
[2026-05-10T16:24:58.736305Z] [notify] [tavern] sent 1/1 (main=1 | quest=0 | category=0 groups=5)
[2026-05-10T16:36:57.468183Z] [notify] [tavern] sent 1/1 (main=1 | quest=0 | category=0 groups=5)
[2026-05-10T16:41:57.291399Z] [notify] [tavern] sent 1/1 (main=1 | quest=0 | category=0 groups=5)
[2026-05-10T16:42:37.320685Z] [notify] [tavern] sent 1/1 (main=1 | quest=0 | category=0 groups=5)
[2026-05-10T16:44:10.762795Z] [notify] [tavern] sent 1/1 (main=1 | quest=0 | category=0 groups=5)
[2026-05-10T16:47:11.346889Z] [notify] [tavern] sent 1/1 (main=1 | quest=0 | category=0 groups=5)
[2026-05-10T17:52:00.175435Z] [notify] [tavern] sent 1/1 (main=1 | quest=0 | category=0 groups=5)
[2026-05-10T17:52:05.523876Z] [notify] [tavern] sent 1/1 (main=1 | quest=0 | category=0 groups=5)
[2026-05-10T17:52:28.251365Z] [notify] [tavern] sent 1/1 (main=1 | quest=0 | category=0 groups=5)
[2026-05-10T17:52:52.828692Z] [notify] [tavern] sent 1/1 (main=1 | quest=0 | category=0 groups=5)
[2026-05-10T17:52:57.067825Z] [notify] [tavern] sent 1/1 (main=1 | quest=0 | category=0 groups=5)
[2026-05-10T17:53:14.294134Z] [notify] [tavern] sent 1/1 (main=1 | quest=0 | category=0 groups=5)
[2026-05-10T17:53:16.579560Z] [notify] [tavern] sent 1/1 (main=1 | quest=0 | category=0 groups=5)
[2026-05-10T17:53:30.631190Z] [notify] [tavern] sent 1/1 (main=1 | quest=0 | category=0 groups=5)
[2026-05-10T17:53:47.236094Z] [notify] [tavern] sent 1/1 (main=1 | quest=0 | category=0 groups=5)
[2026-05-10T17:53:49.784144Z] [notify] [tavern] sent 2/2 (main=2 | quest=0 | category=0 groups=5)
[2026-05-10T17:54:04.041247Z] [notify] [tavern] sent 1/1 (main=1 | quest=0 | category=0 groups=5)
[2026-05-10T17:54:20.184015Z] [notify] [tavern] sent 1/1 (main=1 | quest=0 | category=0 groups=5)
[2026-05-10T17:54:39.260979Z] [notify] [tavern] sent 1/1 (main=1 | quest=0 | category=0 groups=5)
[2026-05-10T17:54:54.954040Z] [notify] [tavern] sent 1/1 (main=1 | quest=0 | category=0 groups=5)
[2026-05-10T17:55:16.855315Z] [notify] [tavern] sent 1/1 (main=1 | quest=0 | category=0 groups=5)
[2026-05-10T17:57:25.047500Z] [notify] [category-routing] group 'lounge-channel' 全部 webhook URL 都是 placeholder (1 個)，跳過 broadcast
[2026-05-10T17:57:26.186895Z] [notify] [tavern] sent 1/1 (main=1 | quest=0 | category=0 groups=5)
[2026-05-10T18:02:30.077346Z] [notify] [category-routing] group 'lounge-channel' 全部 webhook URL 都是 placeholder (1 個)，跳過 broadcast
[2026-05-10T18:02:31.991375Z] [notify] [tavern] sent 1/1 (main=1 | quest=0 | category=0 groups=5)
[2026-05-10T18:07:13.414172Z] [notify] [tavern] sent 1/1 (main=1 | quest=0 | category=0 groups=5)
[2026-05-10T18:16:03.773247Z] [notify] [tavern] sent 1/1 (main=1 | quest=0 | category=0 groups=5)
[2026-05-10T18:16:54.392817Z] [notify] [tavern] sent 1/1 (main=1 | quest=0 | category=0 groups=5)
[2026-05-10T18:18:43.399546Z] [notify] [tavern] sent 1/1 (main=1 | quest=0 | category=0 groups=5)
[2026-05-10T18:20:30.685504Z] [notify] [tavern] sent 1/1 (main=1 | quest=0 | category=0 groups=5)
[2026-05-10T18:24:33.315386Z] [notify] [tavern] sent 1/1 (main=1 | quest=0 | category=0 groups=5)
[2026-05-10T18:24:57.785374Z] [notify] [tavern] sent 1/1 (main=1 | quest=0 | category=0 groups=5)
[2026-05-10T18:26:19.521101Z] [notify] [tavern] sent 1/1 (main=1 | quest=0 | category=0 groups=5)
[2026-05-10T18:29:21.236169Z] [notify] [tavern] sent 1/1 (main=1 | quest=0 | category=0 groups=5)
[2026-05-10T18:31:35.116995Z] [notify] [tavern] sent 1/1 (main=1 | quest=0 | category=0 groups=5)
[2026-05-10T18:37:52.368664Z] [notify] [tavern] sent 1/1 (main=1 | quest=0 | category=0 groups=5)
[2026-05-10T18:50:47.906257Z] [notify] [tavern] sent 1/1 (main=1 | quest=0 | category=0 groups=5)
[2026-05-10T18:59:38.883956Z] [notify] [tavern] sent 1/1 (main=1 | quest=0 | category=0 groups=5)
[2026-05-10T19:00:31.934949Z] [notify] [tavern] sent 1/1 (main=1 | quest=0 | category=0 groups=5)
[2026-05-10T19:02:55.406240Z] [notify] [tavern] sent 1/1 (main=1 | quest=0 | category=0 groups=5)
[2026-05-10T19:06:29.960810Z] [notify] [tavern] sent 1/1 (main=1 | quest=0 | category=0 groups=5)
[2026-05-10T19:07:33.314623Z] [notify] [tavern] sent 1/1 (main=1 | quest=0 | category=0 groups=5)
[2026-05-10T19:07:42.292828Z] [notify] [tavern] sent 1/1 (main=1 | quest=0 | category=0 groups=5)
[2026-05-10T19:10:11.546199Z] [notify] [tavern] sent 1/1 (main=1 | quest=0 | category=0 groups=5)
[2026-05-10T19:13:18.818085Z] [notify] [tavern] sent 1/1 (main=1 | quest=0 | category=0 groups=5)
[2026-05-10T19:18:24.740244Z] [notify] [tavern] sent 1/1 (main=1 | quest=0 | category=0 groups=5)
[2026-05-10T19:19:48.624140Z] [notify] [tavern] sent 1/1 (main=1 | quest=0 | category=0 groups=5)
[2026-05-10T23:57:59.915133Z] [notify] [tavern] sent 1/1 (main=1 | quest=0 | category=0 groups=5)
[2026-05-11T00:04:20.207570Z] [notify] [tavern] sent 1/1 (main=1 | quest=0 | category=0 groups=5)
[2026-05-11T00:05:33.858887Z] [notify] [tavern] sent 1/1 (main=1 | quest=0 | category=0 groups=5)
[2026-05-11T00:09:33.290133Z] [notify] [tavern] sent 1/1 (main=1 | quest=0 | category=0 groups=5)
[2026-05-11T00:13:49.279337Z] [notify] [tavern] sent 1/1 (main=1 | quest=0 | category=0 groups=5)
[2026-05-11T00:30:00.362527Z] [notify] [tavern] sent 1/1 (main=1 | quest=0 | category=0 groups=5)
[2026-05-11T00:35:00.494758Z] [notify] [tavern] sent 1/1 (main=1 | quest=0 | category=0 groups=5)
[2026-05-11T00:38:17.274436Z] [notify] [tavern] sent 1/1 (main=1 | quest=0 | category=0 groups=5)
[2026-05-11T00:50:09.033242Z] [notify] [tavern] sent 1/1 (main=1 | quest=0 | category=0 groups=5)
[2026-05-11T00:51:48.792752Z] [notify] [tavern] sent 1/1 (main=1 | quest=0 | category=0 groups=5)
[2026-05-11T01:25:11.266245Z] [notify] [tavern] sent 1/1 (main=1 | quest=0 | category=0 groups=5)
[2026-05-11T01:25:12.804498Z] [notify] [tavern] sent 2/2 (main=2 | quest=0 | category=0 groups=5)
[2026-05-11T01:30:57.420141Z] [notify] [tavern] sent 1/1 (main=1 | quest=0 | category=0 groups=5)
[2026-05-11T01:32:10.400051Z] [notify] [tavern] sent 1/1 (main=1 | quest=0 | category=0 groups=5)
[2026-05-11T01:39:20.538251Z] [notify] [tavern] sent 9/9 (main=1 | quest=0 | category=8 groups=5)
[2026-05-11T01:41:23.172595Z] [notify] [tavern] sent 1/1 (main=1 | quest=0 | category=0 groups=5)
[2026-05-11T01:45:13.003909Z] [notify] [tavern] sent 1/1 (main=1 | quest=0 | category=0 groups=5)
[2026-05-11T01:50:07.612495Z] [notify] [tavern] sent 1/1 (main=1 | quest=0 | category=0 groups=5)
[2026-05-11T02:00:20.964313Z] [notify] [tavern] sent 1/1 (main=1 | quest=0 | category=0 groups=5)
[2026-05-11T02:04:21.302985Z] [notify] [tavern] sent 1/1 (main=1 | quest=0 | category=0 groups=5)
[2026-05-11T02:06:00.241371Z] [notify] [tavern] sent 1/1 (main=1 | quest=0 | category=0 groups=5)
[2026-05-11T02:07:18.686998Z] [notify] [tavern] sent 1/1 (main=1 | quest=0 | category=0 groups=5)
[2026-05-11T02:12:52.871510Z] [notify] [tavern] sent 1/1 (main=1 | quest=0 | category=0 groups=5)
[2026-05-11T02:13:23.362050Z] [notify] [tavern] sent 1/1 (main=1 | quest=0 | category=0 groups=5)
[2026-05-11T02:52:21.827703Z] [notify] [tavern] sent 1/1 (main=1 | quest=0 | category=0 groups=5)
[2026-05-11T02:57:07.629394Z] [notify] [tavern] sent 1/1 (main=1 | quest=0 | category=0 groups=5)
[2026-05-11T03:01:54.783224Z] [notify] [tavern] sent 1/1 (main=1 | quest=0 | category=0 groups=5)
[2026-05-11T03:02:38.087145Z] [notify] [tavern] sent 1/1 (main=1 | quest=0 | category=0 groups=5)
[2026-05-11T03:03:26.526658Z] [notify] [tavern] sent 1/1 (main=1 | quest=0 | category=0 groups=5)
[2026-05-11T03:12:34.790659Z] [notify] [tavern] sent 1/1 (main=1 | quest=0 | category=0 groups=5)
[2026-05-11T03:15:09.851357Z] [notify] [tavern] sent 1/1 (main=1 | quest=0 | category=0 groups=5)
[2026-05-11T03:21:34.330591Z] [notify] [tavern] sent 1/1 (main=1 | quest=0 | category=0 groups=5)
[2026-05-11T03:23:14.577961Z] [notify] [tavern] sent 1/1 (main=1 | quest=0 | category=0 groups=5)
[2026-05-11T03:35:26.066470Z] [notify] [tavern] sent 1/1 (main=1 | quest=0 | category=0 groups=5)
[2026-05-11T03:36:37.568923Z] [notify] [tavern] sent 1/1 (main=1 | quest=0 | category=0 groups=5)
[2026-05-11T03:37:35.384465Z] [notify] [tavern] sent 1/1 (main=1 | quest=0 | category=0 groups=5)
[2026-05-11T03:59:01.654441Z] [notify] [tavern] sent 1/1 (main=1 | quest=0 | category=0 groups=5)
[2026-05-11T04:00:28.223227Z] [notify] [tavern] sent 1/1 (main=1 | quest=0 | category=0 groups=5)
[2026-05-11T04:00:55.174942Z] [notify] [category-routing] group 'lounge-channel' 全部 webhook URL 都是 placeholder (1 個)，跳過 broadcast
[2026-05-11T04:00:57.278864Z] [notify] [tavern] sent 1/1 (main=1 | quest=0 | category=0 groups=5)
[2026-05-11T04:03:25.058775Z] [notify] [tavern] sent 2/2 (main=2 | quest=0 | category=0 groups=5)
[2026-05-11T04:05:51.621640Z] [notify] [tavern] sent 1/1 (main=1 | quest=0 | category=0 groups=5)
[2026-05-11T04:07:51.057545Z] [notify] [tavern] sent 1/1 (main=1 | quest=0 | category=0 groups=5)
[2026-05-11T04:09:02.957594Z] [notify] [tavern] sent 1/1 (main=1 | quest=0 | category=0 groups=5)
[2026-05-11T04:10:24.890313Z] [notify] [tavern] sent 1/1 (main=1 | quest=0 | category=0 groups=5)
[2026-05-11T04:10:53.227483Z] [notify] [category-routing] group 'lounge-channel' 全部 webhook URL 都是 placeholder (1 個)，跳過 broadcast
[2026-05-11T04:10:55.100472Z] [notify] [tavern] sent 1/1 (main=1 | quest=0 | category=0 groups=5)
[2026-05-11T04:48:03.788719Z] [notify] [tavern] sent 1/1 (main=1 | quest=0 | category=0 groups=5)
[2026-05-11T04:48:26.829466Z] [notify] [tavern] sent 1/1 (main=1 | quest=0 | category=0 groups=5)
[2026-05-11T04:49:47.366658Z] [notify] [tavern] sent 1/1 (main=1 | quest=0 | category=0 groups=5)
[2026-05-11T04:50:52.066290Z] [notify] [tavern] sent 1/1 (main=1 | quest=0 | category=0 groups=5)
[2026-05-11T05:20:30.136594Z] [notify] [tavern] sent 2/2 (main=2 | quest=0 | category=0 groups=5)
[2026-05-11T05:20:39.886437Z] [notify] [category-routing] group 'lounge-channel' 全部 webhook URL 都是 placeholder (1 個)，跳過 broadcast
[2026-05-11T05:20:41.559709Z] [notify] [tavern] sent 1/1 (main=1 | quest=0 | category=0 groups=5)
[2026-05-11T05:54:00.527301Z] [notify] [category-routing] group 'lounge-channel' 全部 webhook URL 都是 placeholder (1 個)，跳過 broadcast
[2026-05-11T05:54:01.721628Z] [notify] [tavern] sent 1/1 (main=1 | quest=0 | category=0 groups=5)
[2026-05-11T06:02:40.003492Z] [notify] [tavern] sent 1/1 (main=1 | quest=0 | category=0 groups=5)
[2026-05-12T03:23:02.759317Z] [notify] [tavern] sent 1/1 (main=1 | quest=0 | category=0 groups=5)
[2026-05-12T03:23:51.662651Z] [notify] [tavern] sent 1/1 (main=1 | quest=0 | category=0 groups=5)
[2026-05-12T03:25:06.847184Z] [notify] [tavern] sent 1/1 (main=1 | quest=0 | category=0 groups=5)
[2026-05-12T03:37:05.166395Z] [notify] [tavern] sent 2/2 (main=2 | quest=0 | category=0 groups=5)
[2026-05-12T03:37:12.517158Z] [notify] [tavern] sent 1/1 (main=1 | quest=0 | category=0 groups=5)
[2026-05-12T03:45:08.375677Z] [notify] [tavern] sent 1/1 (main=1 | quest=0 | category=0 groups=5)
[2026-05-12T03:46:02.715389Z] [notify] [tavern] sent 1/1 (main=1 | quest=0 | category=0 groups=5)
[2026-05-12T03:51:20.607939Z] [notify] [tavern] sent 1/1 (main=1 | quest=0 | category=0 groups=5)
[2026-05-12T03:54:13.447981Z] [notify] [category-routing] group 'lounge-channel' 全部 webhook URL 都是 placeholder (1 個)，跳過 broadcast
[2026-05-12T03:54:14.789843Z] [notify] [tavern] sent 1/1 (main=1 | quest=0 | category=0 groups=5)
[2026-05-12T04:10:12.552852Z] [notify] [category-routing] group 'lounge-channel' 全部 webhook URL 都是 placeholder (1 個)，跳過 broadcast
[2026-05-12T04:10:13.823653Z] [notify] [tavern] sent 2/2 (main=2 | quest=0 | category=0 groups=5)
[2026-05-12T04:10:17.004172Z] [notify] [category-routing] group 'lounge-channel' 全部 webhook URL 都是 placeholder (1 個)，跳過 broadcast
[2026-05-12T04:10:18.578024Z] [notify] [tavern] sent 1/1 (main=1 | quest=0 | category=0 groups=5)
[2026-05-12T06:26:58.051801Z] [notify] [tavern] sent 1/1 (main=1 | quest=0 | category=0 groups=5)
[2026-05-12T06:28:28.508480Z] [notify] [tavern] sent 1/1 (main=1 | quest=0 | category=0 groups=5)
[2026-05-12T06:29:51.909617Z] [notify] [tavern] sent 1/1 (main=1 | quest=0 | category=0 groups=5)
[2026-05-12T06:30:58.719354Z] [notify] [tavern] sent 1/1 (main=1 | quest=0 | category=0 groups=5)
[2026-05-12T06:33:56.302575Z] [notify] [tavern] sent 1/1 (main=1 | quest=0 | category=0 groups=5)
[2026-05-12T06:36:09.718343Z] [notify] [tavern] sent 1/1 (main=1 | quest=0 | category=0 groups=5)
[2026-05-12T06:38:04.912680Z] [notify] [tavern] sent 1/1 (main=1 | quest=0 | category=0 groups=5)
[2026-05-12T06:42:06.276556Z] [notify] [tavern] sent 1/1 (main=1 | quest=0 | category=0 groups=5)
[2026-05-12T06:44:15.356974Z] [notify] [tavern] sent 1/1 (main=1 | quest=0 | category=0 groups=5)
[2026-05-12T06:45:42.395578Z] [notify] [tavern] sent 1/1 (main=1 | quest=0 | category=0 groups=5)
[2026-05-12T06:46:37.830849Z] [notify] [tavern] sent 1/1 (main=1 | quest=0 | category=0 groups=5)
[2026-05-12T06:53:22.032579Z] [notify] [tavern] sent 1/1 (main=1 | quest=0 | category=0 groups=5)
[2026-05-12T06:54:03.059483Z] [notify] [tavern] sent 1/1 (main=1 | quest=0 | category=0 groups=5)
[2026-05-12T06:55:55.465996Z] [notify] [tavern] sent 1/1 (main=1 | quest=0 | category=0 groups=5)
[2026-05-12T06:57:04.279655Z] [notify] [tavern] sent 1/1 (main=1 | quest=0 | category=0 groups=5)
[2026-05-12T07:02:14.959908Z] [notify] [tavern] sent 1/1 (main=1 | quest=0 | category=0 groups=5)
[2026-05-12T07:02:34.346397Z] [notify] [tavern] sent 1/1 (main=1 | quest=0 | category=0 groups=5)
[2026-05-12T07:03:54.507237Z] [notify] [tavern] sent 1/1 (main=1 | quest=0 | category=0 groups=5)
[2026-05-12T07:03:56.894610Z] [notify] [tavern] sent 1/1 (main=1 | quest=0 | category=0 groups=5)
[2026-05-12T07:05:09.495146Z] [notify] [tavern] sent 1/1 (main=1 | quest=0 | category=0 groups=5)
[2026-05-12T07:06:52.087169Z] [notify] [tavern] sent 1/1 (main=1 | quest=0 | category=0 groups=5)
[2026-05-12T07:07:11.268991Z] [notify] [tavern] sent 1/1 (main=1 | quest=0 | category=0 groups=5)
[2026-05-12T07:07:43.557390Z] [notify] [tavern] sent 1/1 (main=1 | quest=0 | category=0 groups=5)
[2026-05-12T07:12:21.704778Z] [notify] [tavern] sent 1/1 (main=1 | quest=0 | category=0 groups=5)
[2026-05-12T07:13:26.455577Z] [notify] [tavern] sent 1/1 (main=1 | quest=0 | category=0 groups=5)
[2026-05-12T07:16:24.106550Z] [notify] [tavern] sent 1/1 (main=1 | quest=0 | category=0 groups=5)
[2026-05-12T07:17:21.556886Z] [notify] [tavern] sent 1/1 (main=1 | quest=0 | category=0 groups=5)
[2026-05-12T07:26:13.909269Z] [notify] [tavern] sent 1/1 (main=1 | quest=0 | category=0 groups=5)
[2026-05-12T07:26:18.036654Z] [notify] [tavern] sent 1/1 (main=1 | quest=0 | category=0 groups=5)
[2026-05-12T07:26:43.735929Z] [notify] [tavern] sent 1/1 (main=1 | quest=0 | category=0 groups=5)
[2026-05-12T07:26:46.904716Z] [notify] [tavern] sent 2/2 (main=2 | quest=0 | category=0 groups=5)
[2026-05-12T07:27:46.312392Z] [notify] [tavern] sent 1/1 (main=1 | quest=0 | category=0 groups=5)
[2026-05-12T07:33:37.800389Z] [notify] [tavern] sent 1/1 (main=1 | quest=0 | category=0 groups=5)
[2026-05-12T07:38:34.733742Z] [notify] [tavern] sent 1/1 (main=1 | quest=0 | category=0 groups=5)
[2026-05-12T07:49:02.145653Z] [notify] [tavern] sent 1/1 (main=1 | quest=0 | category=0 groups=5)
[2026-05-12T07:50:03.941994Z] [notify] [tavern] sent 1/1 (main=1 | quest=0 | category=0 groups=5)
[2026-05-12T07:51:38.003410Z] [notify] [tavern] sent 1/1 (main=1 | quest=0 | category=0 groups=5)
[2026-05-12T07:51:52.652015Z] [notify] [tavern] sent 1/1 (main=1 | quest=0 | category=0 groups=5)
[2026-05-12T07:56:47.936508Z] [notify] [tavern] sent 2/2 (main=2 | quest=0 | category=0 groups=5)
[2026-05-12T08:04:34.616222Z] [notify] [tavern] sent 1/1 (main=1 | quest=0 | category=0 groups=5)
[2026-05-12T08:06:04.027073Z] [notify] [tavern] sent 1/1 (main=1 | quest=0 | category=0 groups=5)
[2026-05-12T08:06:21.365970Z] [notify] [tavern] sent 1/1 (main=1 | quest=0 | category=0 groups=5)
[2026-05-12T08:09:20.961305Z] [notify] [tavern] sent 1/1 (main=1 | quest=0 | category=0 groups=5)
[2026-05-12T08:11:23.467986Z] [notify] [tavern] sent 1/1 (main=1 | quest=0 | category=0 groups=5)
[2026-05-12T08:14:51.696218Z] [notify] [tavern] sent 1/1 (main=1 | quest=0 | category=0 groups=5)
[2026-05-12T08:19:31.728237Z] [notify] [tavern] sent 1/1 (main=1 | quest=0 | category=0 groups=5)
[2026-05-12T08:20:20.532376Z] [notify] [tavern] sent 1/1 (main=1 | quest=0 | category=0 groups=5)
[2026-05-12T08:24:00.191284Z] [notify] [tavern] sent 1/1 (main=1 | quest=0 | category=0 groups=5)
[2026-05-12T08:24:18.315144Z] [notify] [tavern] sent 1/1 (main=1 | quest=0 | category=0 groups=5)
[2026-05-12T08:26:12.709057Z] [notify] [tavern] sent 1/1 (main=1 | quest=0 | category=0 groups=5)
[2026-05-12T08:27:04.561318Z] [notify] [tavern] sent 1/1 (main=1 | quest=0 | category=0 groups=5)
[2026-05-12T08:32:56.436195Z] [notify] [tavern] sent 1/1 (main=1 | quest=0 | category=0 groups=5)
[2026-05-12T08:35:26.938090Z] [notify] [tavern] sent 1/1 (main=1 | quest=0 | category=0 groups=5)
[2026-05-12T08:35:32.082686Z] [notify] [tavern] sent 1/1 (main=1 | quest=0 | category=0 groups=5)
[2026-05-12T08:36:21.322681Z] [notify] [tavern] sent 1/1 (main=1 | quest=0 | category=0 groups=5)
[2026-05-12T08:37:30.252018Z] [notify] [tavern] sent 1/1 (main=1 | quest=0 | category=0 groups=5)
[2026-05-12T08:38:28.685736Z] [notify] [tavern] sent 1/1 (main=1 | quest=0 | category=0 groups=5)
[2026-05-12T08:39:43.285567Z] [notify] [tavern] sent 1/1 (main=1 | quest=0 | category=0 groups=5)
[2026-05-12T08:57:08.611601Z] [notify] [category-routing] group 'lounge-channel' 全部 webhook URL 都是 placeholder (1 個)，跳過 broadcast
[2026-05-12T08:57:10.425452Z] [notify] [tavern] sent 1/1 (main=1 | quest=0 | category=0 groups=5)
[2026-05-12T08:58:10.625754Z] [notify] [category-routing] group 'lounge-channel' 全部 webhook URL 都是 placeholder (1 個)，跳過 broadcast
[2026-05-12T08:58:11.827567Z] [notify] [tavern] sent 1/1 (main=1 | quest=0 | category=0 groups=5)
[2026-05-12T08:59:19.290905Z] [notify] [tavern] sent 1/1 (main=1 | quest=0 | category=0 groups=5)
[2026-05-12T09:00:09.236659Z] [notify] [tavern] sent 1/1 (main=1 | quest=0 | category=0 groups=5)
[2026-05-12T09:01:29.108140Z] [notify] [tavern] sent 1/1 (main=1 | quest=0 | category=0 groups=5)
[2026-05-12T09:34:48.641423Z] [notify] [tavern] sent 1/1 (main=1 | quest=0 | category=0 groups=5)
[2026-05-12T09:35:24.251745Z] [notify] [tavern] sent 1/1 (main=1 | quest=0 | category=0 groups=5)
[2026-05-12T09:38:00.687926Z] [notify] [tavern] sent 1/1 (main=1 | quest=0 | category=0 groups=5)
[2026-05-12T09:39:12.795360Z] [notify] [tavern] sent 1/1 (main=1 | quest=0 | category=0 groups=5)
[2026-05-12T09:42:08.563643Z] [notify] [tavern] sent 1/1 (main=1 | quest=0 | category=0 groups=5)
[2026-05-12T09:49:37.980736Z] [notify] [tavern] sent 1/1 (main=0 | quest=0 | category=1 groups=5)
[2026-05-12T09:49:55.585183Z] [notify] [tavern] sent 1/1 (main=0 | quest=0 | category=1 groups=5)
[2026-05-12T09:50:01.159083Z] [notify] [tavern] sent 1/1 (main=0 | quest=0 | category=1 groups=5)
[2026-05-12T09:50:22.642813Z] [notify] [tavern] sent 1/1 (main=0 | quest=0 | category=1 groups=5)
[2026-05-12T09:50:28.364178Z] [notify] [tavern] sent 1/1 (main=0 | quest=0 | category=1 groups=5)
[2026-05-12T09:50:38.390187Z] [notify] [tavern] sent 1/1 (main=0 | quest=0 | category=1 groups=5)
[2026-05-12T09:59:28.960650Z] [notify] [tavern] sent 1/1 (main=1 | quest=0 | category=0 groups=5)
[2026-05-12T10:04:48.666122Z] [notify] [tavern] sent 1/1 (main=0 | quest=0 | category=1 groups=5)
[2026-05-12T10:05:38.928783Z] [notify] [tavern] sent 1/1 (main=0 | quest=0 | category=1 groups=5)
[2026-05-12T10:06:43.122552Z] [notify] [tavern] sent 1/1 (main=0 | quest=0 | category=1 groups=5)
[2026-05-12T10:08:12.718600Z] [notify] [tavern] sent 1/1 (main=0 | quest=0 | category=1 groups=5)
[2026-05-12T10:08:28.051616Z] [notify] [tavern] sent 1/1 (main=0 | quest=0 | category=1 groups=5)
[2026-05-12T10:08:33.203366Z] [notify] [tavern] sent 1/1 (main=0 | quest=0 | category=1 groups=5)
[2026-05-12T10:08:54.232588Z] [notify] [tavern] sent 1/1 (main=1 | quest=0 | category=0 groups=5)
[2026-05-12T10:08:56.852341Z] [notify] [tavern] sent 1/1 (main=0 | quest=0 | category=1 groups=5)
[2026-05-12T10:09:01.229026Z] [notify] [tavern] sent 1/1 (main=0 | quest=0 | category=1 groups=5)
[2026-05-12T10:09:14.906956Z] [notify] [tavern] sent 1/1 (main=0 | quest=0 | category=1 groups=5)
[2026-05-12T10:09:20.287913Z] [notify] [tavern] sent 1/1 (main=0 | quest=0 | category=1 groups=5)
[2026-05-12T10:18:34.454718Z] [notify] [tavern] sent 1/1 (main=1 | quest=0 | category=0 groups=5)
[2026-05-12T10:20:36.768504Z] [notify] [tavern] sent 1/1 (main=1 | quest=0 | category=0 groups=5)
[2026-05-12T10:21:57.685938Z] [notify] [tavern] sent 1/1 (main=1 | quest=0 | category=0 groups=5)
[2026-05-12T10:22:26.386090Z] [notify] [tavern] sent 1/1 (main=1 | quest=0 | category=0 groups=5)
[2026-05-12T10:22:28.268629Z] [notify] [tavern] sent 1/1 (main=1 | quest=0 | category=0 groups=5)
[2026-05-12T10:25:04.920255Z] [notify] [tavern] sent 1/1 (main=1 | quest=0 | category=0 groups=5)
[2026-05-12T10:27:33.261739Z] [notify] [tavern] sent 1/1 (main=1 | quest=0 | category=0 groups=5)
[2026-05-12T10:27:55.550997Z] [notify] [tavern] sent 1/1 (main=1 | quest=0 | category=0 groups=5)
[2026-05-12T10:28:07.573805Z] [notify] [tavern] sent 1/1 (main=1 | quest=0 | category=0 groups=5)
[2026-05-12T10:29:20.189420Z] [notify] [tavern] sent 1/1 (main=1 | quest=0 | category=0 groups=5)
[2026-05-12T10:29:50.668747Z] [notify] [tavern] sent 1/1 (main=1 | quest=0 | category=0 groups=5)
[2026-05-12T10:31:15.526014Z] [notify] [tavern] sent 1/1 (main=1 | quest=0 | category=0 groups=5)
[2026-05-12T10:34:41.141612Z] [notify] [tavern] sent 1/1 (main=1 | quest=0 | category=0 groups=5)
[2026-05-12T10:46:09.146098Z] [notify] [tavern] sent 1/1 (main=1 | quest=0 | category=0 groups=5)
[2026-05-12T10:48:13.182671Z] [notify] [tavern] sent 1/1 (main=1 | quest=0 | category=0 groups=5)
[2026-05-12T10:56:34.966685Z] [notify] [tavern] sent 1/1 (main=1 | quest=0 | category=0 groups=5)
[2026-05-12T10:56:49.327500Z] [notify] [tavern] sent 1/1 (main=1 | quest=0 | category=0 groups=5)
[2026-05-12T11:03:52.833703Z] [notify] [tavern] sent 1/1 (main=1 | quest=0 | category=0 groups=5)
[2026-05-12T11:06:53.564282Z] [notify] [tavern] sent 1/1 (main=1 | quest=0 | category=0 groups=5)
[2026-05-12T11:09:16.189784Z] [notify] [tavern] sent 1/1 (main=0 | quest=0 | category=1 groups=5)
[2026-05-12T11:09:29.270287Z] [notify] [tavern] sent 1/1 (main=0 | quest=0 | category=1 groups=5)
[2026-05-12T11:09:52.906312Z] [notify] [tavern] sent 1/1 (main=0 | quest=0 | category=1 groups=5)
[2026-05-12T11:10:06.205311Z] [notify] [tavern] sent 1/1 (main=0 | quest=0 | category=1 groups=5)
[2026-05-12T11:11:16.323347Z] [notify] [tavern] sent 1/1 (main=0 | quest=0 | category=1 groups=5)
[2026-05-12T11:11:41.674225Z] [notify] [tavern] sent 1/1 (main=0 | quest=0 | category=1 groups=5)
[2026-05-12T11:11:53.513032Z] [notify] [tavern] sent 1/1 (main=0 | quest=0 | category=1 groups=5)
[2026-05-12T11:12:22.758837Z] [notify] [tavern] sent 1/1 (main=0 | quest=0 | category=1 groups=5)
[2026-05-12T11:13:06.388279Z] [notify] [tavern] sent 1/1 (main=0 | quest=0 | category=1 groups=5)
[2026-05-12T11:13:35.626034Z] [notify] [tavern] sent 1/1 (main=0 | quest=0 | category=1 groups=5)
[2026-05-12T11:14:01.257617Z] [notify] [tavern] sent 1/1 (main=1 | quest=0 | category=0 groups=5)
[2026-05-12T11:16:44.310169Z] [notify] [tavern] sent 1/1 (main=0 | quest=0 | category=1 groups=5)
[2026-05-12T11:17:07.134849Z] [notify] [tavern] sent 1/1 (main=0 | quest=0 | category=1 groups=5)
[2026-05-12T11:17:20.350856Z] [notify] [tavern] sent 1/1 (main=0 | quest=0 | category=1 groups=5)
[2026-05-12T11:17:50.603814Z] [notify] [tavern] sent 1/1 (main=0 | quest=0 | category=1 groups=5)
[2026-05-12T11:18:26.134767Z] [notify] [tavern] sent 1/1 (main=0 | quest=0 | category=1 groups=5)
[2026-05-12T11:18:56.934647Z] [notify] [tavern] sent 1/1 (main=0 | quest=0 | category=1 groups=5)
[2026-05-12T11:20:02.385998Z] [notify] [tavern] sent 1/1 (main=0 | quest=0 | category=1 groups=5)
[2026-05-12T11:20:06.524492Z] [notify] [tavern] sent 1/1 (main=0 | quest=0 | category=1 groups=5)
[2026-05-12T11:20:34.805788Z] [notify] [tavern] sent 1/1 (main=0 | quest=0 | category=1 groups=5)
[2026-05-12T11:20:53.773732Z] [notify] [tavern] sent 1/1 (main=0 | quest=0 | category=1 groups=5)
[2026-05-12T11:21:12.114402Z] [notify] [tavern] sent 1/1 (main=0 | quest=0 | category=1 groups=5)
[2026-05-12T11:23:55.247683Z] [notify] [tavern] sent 1/1 (main=0 | quest=0 | category=1 groups=5)
[2026-05-12T11:23:59.915247Z] [notify] [tavern] sent 1/1 (main=0 | quest=0 | category=1 groups=5)
[2026-05-12T11:24:52.024346Z] [notify] [tavern] sent 1/1 (main=0 | quest=0 | category=1 groups=5)
[2026-05-12T11:25:25.936063Z] [notify] [tavern] sent 1/1 (main=0 | quest=0 | category=1 groups=5)
[2026-05-12T11:26:18.022358Z] [notify] [tavern] sent 1/1 (main=0 | quest=0 | category=1 groups=5)
[2026-05-12T11:27:32.183352Z] [notify] [tavern] sent 1/1 (main=1 | quest=0 | category=0 groups=5)
[2026-05-12T11:30:28.191805Z] [notify] [tavern] sent 1/1 (main=1 | quest=0 | category=0 groups=5)
[2026-05-12T11:33:06.095867Z] [notify] [tavern] sent 1/1 (main=1 | quest=0 | category=0 groups=5)
[2026-05-12T11:34:31.705400Z] [notify] [tavern] sent 1/1 (main=1 | quest=0 | category=0 groups=5)
[2026-05-12T11:35:44.961691Z] [notify] [tavern] sent 1/1 (main=1 | quest=0 | category=0 groups=5)
[2026-05-12T11:35:49.047141Z] [notify] [tavern] sent 1/1 (main=1 | quest=0 | category=0 groups=5)
[2026-05-12T11:35:49.055110Z] [notify] [tavern] sent 1/1 (main=1 | quest=0 | category=0 groups=5)
[2026-05-12T11:37:43.094274Z] [notify] [tavern] sent 1/1 (main=1 | quest=0 | category=0 groups=5)
[2026-05-12T11:47:13.111634Z] [notify] [tavern] sent 1/1 (main=1 | quest=0 | category=0 groups=5)
[2026-05-12T12:11:53.672400Z] [notify] [tavern] sent 1/1 (main=1 | quest=0 | category=0 groups=5)
[2026-05-12T12:13:06.115965Z] [notify] [tavern] sent 1/1 (main=1 | quest=0 | category=0 groups=5)
[2026-05-12T12:21:34.262599Z] [notify] [tavern] sent 1/1 (main=1 | quest=0 | category=0 groups=5)
[2026-05-12T12:22:57.070130Z] [notify] [tavern] sent 1/1 (main=1 | quest=0 | category=0 groups=5)
[2026-05-12T12:27:40.867438Z] [notify] [tavern] sent 1/1 (main=1 | quest=0 | category=0 groups=5)
[2026-05-12T12:27:50.016552Z] [notify] [tavern] sent 1/1 (main=1 | quest=0 | category=0 groups=5)
[2026-05-12T12:32:21.608943Z] [notify] [tavern] sent 1/1 (main=1 | quest=0 | category=0 groups=5)
[2026-05-12T12:32:37.954068Z] [notify] [tavern] sent 1/1 (main=1 | quest=0 | category=0 groups=5)
[2026-05-12T12:33:37.969796Z] [notify] [tavern] sent 1/1 (main=1 | quest=0 | category=0 groups=5)
[2026-05-12T12:33:42.519827Z] [notify] [tavern] sent 1/1 (main=1 | quest=0 | category=0 groups=5)
[2026-05-12T12:38:53.468017Z] [notify] [tavern] sent 1/1 (main=1 | quest=0 | category=0 groups=5)
[2026-05-12T12:54:05.739437Z] [notify] [tavern] sent 1/1 (main=1 | quest=0 | category=0 groups=5)
[2026-05-12T13:15:01.991135Z] [notify] [tavern] sent 1/1 (main=1 | quest=0 | category=0 groups=5)
[2026-05-12T13:20:17.157410Z] [notify] [tavern] sent 1/1 (main=1 | quest=0 | category=0 groups=5)
[2026-05-12T13:20:25.601105Z] [notify] [tavern] sent 1/1 (main=1 | quest=0 | category=0 groups=5)
[2026-05-12T13:25:32.489634Z] [notify] [tavern] sent 1/1 (main=1 | quest=0 | category=0 groups=5)
[2026-05-12T13:30:13.200874Z] [notify] [tavern] sent 1/1 (main=1 | quest=0 | category=0 groups=5)
[2026-05-12T22:26:38.353784Z] [notify] [tavern] sent 1/1 (main=1 | quest=0 | category=0 groups=5)
[2026-05-12T22:27:10.436394Z] [notify] [tavern] sent 1/1 (main=1 | quest=0 | category=0 groups=5)
[2026-05-12T22:29:05.336906Z] [notify] [tavern] sent 1/1 (main=1 | quest=0 | category=0 groups=5)
[2026-05-12T22:29:55.091765Z] [notify] [tavern] sent 1/1 (main=1 | quest=0 | category=0 groups=5)
[2026-05-12T22:36:53.868137Z] [notify] [tavern] sent 1/1 (main=1 | quest=0 | category=0 groups=5)
[2026-05-12T23:08:50.227446Z] [notify] [tavern] sent 2/2 (main=2 | quest=0 | category=0 groups=5)
[2026-05-12T23:08:50.310898Z] [notify] [tavern] sent 2/2 (main=2 | quest=0 | category=0 groups=5)
[2026-05-12T23:13:13.631400Z] [notify] [tavern] sent 1/1 (main=1 | quest=0 | category=0 groups=5)
[2026-05-12T23:16:29.682937Z] [notify] [tavern] sent 1/1 (main=1 | quest=0 | category=0 groups=5)
[2026-05-12T23:16:31.932663Z] [notify] [tavern] sent 1/1 (main=1 | quest=0 | category=0 groups=5)
[2026-05-12T23:18:31.156655Z] [notify] [tavern] sent 1/1 (main=1 | quest=0 | category=0 groups=5)
[2026-05-12T23:21:36.083985Z] [notify] [tavern] sent 1/1 (main=1 | quest=0 | category=0 groups=5)
[2026-05-12T23:21:38.018169Z] [notify] [tavern] sent 2/2 (main=2 | quest=0 | category=0 groups=5)
[2026-05-12T23:21:39.451232Z] [notify] [tavern] sent 2/2 (main=2 | quest=0 | category=0 groups=5)
[2026-05-12T23:21:41.605745Z] [notify] [tavern] sent 1/1 (main=1 | quest=0 | category=0 groups=5)
[2026-05-12T23:22:29.158764Z] [notify] [tavern] sent 1/1 (main=1 | quest=0 | category=0 groups=5)
[2026-05-12T23:22:33.728186Z] [notify] [tavern] sent 2/2 (main=2 | quest=0 | category=0 groups=5)
[2026-05-12T23:24:37.448993Z] [notify] [tavern] sent 1/1 (main=1 | quest=0 | category=0 groups=5)
[2026-05-12T23:38:03.580001Z] [notify] [tavern] sent 1/1 (main=1 | quest=0 | category=0 groups=5)
[2026-05-12T23:38:40.485692Z] [notify] [tavern] sent 1/1 (main=1 | quest=0 | category=0 groups=5)
[2026-05-12T23:39:56.197110Z] [notify] [tavern] sent 1/1 (main=1 | quest=0 | category=0 groups=5)
[2026-05-12T23:52:25.409881Z] [notify] [tavern] sent 1/1 (main=1 | quest=0 | category=0 groups=5)
[2026-05-12T23:56:23.228685Z] [notify] [tavern] sent 1/1 (main=1 | quest=0 | category=0 groups=5)
[2026-05-13T00:22:24.921701Z] [notify] [tavern] sent 1/1 (main=1 | quest=0 | category=0 groups=5)
[2026-05-13T00:41:44.563085Z] [notify] [tavern] sent 1/1 (main=1 | quest=0 | category=0 groups=5)
[2026-05-13T00:46:45.504472Z] [notify] [tavern] sent 1/1 (main=1 | quest=0 | category=0 groups=5)
[2026-05-13T00:51:28.838393Z] [notify] [tavern] sent 1/1 (main=1 | quest=0 | category=0 groups=5)
[2026-05-13T00:53:03.761309Z] [notify] [tavern] sent 1/1 (main=1 | quest=0 | category=0 groups=5)
[2026-05-13T00:53:07.428861Z] [notify] [tavern] sent 1/1 (main=1 | quest=0 | category=0 groups=5)
[2026-05-13T00:54:03.264764Z] [notify] [tavern] sent 1/1 (main=1 | quest=0 | category=0 groups=5)
[2026-05-13T00:54:06.321166Z] [notify] [tavern] sent 1/1 (main=1 | quest=0 | category=0 groups=5)
[2026-05-13T00:59:01.663932Z] [notify] [tavern] sent 1/1 (main=1 | quest=0 | category=0 groups=5)
[2026-05-13T00:59:12.762542Z] [notify] [tavern] sent 1/1 (main=1 | quest=0 | category=0 groups=5)
[2026-05-13T01:01:32.321480Z] [notify] [tavern] sent 1/1 (main=1 | quest=0 | category=0 groups=5)
[2026-05-13T01:01:42.368233Z] [notify] [tavern] sent 1/1 (main=1 | quest=0 | category=0 groups=5)
[2026-05-13T01:04:03.660248Z] [notify] [tavern] sent 1/1 (main=1 | quest=0 | category=0 groups=5)
[2026-05-13T01:05:02.486287Z] [notify] [tavern] sent 1/1 (main=1 | quest=0 | category=0 groups=5)
[2026-05-13T01:07:14.371099Z] [notify] [tavern] sent 1/1 (main=1 | quest=0 | category=0 groups=5)
[2026-05-13T01:07:19.853282Z] [notify] [tavern] sent 1/1 (main=1 | quest=0 | category=0 groups=5)
[2026-05-13T01:20:34.533181Z] [notify] [tavern] sent 1/1 (main=1 | quest=0 | category=1 groups=5)
[2026-05-13T01:22:08.211509Z] [notify] [tavern] sent 1/1 (main=1 | quest=0 | category=1 groups=5)
[2026-05-13T01:23:38.501742Z] [notify] [tavern] sent 1/1 (main=1 | quest=0 | category=1 groups=5)
[2026-05-13T01:26:12.190695Z] [notify] [tavern] sent 1/1 (main=1 | quest=0 | category=1 groups=5)
[2026-05-13T01:27:05.145178Z] [notify] [tavern] sent 1/1 (main=1 | quest=0 | category=1 groups=5)
[2026-05-13T01:30:00.388846Z] [notify] [tavern] sent 1/1 (main=1 | quest=0 | category=1 groups=5)
[2026-05-13T01:30:22.645283Z] [notify] [tavern] sent 1/1 (main=0 | quest=0 | category=1 groups=5)
[2026-05-13T01:30:58.596394Z] [notify] [tavern] sent 1/1 (main=0 | quest=0 | category=1 groups=5)
[2026-05-13T01:31:12.979663Z] [notify] [tavern] sent 1/1 (main=0 | quest=0 | category=1 groups=5)
[2026-05-13T01:31:21.684085Z] [notify] [tavern] sent 1/1 (main=0 | quest=0 | category=1 groups=5)
[2026-05-13T01:31:22.888727Z] [notify] [tavern] sent 1/1 (main=0 | quest=0 | category=1 groups=5)
[2026-05-13T01:31:34.600998Z] [notify] [tavern] sent 1/1 (main=0 | quest=0 | category=1 groups=5)
[2026-05-13T01:31:37.537089Z] [notify] [tavern] sent 1/1 (main=0 | quest=0 | category=1 groups=5)
[2026-05-13T01:31:50.084784Z] [notify] [tavern] sent 1/1 (main=0 | quest=0 | category=1 groups=5)
[2026-05-13T01:31:52.724776Z] [notify] [tavern] sent 1/1 (main=0 | quest=0 | category=1 groups=5)
[2026-05-13T01:32:06.998429Z] [notify] [tavern] sent 1/1 (main=0 | quest=0 | category=1 groups=5)
[2026-05-13T01:32:12.952124Z] [notify] [tavern] sent 1/1 (main=0 | quest=0 | category=1 groups=5)
[2026-05-13T01:32:15.879337Z] [notify] [tavern] sent 1/1 (main=0 | quest=0 | category=1 groups=5)
[2026-05-13T01:32:24.635815Z] [notify] [tavern] sent 1/1 (main=0 | quest=0 | category=1 groups=5)
[2026-05-13T01:32:31.991450Z] [notify] [tavern] sent 1/1 (main=0 | quest=0 | category=1 groups=5)
[2026-05-13T01:33:07.632617Z] [notify] [tavern] sent 1/1 (main=0 | quest=0 | category=1 groups=5)
[2026-05-13T01:33:11.158678Z] [notify] [tavern] sent 1/1 (main=0 | quest=0 | category=1 groups=5)
[2026-05-13T01:33:29.481535Z] [notify] [tavern] sent 1/1 (main=0 | quest=0 | category=1 groups=5)
[2026-05-13T01:33:34.098791Z] [notify] [tavern] sent 1/1 (main=0 | quest=0 | category=1 groups=5)
[2026-05-13T01:34:21.175411Z] [notify] [tavern] sent 1/1 (main=1 | quest=0 | category=1 groups=5)
[2026-05-13T01:37:07.443504Z] [notify] [tavern] sent 1/1 (main=0 | quest=0 | category=1 groups=5)
[2026-05-13T01:37:58.767252Z] [notify] [tavern] sent 1/1 (main=0 | quest=0 | category=1 groups=5)
[2026-05-13T01:38:05.957852Z] [notify] [tavern] sent 1/1 (main=0 | quest=0 | category=1 groups=5)
[2026-05-13T01:38:14.405799Z] [notify] [tavern] sent 1/1 (main=0 | quest=0 | category=1 groups=5)
[2026-05-13T01:38:23.984202Z] [notify] [tavern] sent 1/1 (main=0 | quest=0 | category=1 groups=5)
[2026-05-13T01:38:54.994547Z] [notify] [tavern] sent 1/1 (main=0 | quest=0 | category=1 groups=5)
[2026-05-13T01:40:39.097451Z] [notify] [tavern] sent 1/1 (main=1 | quest=0 | category=1 groups=5)
[2026-05-13T01:40:46.357645Z] [notify] [tavern] sent 1/1 (main=0 | quest=0 | category=1 groups=5)
[2026-05-13T01:40:49.986929Z] [notify] [tavern] sent 1/1 (main=0 | quest=0 | category=1 groups=5)
[2026-05-13T01:40:58.431351Z] [notify] [tavern] sent 1/1 (main=0 | quest=0 | category=1 groups=5)
[2026-05-13T01:41:02.238845Z] [notify] [tavern] sent 1/1 (main=0 | quest=0 | category=1 groups=5)
[2026-05-13T01:41:10.058983Z] [notify] [tavern] sent 1/1 (main=0 | quest=0 | category=1 groups=5)
[2026-05-13T01:41:13.774707Z] [notify] [tavern] sent 1/1 (main=0 | quest=0 | category=1 groups=5)
[2026-05-13T01:41:23.555717Z] [notify] [tavern] sent 1/1 (main=0 | quest=0 | category=1 groups=5)
[2026-05-13T01:41:28.387494Z] [notify] [tavern] sent 1/1 (main=0 | quest=0 | category=1 groups=5)
[2026-05-13T01:41:35.414545Z] [notify] [tavern] sent 1/1 (main=0 | quest=0 | category=1 groups=5)
[2026-05-13T01:41:56.890014Z] [notify] [tavern] sent 1/1 (main=0 | quest=0 | category=1 groups=5)
[2026-05-13T01:42:07.083097Z] [notify] [tavern] sent 1/1 (main=0 | quest=0 | category=1 groups=5)
[2026-05-13T01:42:12.579376Z] [notify] [tavern] sent 1/1 (main=0 | quest=0 | category=1 groups=5)
[2026-05-13T01:42:19.994445Z] [notify] [tavern] sent 1/1 (main=0 | quest=0 | category=1 groups=5)
[2026-05-13T01:42:24.590782Z] [notify] [tavern] sent 1/1 (main=0 | quest=0 | category=1 groups=5)
[2026-05-13T01:42:47.359367Z] [notify] [tavern] sent 1/1 (main=0 | quest=0 | category=1 groups=5)
[2026-05-13T01:42:58.113946Z] [notify] [tavern] sent 1/1 (main=0 | quest=0 | category=1 groups=5)
[2026-05-13T01:43:02.441510Z] [notify] [tavern] sent 1/1 (main=0 | quest=0 | category=1 groups=5)
[2026-05-13T01:43:11.244465Z] [notify] [tavern] sent 1/1 (main=0 | quest=0 | category=1 groups=5)
[2026-05-13T01:43:17.206428Z] [notify] [tavern] sent 1/1 (main=0 | quest=0 | category=1 groups=5)
[2026-05-13T01:43:28.473702Z] [notify] [tavern] sent 1/1 (main=0 | quest=0 | category=1 groups=5)
[2026-05-13T01:44:46.375215Z] [notify] [tavern] sent 1/1 (main=0 | quest=0 | category=1 groups=5)
[2026-05-13T01:44:55.258685Z] [notify] [tavern] sent 1/1 (main=0 | quest=0 | category=1 groups=5)
[2026-05-13T01:44:59.951931Z] [notify] [tavern] sent 1/1 (main=0 | quest=0 | category=1 groups=5)
[2026-05-13T01:45:08.096921Z] [notify] [tavern] sent 1/1 (main=0 | quest=0 | category=1 groups=5)
[2026-05-13T01:45:12.555229Z] [notify] [tavern] sent 1/1 (main=0 | quest=0 | category=1 groups=5)
[2026-05-13T01:45:42.309243Z] [notify] [tavern] sent 1/1 (main=0 | quest=0 | category=1 groups=5)
[2026-05-13T01:45:50.332486Z] [notify] [tavern] sent 1/1 (main=0 | quest=0 | category=1 groups=5)
[2026-05-13T01:45:54.816289Z] [notify] [tavern] sent 1/1 (main=0 | quest=0 | category=1 groups=5)
[2026-05-13T01:46:04.359722Z] [notify] [tavern] sent 1/1 (main=0 | quest=0 | category=1 groups=5)
[2026-05-13T01:46:09.078627Z] [notify] [tavern] sent 1/1 (main=0 | quest=0 | category=1 groups=5)
[2026-05-13T01:46:19.632255Z] [notify] [tavern] sent 1/1 (main=0 | quest=0 | category=1 groups=5)
[2026-05-13T01:46:23.591402Z] [notify] [tavern] sent 1/1 (main=0 | quest=0 | category=1 groups=5)
[2026-05-13T01:46:50.684440Z] [notify] [tavern] sent 1/1 (main=0 | quest=0 | category=1 groups=5)
[2026-05-13T01:46:59.231384Z] [notify] [tavern] sent 1/1 (main=0 | quest=0 | category=1 groups=5)
[2026-05-13T01:47:02.917626Z] [notify] [tavern] sent 1/1 (main=0 | quest=0 | category=1 groups=5)
[2026-05-13T01:47:13.306256Z] [notify] [tavern] sent 1/1 (main=0 | quest=0 | category=1 groups=5)
[2026-05-13T01:47:20.142248Z] [notify] [tavern] sent 1/1 (main=0 | quest=0 | category=1 groups=5)
[2026-05-13T01:47:32.535520Z] [notify] [tavern] sent 1/1 (main=0 | quest=0 | category=1 groups=5)
[2026-05-13T01:47:37.907092Z] [notify] [tavern] sent 1/1 (main=0 | quest=0 | category=1 groups=5)
[2026-05-13T01:47:42.199602Z] [notify] [tavern] sent 1/1 (main=0 | quest=0 | category=1 groups=5)
[2026-05-13T01:48:09.256602Z] [notify] [tavern] sent 1/1 (main=0 | quest=0 | category=1 groups=5)
[2026-05-13T01:48:18.621574Z] [notify] [tavern] sent 1/1 (main=0 | quest=0 | category=1 groups=5)
[2026-05-13T01:48:24.225452Z] [notify] [tavern] sent 1/1 (main=0 | quest=0 | category=1 groups=5)
[2026-05-13T01:48:33.250183Z] [notify] [tavern] sent 1/1 (main=0 | quest=0 | category=1 groups=5)
[2026-05-13T01:48:36.809285Z] [notify] [tavern] sent 1/1 (main=0 | quest=0 | category=1 groups=5)
[2026-05-13T01:48:45.111302Z] [notify] [tavern] sent 1/1 (main=0 | quest=0 | category=1 groups=5)
[2026-05-13T01:48:48.706020Z] [notify] [tavern] sent 1/1 (main=0 | quest=0 | category=1 groups=5)
[2026-05-13T01:49:18.298757Z] [notify] [tavern] sent 1/1 (main=0 | quest=0 | category=1 groups=5)
[2026-05-13T01:49:29.506041Z] [notify] [tavern] sent 1/1 (main=0 | quest=0 | category=1 groups=5)
[2026-05-13T01:49:35.372249Z] [notify] [tavern] sent 1/1 (main=0 | quest=0 | category=1 groups=5)
[2026-05-13T01:49:47.192862Z] [notify] [tavern] sent 1/1 (main=0 | quest=0 | category=1 groups=5)
[2026-05-13T01:49:53.553761Z] [notify] [tavern] sent 1/1 (main=0 | quest=0 | category=1 groups=5)
[2026-05-13T01:50:01.853808Z] [notify] [tavern] sent 1/1 (main=0 | quest=0 | category=1 groups=5)
[2026-05-13T04:05:24.778293Z] [notify] [tavern] sent 1/1 (main=1 | quest=0 | category=1 groups=5)
[2026-05-13T04:07:36.819639Z] [notify] [tavern] sent 1/1 (main=1 | quest=0 | category=1 groups=5)
[2026-05-13T04:19:13.821344Z] [notify] [tavern] sent 1/1 (main=1 | quest=0 | category=1 groups=5)
[2026-05-13T04:25:00.030100Z] [notify] [tavern] sent 1/1 (main=1 | quest=0 | category=1 groups=5)
[2026-05-13T04:30:36.827752Z] [notify] [tavern] sent 1/1 (main=1 | quest=0 | category=1 groups=5)
[2026-05-13T05:00:58.743691Z] [notify] [tavern] sent 1/1 (main=1 | quest=0 | category=1 groups=5)
[2026-05-13T05:01:27.859205Z] [notify] [tavern] sent 1/1 (main=1 | quest=0 | category=1 groups=5)
[2026-05-13T05:06:19.493235Z] [notify] [tavern] sent 1/1 (main=1 | quest=0 | category=1 groups=5)
[2026-05-13T05:09:21.018188Z] [notify] [tavern] sent 1/1 (main=1 | quest=0 | category=1 groups=5)
[2026-05-13T05:10:58.440549Z] [notify] [tavern] sent 1/1 (main=1 | quest=0 | category=1 groups=5)
[2026-05-13T05:12:22.114527Z] [notify] [tavern] sent 1/1 (main=1 | quest=0 | category=1 groups=5)
[2026-05-13T05:13:45.634404Z] [notify] [tavern] sent 1/1 (main=1 | quest=0 | category=1 groups=5)
[2026-05-13T05:15:25.969926Z] [notify] [tavern] sent 1/1 (main=1 | quest=0 | category=1 groups=5)
[2026-05-13T05:16:43.497058Z] [notify] [tavern] sent 1/1 (main=1 | quest=0 | category=1 groups=5)
[2026-05-13T05:16:47.383388Z] [notify] [tavern] sent 1/1 (main=1 | quest=0 | category=1 groups=5)
[2026-05-13T05:18:09.830283Z] [notify] [tavern] sent 1/1 (main=0 | quest=0 | category=1 groups=5)
[2026-05-13T05:18:34.489875Z] [notify] [tavern] sent 1/1 (main=0 | quest=0 | category=1 groups=5)
[2026-05-13T05:18:38.772045Z] [notify] [tavern] sent 1/1 (main=0 | quest=0 | category=1 groups=5)
[2026-05-13T05:19:01.767484Z] [notify] [tavern] sent 1/1 (main=0 | quest=0 | category=1 groups=5)
[2026-05-13T05:19:05.009961Z] [notify] [tavern] sent 1/1 (main=0 | quest=0 | category=1 groups=5)
[2026-05-13T05:19:24.997202Z] [notify] [tavern] sent 1/1 (main=0 | quest=0 | category=1 groups=5)
[2026-05-13T05:19:29.964072Z] [notify] [tavern] sent 1/1 (main=0 | quest=0 | category=1 groups=5)
[2026-05-13T05:19:51.246012Z] [notify] [tavern] sent 1/1 (main=0 | quest=0 | category=1 groups=5)
[2026-05-13T05:19:57.029141Z] [notify] [tavern] sent 1/1 (main=0 | quest=0 | category=1 groups=5)
[2026-05-13T05:20:27.265478Z] [notify] [tavern] sent 1/1 (main=0 | quest=0 | category=1 groups=5)
[2026-05-13T05:20:31.504205Z] [notify] [tavern] sent 1/1 (main=0 | quest=0 | category=1 groups=5)
[2026-05-13T05:20:48.712184Z] [notify] [tavern] sent 1/1 (main=0 | quest=0 | category=1 groups=5)
[2026-05-13T05:20:51.658449Z] [notify] [tavern] sent 1/1 (main=0 | quest=0 | category=1 groups=5)
[2026-05-13T05:20:59.427589Z] [notify] [tavern] sent 1/1 (main=0 | quest=0 | category=1 groups=5)
[2026-05-13T05:21:31.459436Z] [notify] [tavern] sent 1/1 (main=0 | quest=0 | category=1 groups=5)
[2026-05-13T05:21:35.604239Z] [notify] [tavern] sent 1/1 (main=0 | quest=0 | category=1 groups=5)
[2026-05-13T05:22:02.620145Z] [notify] [tavern] sent 1/1 (main=0 | quest=0 | category=1 groups=5)
[2026-05-13T05:22:05.923340Z] [notify] [tavern] sent 1/1 (main=0 | quest=0 | category=1 groups=5)
[2026-05-13T05:22:38.368140Z] [notify] [tavern] sent 1/1 (main=0 | quest=0 | category=1 groups=5)
[2026-05-13T05:22:41.639539Z] [notify] [tavern] sent 1/1 (main=0 | quest=0 | category=1 groups=5)
[2026-05-13T05:22:51.919365Z] [notify] [tavern] sent 1/1 (main=0 | quest=0 | category=1 groups=5)
[2026-05-13T05:23:38.441034Z] [notify] [tavern] sent 1/1 (main=1 | quest=0 | category=1 groups=5)
[2026-05-13T06:43:25.621116Z] [notify] [tavern] sent 1/1 (main=1 | quest=0 | category=1 groups=5)
[2026-05-13T06:46:15.639520Z] [notify] [tavern] sent 1/1 (main=1 | quest=0 | category=1 groups=5)
[2026-05-13T06:47:17.901104Z] [notify] [tavern] sent 1/1 (main=1 | quest=0 | category=1 groups=5)
[2026-05-13T07:05:37.609611Z] [notify] [tavern] sent 1/1 (main=1 | quest=0 | category=1 groups=5)
[2026-05-13T07:06:57.543663Z] [notify] [tavern] sent 1/1 (main=1 | quest=0 | category=1 groups=5)
[2026-05-13T07:07:11.177002Z] [notify] [tavern] sent 1/1 (main=1 | quest=0 | category=1 groups=5)
[2026-05-13T07:08:59.153890Z] [notify] [category-routing] group 'chitchat-channel' 全部 webhook URL 都是 placeholder (1 個)，跳過 broadcast
[2026-05-13T07:09:00.381682Z] [notify] [tavern] sent 1/1 (main=1 | quest=0 | category=0 groups=5)
[2026-05-13T07:14:58.365943Z] [notify] [tavern] sent 1/1 (main=1 | quest=0 | category=1 groups=5)
[2026-05-13T07:15:06.302710Z] [notify] [tavern] sent 1/1 (main=1 | quest=0 | category=1 groups=5)
[2026-05-13T07:16:52.647696Z] [notify] [tavern] sent 1/1 (main=1 | quest=0 | category=1 groups=5)
[2026-05-13T07:21:58.450982Z] [notify] [tavern] sent 1/1 (main=1 | quest=0 | category=1 groups=5)
[2026-05-13T07:29:28.538927Z] [notify] [tavern] sent 1/1 (main=1 | quest=0 | category=1 groups=5)
[2026-05-13T07:30:52.463180Z] [notify] [tavern] sent 1/1 (main=1 | quest=0 | category=1 groups=5)
[2026-05-13T07:31:53.633962Z] [notify] [tavern] sent 1/1 (main=1 | quest=0 | category=1 groups=5)
[2026-05-13T07:33:32.064207Z] [notify] [tavern] sent 1/1 (main=1 | quest=0 | category=1 groups=5)
[2026-05-13T07:33:36.997499Z] [notify] [tavern] sent 1/1 (main=1 | quest=0 | category=1 groups=5)
[2026-05-13T07:41:23.499755Z] [notify] [tavern] sent 1/1 (main=1 | quest=0 | category=1 groups=5)
[2026-05-13T07:43:45.598549Z] [notify] [tavern] sent 1/1 (main=1 | quest=0 | category=1 groups=5)
[2026-05-13T07:44:18.559731Z] [notify] [tavern] sent 1/1 (main=1 | quest=0 | category=1 groups=5)
[2026-05-13T07:48:35.318407Z] [notify] [tavern] sent 1/1 (main=1 | quest=0 | category=0 groups=5)
[2026-05-13T07:57:00.861054Z] [notify] [tavern] sent 1/1 (main=1 | quest=0 | category=0 groups=5)
[2026-05-13T08:01:48.132749Z] [notify] [tavern] sent 1/1 (main=1 | quest=0 | category=0 groups=5)
[2026-05-13T08:01:56.312465Z] [notify] [tavern] sent 1/1 (main=1 | quest=0 | category=0 groups=5)
[2026-05-13T08:02:07.394882Z] [notify] [tavern] sent 1/1 (main=1 | quest=0 | category=0 groups=5)
[2026-05-13T08:02:15.780665Z] [notify] [tavern] sent 1/1 (main=1 | quest=0 | category=0 groups=5)
[2026-05-13T08:03:06.898776Z] [notify] [tavern] sent 1/1 (main=1 | quest=0 | category=0 groups=5)
[2026-05-13T08:04:32.184658Z] [notify] [tavern] sent 1/1 (main=1 | quest=0 | category=0 groups=5)
[2026-05-13T08:06:41.925257Z] [notify] [tavern] sent 1/1 (main=1 | quest=0 | category=0 groups=5)
[2026-05-13T08:07:02.874127Z] [notify] [tavern] sent 1/1 (main=1 | quest=0 | category=0 groups=5)
[2026-05-13T08:07:20.740382Z] [notify] [tavern] sent 1/1 (main=1 | quest=0 | category=0 groups=5)
[2026-05-13T08:07:30.202237Z] [notify] [tavern] sent 1/1 (main=1 | quest=0 | category=0 groups=5)
[2026-05-13T08:07:34.147057Z] [notify] [tavern] sent 1/1 (main=1 | quest=0 | category=0 groups=5)
[2026-05-13T08:08:08.865855Z] [notify] [tavern] sent 1/1 (main=1 | quest=0 | category=0 groups=5)
[2026-05-13T08:08:30.630929Z] [notify] [tavern] sent 1/1 (main=1 | quest=0 | category=0 groups=5)
[2026-05-13T08:14:21.886808Z] [notify] [tavern] sent 1/1 (main=1 | quest=0 | category=0 groups=5)
[2026-05-13T08:14:56.690033Z] [notify] [tavern] sent 1/1 (main=1 | quest=0 | category=0 groups=5)
[2026-05-13T08:16:37.543809Z] [notify] [tavern] sent 1/1 (main=1 | quest=0 | category=0 groups=5)
[2026-05-13T08:20:12.342109Z] [notify] [tavern] sent 1/1 (main=1 | quest=0 | category=0 groups=5)
[2026-05-13T08:22:49.629904Z] [notify] [tavern] sent 1/1 (main=1 | quest=0 | category=0 groups=5)
[2026-05-13T08:22:58.664722Z] [notify] [tavern] sent 1/1 (main=1 | quest=0 | category=0 groups=5)
[2026-05-13T08:23:33.006701Z] [notify] [tavern] sent 1/1 (main=1 | quest=0 | category=0 groups=5)
[2026-05-13T08:25:58.938713Z] [notify] [tavern] sent 1/1 (main=1 | quest=0 | category=0 groups=5)
[2026-05-13T08:26:09.226279Z] [notify] [tavern] sent 1/1 (main=1 | quest=0 | category=0 groups=5)
[2026-05-13T08:26:11.394284Z] [notify] [tavern] sent 1/1 (main=1 | quest=0 | category=0 groups=5)
[2026-05-13T08:26:13.126626Z] [notify] [tavern] sent 1/1 (main=1 | quest=0 | category=0 groups=5)
[2026-05-13T08:26:22.776436Z] [notify] [tavern] sent 1/1 (main=1 | quest=0 | category=0 groups=5)
[2026-05-13T08:26:24.661033Z] [notify] [tavern] sent 1/1 (main=1 | quest=0 | category=0 groups=5)
[2026-05-13T08:26:27.316853Z] [notify] [tavern] sent 1/1 (main=1 | quest=0 | category=0 groups=5)
[2026-05-13T08:26:29.936503Z] [notify] [tavern] sent 1/1 (main=1 | quest=0 | category=0 groups=5)
[2026-05-13T08:26:43.281671Z] [notify] [tavern] sent 1/1 (main=1 | quest=0 | category=0 groups=5)
[2026-05-13T08:28:12.594471Z] [notify] [tavern] sent 1/1 (main=1 | quest=0 | category=0 groups=5)
[2026-05-13T08:29:28.789155Z] [notify] [tavern] sent 1/1 (main=1 | quest=0 | category=0 groups=5)
[2026-05-13T08:30:29.570771Z] [notify] [tavern] sent 1/1 (main=1 | quest=0 | category=0 groups=5)
[2026-05-13T08:32:20.311941Z] [notify] [tavern] sent 1/1 (main=1 | quest=0 | category=0 groups=5)
[2026-05-13T08:33:47.919297Z] [notify] [tavern] sent 1/1 (main=1 | quest=0 | category=0 groups=5)
[2026-05-13T08:36:21.208556Z] [notify] [tavern] sent 1/1 (main=1 | quest=0 | category=0 groups=5)
[2026-05-13T08:40:53.131839Z] [notify] [tavern] sent 1/1 (main=1 | quest=0 | category=0 groups=5)
[2026-05-13T08:40:55.087515Z] [notify] [tavern] sent 1/1 (main=1 | quest=0 | category=0 groups=5)
[2026-05-13T08:41:29.102354Z] [notify] [tavern] sent 1/1 (main=1 | quest=0 | category=0 groups=5)
[2026-05-13T08:41:41.938887Z] [notify] [tavern] sent 1/1 (main=1 | quest=0 | category=0 groups=5)
[2026-05-13T08:42:08.801510Z] [notify] [tavern] sent 1/1 (main=1 | quest=0 | category=0 groups=5)
[2026-05-13T08:42:19.741636Z] [notify] [tavern] sent 1/1 (main=1 | quest=0 | category=0 groups=5)
[2026-05-13T08:43:04.725032Z] [notify] [tavern] sent 1/1 (main=1 | quest=0 | category=0 groups=5)
[2026-05-13T08:43:27.177482Z] [notify] [tavern] sent 1/1 (main=1 | quest=0 | category=0 groups=5)
[2026-05-13T08:43:58.911413Z] [notify] [tavern] sent 1/1 (main=1 | quest=0 | category=0 groups=5)
[2026-05-13T08:44:28.908359Z] [notify] [tavern] sent 1/1 (main=1 | quest=0 | category=0 groups=5)
[2026-05-13T08:44:33.261470Z] [notify] [tavern] sent 1/1 (main=1 | quest=0 | category=0 groups=5)
[2026-05-13T08:44:40.727335Z] [notify] [tavern] sent 1/1 (main=1 | quest=0 | category=0 groups=5)
[2026-05-13T08:44:44.146626Z] [notify] [tavern] sent 1/1 (main=1 | quest=0 | category=0 groups=5)
[2026-05-13T08:45:12.419067Z] [notify] [tavern] sent 1/1 (main=1 | quest=0 | category=0 groups=5)
[2026-05-13T08:47:56.054400Z] [notify] [tavern] sent 1/1 (main=1 | quest=0 | category=0 groups=5)
[2026-05-13T08:49:55.945997Z] [notify] [tavern] sent 1/1 (main=1 | quest=0 | category=0 groups=5)
[2026-05-13T08:50:09.542958Z] [notify] [tavern] sent 1/1 (main=1 | quest=0 | category=0 groups=5)
[2026-05-13T08:50:32.496882Z] [notify] [tavern] sent 1/1 (main=1 | quest=0 | category=0 groups=5)
[2026-05-13T08:51:32.294536Z] [notify] [tavern] sent 1/1 (main=1 | quest=0 | category=0 groups=5)
[2026-05-13T08:53:14.812427Z] [notify] [tavern] sent 1/1 (main=1 | quest=0 | category=0 groups=5)
[2026-05-13T08:57:16.427588Z] [notify] [tavern] sent 1/1 (main=1 | quest=0 | category=0 groups=5)
[2026-05-13T08:57:20.250446Z] [notify] [tavern] sent 1/1 (main=1 | quest=0 | category=0 groups=5)
[2026-05-13T08:57:49.851067Z] [notify] [tavern] sent 1/1 (main=1 | quest=0 | category=0 groups=5)
[2026-05-13T08:59:36.989235Z] [notify] [tavern] sent 1/1 (main=1 | quest=0 | category=0 groups=5)
[2026-05-13T09:03:10.676778Z] [notify] [tavern] sent 1/1 (main=1 | quest=0 | category=0 groups=5)
[2026-05-13T09:03:22.821190Z] [notify] [tavern] sent 1/1 (main=1 | quest=0 | category=0 groups=5)
[2026-05-13T09:03:30.359757Z] [notify] [tavern] sent 1/1 (main=1 | quest=0 | category=0 groups=5)
[2026-05-13T09:04:06.439060Z] [notify] [tavern] sent 1/1 (main=1 | quest=0 | category=0 groups=5)
[2026-05-13T09:04:20.395165Z] [notify] [tavern] sent 1/1 (main=1 | quest=0 | category=0 groups=5)
[2026-05-13T09:04:51.895414Z] [notify] [tavern] sent 1/1 (main=1 | quest=0 | category=0 groups=5)
[2026-05-13T09:04:55.570471Z] [notify] [tavern] sent 1/1 (main=1 | quest=0 | category=0 groups=5)
[2026-05-13T09:05:04.475897Z] [notify] [tavern] sent 1/1 (main=1 | quest=0 | category=0 groups=5)
[2026-05-13T09:06:35.152506Z] [notify] [tavern] sent 1/1 (main=1 | quest=0 | category=0 groups=5)
[2026-05-13T09:07:12.595252Z] [notify] [tavern] sent 1/1 (main=1 | quest=0 | category=0 groups=5)
[2026-05-13T09:07:27.952941Z] [notify] [tavern] sent 1/1 (main=1 | quest=0 | category=0 groups=5)
[2026-05-13T09:08:13.436405Z] [notify] [tavern] sent 1/1 (main=1 | quest=0 | category=0 groups=5)
[2026-05-13T09:08:22.162234Z] [notify] [tavern] sent 1/1 (main=1 | quest=0 | category=0 groups=5)
[2026-05-13T09:09:32.494690Z] [notify] [tavern] sent 1/1 (main=1 | quest=0 | category=0 groups=5)
[2026-05-13T09:09:43.950811Z] [notify] [tavern] sent 1/1 (main=1 | quest=0 | category=0 groups=5)
[2026-05-13T09:10:13.021550Z] [notify] [tavern] sent 1/1 (main=1 | quest=0 | category=0 groups=5)
[2026-05-13T09:12:30.863956Z] [notify] [tavern] sent 1/1 (main=1 | quest=0 | category=0 groups=5)
[2026-05-13T09:14:35.208476Z] [notify] [tavern] sent 1/1 (main=1 | quest=0 | category=0 groups=5)
[2026-05-13T09:14:52.050570Z] [notify] [tavern] sent 1/1 (main=1 | quest=0 | category=0 groups=5)
[2026-05-13T09:14:54.328289Z] [notify] [tavern] sent 1/1 (main=1 | quest=0 | category=0 groups=5)
[2026-05-13T09:16:06.887361Z] [notify] [tavern] sent 1/1 (main=1 | quest=0 | category=0 groups=5)
[2026-05-13T09:16:10.425495Z] [notify] [tavern] sent 2/2 (main=2 | quest=0 | category=0 groups=5)
[2026-05-13T09:16:33.791672Z] [notify] [tavern] sent 1/1 (main=1 | quest=0 | category=0 groups=5)
[2026-05-13T09:16:39.836663Z] [notify] [tavern] sent 1/1 (main=1 | quest=0 | category=0 groups=5)
[2026-05-13T09:17:54.623310Z] [notify] [tavern] sent 1/1 (main=1 | quest=0 | category=0 groups=5)
[2026-05-13T09:19:19.958504Z] [notify] [tavern] sent 1/1 (main=1 | quest=0 | category=0 groups=5)
[2026-05-13T09:20:10.793618Z] [notify] [tavern] sent 1/1 (main=1 | quest=0 | category=0 groups=5)
[2026-05-13T09:20:52.852765Z] [notify] [tavern] sent 1/1 (main=1 | quest=0 | category=0 groups=5)
[2026-05-13T09:22:43.965994Z] [notify] [tavern] sent 1/1 (main=1 | quest=0 | category=0 groups=5)
[2026-05-13T09:25:32.827337Z] [notify] [tavern] sent 1/1 (main=1 | quest=0 | category=0 groups=5)
[2026-05-13T09:25:42.852961Z] [notify] [tavern] sent 1/1 (main=1 | quest=0 | category=0 groups=5)
[2026-05-13T09:26:20.470048Z] [notify] [tavern] sent 1/1 (main=1 | quest=0 | category=0 groups=5)
[2026-05-13T09:27:58.508390Z] [notify] [tavern] sent 1/1 (main=1 | quest=0 | category=0 groups=5)
[2026-05-13T09:30:58.964980Z] [notify] [tavern] sent 1/1 (main=1 | quest=0 | category=0 groups=5)
[2026-05-13T09:31:10.927733Z] [notify] [tavern] sent 1/1 (main=1 | quest=0 | category=0 groups=5)
[2026-05-13T09:31:13.443182Z] [notify] [tavern] sent 1/1 (main=1 | quest=0 | category=0 groups=5)
[2026-05-13T09:31:23.847180Z] [notify] [tavern] sent 1/1 (main=1 | quest=0 | category=0 groups=5)
[2026-05-13T09:31:26.137933Z] [notify] [tavern] sent 1/1 (main=1 | quest=0 | category=0 groups=5)
[2026-05-13T09:31:57.943691Z] [notify] [tavern] sent 1/1 (main=1 | quest=0 | category=0 groups=5)
[2026-05-13T09:33:36.251856Z] [notify] [tavern] sent 1/1 (main=1 | quest=0 | category=0 groups=5)
[2026-05-13T09:33:37.954306Z] [notify] [tavern] sent 1/1 (main=1 | quest=0 | category=0 groups=5)
[2026-05-13T09:33:40.330814Z] [notify] [tavern] sent 1/1 (main=1 | quest=0 | category=0 groups=5)
[2026-05-13T09:34:06.314527Z] [notify] [tavern] sent 1/1 (main=1 | quest=0 | category=0 groups=5)
[2026-05-13T09:34:58.915484Z] [notify] [tavern] sent 1/1 (main=1 | quest=0 | category=0 groups=5)
[2026-05-13T09:36:12.595805Z] [notify] [tavern] sent 1/1 (main=1 | quest=0 | category=0 groups=5)
[2026-05-13T09:40:14.281469Z] [notify] [tavern] sent 1/1 (main=1 | quest=0 | category=0 groups=5)
[2026-05-13T09:41:00.243395Z] [notify] [tavern] sent 1/1 (main=1 | quest=0 | category=0 groups=5)
[2026-05-13T09:41:37.276194Z] [notify] [tavern] sent 1/1 (main=1 | quest=0 | category=0 groups=5)
[2026-05-13T09:42:16.269416Z] [notify] [tavern] sent 1/1 (main=1 | quest=0 | category=0 groups=5)
[2026-05-13T09:42:25.115965Z] [notify] [tavern] sent 1/1 (main=1 | quest=0 | category=0 groups=5)
[2026-05-13T09:42:26.198145Z] [notify] [tavern] sent 1/1 (main=1 | quest=0 | category=0 groups=5)
[2026-05-13T09:42:55.698427Z] [notify] [tavern] sent 1/1 (main=1 | quest=0 | category=0 groups=5)
[2026-05-13T09:43:48.091815Z] [notify] [tavern] sent 1/1 (main=1 | quest=0 | category=0 groups=5)
[2026-05-13T09:44:14.020038Z] [notify] [tavern] sent 1/1 (main=1 | quest=0 | category=0 groups=5)
[2026-05-13T09:46:03.828437Z] [notify] [tavern] sent 1/1 (main=1 | quest=0 | category=0 groups=5)
[2026-05-13T09:46:13.222484Z] [notify] [tavern] sent 1/1 (main=1 | quest=0 | category=0 groups=5)
[2026-05-13T09:46:51.437650Z] [notify] [tavern] sent 1/1 (main=1 | quest=0 | category=0 groups=5)
[2026-05-13T09:47:39.878550Z] [notify] [tavern] sent 1/1 (main=1 | quest=0 | category=0 groups=5)
[2026-05-13T09:49:02.655540Z] [notify] [tavern] sent 1/1 (main=1 | quest=0 | category=0 groups=5)
[2026-05-13T09:49:30.426271Z] [notify] [tavern] sent 1/1 (main=1 | quest=0 | category=0 groups=5)
[2026-05-13T09:50:35.814776Z] [notify] [tavern] sent 1/1 (main=1 | quest=0 | category=0 groups=5)
[2026-05-13T09:54:17.440064Z] [notify] [tavern] sent 1/1 (main=1 | quest=0 | category=0 groups=5)
[2026-05-13T09:56:48.331872Z] [notify] [tavern] sent 1/1 (main=1 | quest=0 | category=0 groups=5)
[2026-05-13T09:58:37.557746Z] [notify] [tavern] sent 1/1 (main=1 | quest=0 | category=0 groups=5)
[2026-05-13T10:04:04.337503Z] [notify] [category-routing] group 'chitchat-channel' 全部 webhook URL 都是 placeholder (1 個)，跳過 broadcast
[2026-05-13T10:04:06.842744Z] [notify] [tavern] sent 1/1 (main=1 | quest=0 | category=0 groups=5)
[2026-05-13T10:07:53.687010Z] [notify] [tavern] sent 1/1 (main=1 | quest=0 | category=0 groups=5)
[2026-05-13T10:08:01.237678Z] [notify] [tavern] sent 1/1 (main=1 | quest=0 | category=0 groups=5)
[2026-05-13T10:10:42.995235Z] [notify] [tavern] sent 1/1 (main=1 | quest=0 | category=0 groups=5)
[2026-05-13T10:10:55.831778Z] [notify] [category-routing] group 'chitchat-channel' 全部 webhook URL 都是 placeholder (1 個)，跳過 broadcast
[2026-05-13T10:10:58.101655Z] [notify] [tavern] sent 1/1 (main=1 | quest=0 | category=0 groups=5)
[2026-05-13T10:25:19.092333Z] [notify] [tavern] sent 1/1 (main=1 | quest=0 | category=0 groups=5)
[2026-05-13T10:26:31.365217Z] [notify] [tavern] sent 1/1 (main=1 | quest=0 | category=0 groups=5)
[2026-05-13T10:28:29.537715Z] [notify] [tavern] sent 1/1 (main=1 | quest=0 | category=0 groups=5)
[2026-05-13T10:28:31.223314Z] [notify] [tavern] sent 1/1 (main=1 | quest=0 | category=0 groups=5)
[2026-05-13T10:30:02.725998Z] [notify] [tavern] sent 1/1 (main=1 | quest=0 | category=0 groups=5)
[2026-05-13T10:33:17.471001Z] [notify] [tavern] sent 1/1 (main=1 | quest=0 | category=0 groups=5)
[2026-05-13T10:33:25.720612Z] [notify] [tavern] sent 1/1 (main=1 | quest=0 | category=0 groups=5)
[2026-05-13T10:33:27.663906Z] [notify] [tavern] sent 1/1 (main=1 | quest=0 | category=0 groups=5)
[2026-05-13T10:33:30.488832Z] [notify] [tavern] sent 1/1 (main=1 | quest=0 | category=0 groups=5)
[2026-05-13T10:33:32.345799Z] [notify] [tavern] sent 1/1 (main=1 | quest=0 | category=0 groups=5)
[2026-05-13T10:33:34.590094Z] [notify] [tavern] sent 1/1 (main=1 | quest=0 | category=0 groups=5)
[2026-05-13T10:33:37.500733Z] [notify] [tavern] sent 1/1 (main=1 | quest=0 | category=0 groups=5)
[2026-05-13T10:33:39.606126Z] [notify] [tavern] sent 1/1 (main=1 | quest=0 | category=0 groups=5)
[2026-05-13T10:33:41.752265Z] [notify] [tavern] sent 1/1 (main=1 | quest=0 | category=0 groups=5)
[2026-05-13T10:33:43.793499Z] [notify] [tavern] sent 1/1 (main=1 | quest=0 | category=0 groups=5)
[2026-05-13T10:33:46.262985Z] [notify] [tavern] sent 1/1 (main=1 | quest=0 | category=0 groups=5)
[2026-05-13T10:34:03.024437Z] [notify] [tavern] sent 1/1 (main=1 | quest=0 | category=0 groups=5)
[2026-05-13T10:48:17.999088Z] [notify] [tavern] sent 1/1 (main=1 | quest=0 | category=0 groups=5)
[2026-05-13T10:48:19.798012Z] [notify] [tavern] sent 1/1 (main=1 | quest=0 | category=0 groups=5)
[2026-05-13T10:48:22.290259Z] [notify] [tavern] sent 1/1 (main=1 | quest=0 | category=0 groups=5)
[2026-05-13T10:48:24.167168Z] [notify] [tavern] sent 1/1 (main=1 | quest=0 | category=0 groups=5)
[2026-05-13T10:48:26.377916Z] [notify] [tavern] sent 1/1 (main=1 | quest=0 | category=0 groups=5)
[2026-05-13T10:48:29.633810Z] [notify] [tavern] sent 1/1 (main=1 | quest=0 | category=0 groups=5)
[2026-05-13T10:48:31.698658Z] [notify] [tavern] sent 1/1 (main=1 | quest=0 | category=0 groups=5)
[2026-05-13T10:48:33.900957Z] [notify] [tavern] sent 1/1 (main=1 | quest=0 | category=0 groups=5)
[2026-05-13T10:48:35.745345Z] [notify] [tavern] sent 1/1 (main=1 | quest=0 | category=0 groups=5)
[2026-05-13T10:48:38.030290Z] [notify] [tavern] sent 1/1 (main=1 | quest=0 | category=0 groups=5)
[2026-05-13T10:48:40.438498Z] [notify] [tavern] sent 1/1 (main=1 | quest=0 | category=0 groups=5)
[2026-05-13T10:48:42.184780Z] [notify] [tavern] sent 1/1 (main=1 | quest=0 | category=0 groups=5)
[2026-05-13T10:52:27.289645Z] [notify] [tavern] sent 1/1 (main=1 | quest=0 | category=0 groups=5)
[2026-05-13T10:54:53.732952Z] [notify] [tavern] sent 1/1 (main=1 | quest=0 | category=0 groups=5)
[2026-05-13T10:56:29.253622Z] [notify] [tavern] sent 1/1 (main=1 | quest=0 | category=0 groups=5)
[2026-05-13T10:58:31.713525Z] [notify] [tavern] sent 1/1 (main=1 | quest=0 | category=0 groups=5)
[2026-05-13T11:01:02.801512Z] [notify] [category-routing] group 'chitchat-channel' 全部 webhook URL 都是 placeholder (1 個)，跳過 broadcast
[2026-05-13T11:01:05.363618Z] [notify] [tavern] sent 1/1 (main=1 | quest=0 | category=0 groups=5)
[2026-05-13T11:01:07.797021Z] [notify] [tavern] sent 1/1 (main=1 | quest=0 | category=0 groups=5)
[2026-05-13T11:02:01.339236Z] [notify] [tavern] sent 1/1 (main=1 | quest=0 | category=0 groups=5)
[2026-05-13T11:04:51.299395Z] [notify] [tavern] sent 1/1 (main=1 | quest=0 | category=0 groups=5)
[2026-05-13T11:05:07.504854Z] [notify] [tavern] sent 1/1 (main=1 | quest=0 | category=0 groups=5)
[2026-05-13T11:05:10.037328Z] [notify] [tavern] sent 1/1 (main=1 | quest=0 | category=0 groups=5)
[2026-05-13T11:05:26.474219Z] [notify] [tavern] sent 1/1 (main=1 | quest=0 | category=0 groups=5)
[2026-05-13T11:07:29.837325Z] [notify] [tavern] sent 1/1 (main=1 | quest=0 | category=0 groups=5)
[2026-05-13T11:33:40.291572Z] [notify] [tavern] sent 1/1 (main=1 | quest=0 | category=0 groups=5)
[2026-05-13T12:22:46.601966Z] [notify] [tavern] sent 1/1 (main=1 | quest=0 | category=0 groups=5)
[2026-05-13T12:29:32.320658Z] [notify] [tavern] sent 1/1 (main=1 | quest=0 | category=0 groups=5)
[2026-05-13T12:30:00.953357Z] [notify] [tavern] sent 1/1 (main=1 | quest=0 | category=0 groups=5)
[2026-05-13T12:30:11.769602Z] [notify] [tavern] sent 1/1 (main=1 | quest=0 | category=0 groups=5)
[2026-05-13T12:32:54.799060Z] [notify] [tavern] sent 1/1 (main=1 | quest=0 | category=0 groups=5)
[2026-05-13T12:42:57.558500Z] [notify] [tavern] sent 1/1 (main=1 | quest=0 | category=0 groups=5)
[2026-05-13T12:43:24.356361Z] [notify] [tavern] sent 1/1 (main=1 | quest=0 | category=0 groups=5)
[2026-05-13T12:48:12.132591Z] [notify] [tavern] sent 1/1 (main=1 | quest=0 | category=0 groups=5)
[2026-05-13T12:48:33.145014Z] [notify] [tavern] sent 1/1 (main=1 | quest=0 | category=0 groups=5)
[2026-05-13T12:54:54.852646Z] [notify] [tavern] sent 1/1 (main=1 | quest=0 | category=0 groups=5)
[2026-05-13T13:03:33.586568Z] [notify] [tavern] sent 1/1 (main=1 | quest=0 | category=0 groups=5)
[2026-05-13T13:10:52.502425Z] [notify] [tavern] sent 1/1 (main=1 | quest=0 | category=0 groups=5)
[2026-05-13T13:22:25.005447Z] [notify] [tavern] sent 1/1 (main=1 | quest=0 | category=0 groups=5)
[2026-05-13T13:22:30.126699Z] [notify] [tavern] sent 1/1 (main=1 | quest=0 | category=0 groups=5)
[2026-05-13T13:23:00.659358Z] [notify] [tavern] sent 1/1 (main=1 | quest=0 | category=0 groups=5)
[2026-05-13T13:26:01.884819Z] [notify] [tavern] sent 1/1 (main=1 | quest=0 | category=0 groups=5)
[2026-05-13T13:27:42.424978Z] [notify] [tavern] sent 1/1 (main=1 | quest=0 | category=0 groups=5)
[2026-05-13T13:30:24.069749Z] [notify] [tavern] sent 1/1 (main=1 | quest=0 | category=0 groups=5)
[2026-05-13T13:30:26.011832Z] [notify] [tavern] sent 1/1 (main=1 | quest=0 | category=0 groups=5)
[2026-05-13T13:31:03.070180Z] [notify] [tavern] sent 1/1 (main=1 | quest=0 | category=0 groups=5)
[2026-05-13T13:32:43.267296Z] [notify] [tavern] sent 1/1 (main=1 | quest=0 | category=0 groups=5)
[2026-05-13T14:17:20.089518Z] [notify] [tavern] sent 1/1 (main=1 | quest=0 | category=0 groups=5)
[2026-05-13T14:23:32.422422Z] [notify] [tavern] sent 1/1 (main=1 | quest=0 | category=0 groups=5)
[2026-05-13T14:38:08.475623Z] [notify] [tavern] sent 1/1 (main=1 | quest=0 | category=0 groups=5)
[2026-05-13T14:40:39.594056Z] [notify] [tavern] sent 1/1 (main=1 | quest=0 | category=0 groups=5)
[2026-05-13T14:40:41.667527Z] [notify] [tavern] sent 1/1 (main=1 | quest=0 | category=0 groups=5)
[2026-05-13T14:41:53.467753Z] [notify] [tavern] sent 1/1 (main=1 | quest=0 | category=0 groups=5)
[2026-05-13T14:49:13.443504Z] [notify] [tavern] sent 1/1 (main=1 | quest=0 | category=0 groups=5)
[2026-05-13T14:58:45.256201Z] [notify] [tavern] sent 1/1 (main=1 | quest=0 | category=0 groups=5)
[2026-05-13T15:00:57.630407Z] [notify] [tavern] sent 1/1 (main=1 | quest=0 | category=0 groups=5)
[2026-05-13T15:05:42.037653Z] [notify] [tavern] sent 1/1 (main=1 | quest=0 | category=0 groups=5)
[2026-05-13T15:16:40.399805Z] [notify] [tavern] sent 1/1 (main=1 | quest=0 | category=0 groups=5)
[2026-05-13T15:18:27.522303Z] [notify] [tavern] sent 1/1 (main=1 | quest=0 | category=0 groups=5)
[2026-05-13T15:19:17.362491Z] [notify] [tavern] sent 1/1 (main=1 | quest=0 | category=0 groups=5)
[2026-05-13T15:20:02.171412Z] [notify] [tavern] sent 1/1 (main=1 | quest=0 | category=0 groups=5)
[2026-05-13T15:22:37.013015Z] [notify] [tavern] sent 1/1 (main=1 | quest=0 | category=0 groups=5)
[2026-05-13T15:26:21.818865Z] [notify] [tavern] sent 1/1 (main=1 | quest=0 | category=0 groups=5)
[2026-05-13T15:27:45.740431Z] [notify] [tavern] sent 1/1 (main=1 | quest=0 | category=0 groups=5)
[2026-05-13T15:33:48.499603Z] [notify] [tavern] sent 1/1 (main=1 | quest=0 | category=0 groups=5)
[2026-05-13T15:36:14.575872Z] [notify] [tavern] sent 1/1 (main=1 | quest=0 | category=0 groups=5)
[2026-05-13T15:36:18.447218Z] [notify] [tavern] sent 2/2 (main=2 | quest=0 | category=0 groups=5)
[2026-05-13T15:36:26.256569Z] [notify] [tavern] sent 1/1 (main=1 | quest=0 | category=0 groups=5)
[2026-05-13T15:48:19.336954Z] [notify] [tavern] sent 1/1 (main=1 | quest=0 | category=0 groups=5)
[2026-05-13T15:50:09.595007Z] [notify] [tavern] sent 1/1 (main=1 | quest=0 | category=0 groups=5)
[2026-05-13T15:52:17.102007Z] [notify] [tavern] sent 1/1 (main=1 | quest=0 | category=0 groups=5)
[2026-05-13T15:54:05.002442Z] [notify] [tavern] sent 1/1 (main=1 | quest=0 | category=0 groups=5)
[2026-05-13T15:55:36.599929Z] [notify] [tavern] sent 1/1 (main=1 | quest=0 | category=0 groups=5)
[2026-05-13T16:00:07.533060Z] [notify] [tavern] sent 1/1 (main=1 | quest=0 | category=0 groups=5)
[2026-05-13T16:02:17.099250Z] [notify] [tavern] sent 1/1 (main=1 | quest=0 | category=0 groups=5)
[2026-05-13T16:03:36.482137Z] [notify] [tavern] sent 1/1 (main=1 | quest=0 | category=0 groups=5)
[2026-05-13T16:04:51.726950Z] [notify] [tavern] sent 1/1 (main=1 | quest=0 | category=0 groups=5)
[2026-05-13T16:07:48.858730Z] [notify] [tavern] sent 1/1 (main=1 | quest=0 | category=0 groups=5)
[2026-05-13T20:57:57.235530Z] [notify] [tavern] sent 1/1 (main=1 | quest=0 | category=0 groups=5)
[2026-05-13T21:22:42.825290Z] [notify] [tavern] sent 1/1 (main=1 | quest=0 | category=0 groups=5)
[2026-05-13T21:24:03.973930Z] [notify] [tavern] sent 1/1 (main=1 | quest=0 | category=0 groups=5)
[2026-05-13T21:33:30.221727Z] [notify] [tavern] sent 1/1 (main=1 | quest=0 | category=0 groups=5)
[2026-05-13T21:45:19.008944Z] [notify] [tavern] sent 1/1 (main=1 | quest=0 | category=0 groups=5)
[2026-05-13T21:51:29.371271Z] [notify] [tavern] sent 1/1 (main=1 | quest=0 | category=0 groups=5)
[2026-05-13T21:51:47.945216Z] [notify] [tavern] sent 1/1 (main=1 | quest=0 | category=0 groups=5)
[2026-05-13T21:52:30.408646Z] [notify] [tavern] sent 1/1 (main=1 | quest=0 | category=0 groups=5)
[2026-05-13T21:54:09.883166Z] [notify] [tavern] sent 1/1 (main=1 | quest=0 | category=0 groups=5)
[2026-05-13T21:54:32.191211Z] [notify] [tavern] sent 1/1 (main=1 | quest=0 | category=0 groups=5)
[2026-05-13T22:04:34.467461Z] [notify] [tavern] sent 1/1 (main=1 | quest=0 | category=0 groups=5)
[2026-05-13T22:07:46.526943Z] [notify] [tavern] sent 1/1 (main=1 | quest=0 | category=0 groups=5)
[2026-05-13T22:09:53.837042Z] [notify] [tavern] sent 1/1 (main=1 | quest=0 | category=0 groups=5)
[2026-05-13T22:13:55.069800Z] [notify] [tavern] sent 1/1 (main=1 | quest=0 | category=0 groups=5)
[2026-05-13T22:21:31.948656Z] [notify] [tavern] sent 1/1 (main=1 | quest=0 | category=0 groups=5)
[2026-05-13T22:21:35.252211Z] [notify] [tavern] sent 1/1 (main=1 | quest=0 | category=0 groups=5)
[2026-05-13T22:21:36.710790Z] [notify] [tavern] sent 2/2 (main=2 | quest=0 | category=0 groups=5)
[2026-05-13T22:24:00.427492Z] [notify] [tavern] sent 1/1 (main=1 | quest=0 | category=0 groups=5)
[2026-05-13T22:24:25.013494Z] [notify] [tavern] sent 1/1 (main=1 | quest=0 | category=0 groups=5)
[2026-05-13T22:25:15.597153Z] [notify] [tavern] sent 1/1 (main=1 | quest=0 | category=0 groups=5)
[2026-05-13T22:25:35.513058Z] [notify] [tavern] sent 1/1 (main=1 | quest=0 | category=0 groups=5)
[2026-05-13T22:25:36.014552Z] [notify] [tavern] sent 1/1 (main=1 | quest=0 | category=0 groups=5)
[2026-05-13T22:30:00.956799Z] [notify] [tavern] sent 1/1 (main=1 | quest=0 | category=0 groups=5)
[2026-05-13T22:30:10.297089Z] [notify] [tavern] sent 1/1 (main=1 | quest=0 | category=0 groups=5)
[2026-05-14T02:27:35.539021Z] [notify] [tavern] sent 1/1 (main=1 | quest=0 | category=0 groups=5)
[2026-05-14T02:36:11.661595Z] [notify] [tavern] sent 1/1 (main=1 | quest=0 | category=0 groups=5)
[2026-05-14T02:36:46.850348Z] [notify] [tavern] sent 1/1 (main=1 | quest=0 | category=0 groups=5)
[2026-05-14T02:42:50.126986Z] [notify] [tavern] sent 1/1 (main=1 | quest=0 | category=0 groups=5)
[2026-05-14T02:43:37.364620Z] [notify] [tavern] sent 1/1 (main=1 | quest=0 | category=0 groups=5)
[2026-05-14T02:43:50.503803Z] [notify] [tavern] sent 1/1 (main=1 | quest=0 | category=0 groups=5)
[2026-05-14T02:48:21.031274Z] [notify] [tavern] sent 1/1 (main=1 | quest=0 | category=0 groups=5)
[2026-05-14T02:57:44.190104Z] [notify] [tavern] sent 1/1 (main=1 | quest=0 | category=0 groups=5)
[2026-05-14T02:57:57.256769Z] [notify] [tavern] sent 1/1 (main=1 | quest=0 | category=0 groups=5)
[2026-05-14T02:59:17.975486Z] [notify] [tavern] sent 1/1 (main=1 | quest=0 | category=0 groups=5)
[2026-05-14T02:59:42.012621Z] [notify] [tavern] sent 1/1 (main=1 | quest=0 | category=0 groups=5)
[2026-05-14T03:04:53.401800Z] [notify] [tavern] sent 1/1 (main=1 | quest=0 | category=0 groups=5)
[2026-05-14T03:05:20.445373Z] [notify] [tavern] sent 1/1 (main=1 | quest=0 | category=0 groups=5)
[2026-05-14T03:07:54.403620Z] [notify] [tavern] sent 1/1 (main=1 | quest=0 | category=0 groups=5)
[2026-05-14T03:08:06.355796Z] [notify] [tavern] sent 1/1 (main=1 | quest=0 | category=0 groups=5)
[2026-05-14T03:08:55.483266Z] [notify] [tavern] sent 1/1 (main=1 | quest=0 | category=0 groups=5)
[2026-05-14T03:09:01.494521Z] [notify] [tavern] sent 1/1 (main=1 | quest=0 | category=0 groups=5)
[2026-05-14T03:09:09.864321Z] [notify] [tavern] sent 1/1 (main=1 | quest=0 | category=0 groups=5)
[2026-05-14T03:09:45.212434Z] [notify] [tavern] sent 1/1 (main=1 | quest=0 | category=0 groups=5)
[2026-05-14T03:10:01.734905Z] [notify] [tavern] sent 1/1 (main=1 | quest=0 | category=0 groups=5)
[2026-05-14T03:13:33.916781Z] [notify] [tavern] sent 1/1 (main=1 | quest=0 | category=0 groups=5)
[2026-05-14T03:13:51.002573Z] [notify] [tavern] sent 1/1 (main=1 | quest=0 | category=0 groups=5)
[2026-05-14T03:16:42.137706Z] [notify] [tavern] sent 1/1 (main=1 | quest=0 | category=0 groups=5)
[2026-05-14T03:27:58.335452Z] [notify] [tavern] sent 1/1 (main=1 | quest=0 | category=0 groups=5)
[2026-05-14T03:28:14.386442Z] [notify] [tavern] sent 1/1 (main=1 | quest=0 | category=0 groups=5)
[2026-05-14T03:28:23.622535Z] [notify] [tavern] sent 1/1 (main=1 | quest=0 | category=0 groups=5)
[2026-05-14T03:28:40.725172Z] [notify] [tavern] sent 1/1 (main=1 | quest=0 | category=0 groups=5)
[2026-05-14T03:28:42.545732Z] [notify] [tavern] sent 1/1 (main=1 | quest=0 | category=0 groups=5)
[2026-05-14T03:29:25.744301Z] [notify] [tavern] sent 1/1 (main=1 | quest=0 | category=0 groups=5)
[2026-05-14T03:29:28.452633Z] [notify] [tavern] sent 1/1 (main=1 | quest=0 | category=0 groups=5)
[2026-05-14T03:29:56.915375Z] [notify] [tavern] sent 1/1 (main=1 | quest=0 | category=0 groups=5)
[2026-05-14T03:30:21.121396Z] [notify] [tavern] sent 1/1 (main=1 | quest=0 | category=0 groups=5)
[2026-05-14T03:32:11.869722Z] [notify] [tavern] sent 1/1 (main=1 | quest=0 | category=0 groups=5)
[2026-05-14T03:32:24.336151Z] [notify] [tavern] sent 1/1 (main=1 | quest=0 | category=0 groups=5)
[2026-05-14T03:33:53.694763Z] [notify] [tavern] sent 1/1 (main=1 | quest=0 | category=0 groups=5)
[2026-05-14T03:34:49.629317Z] [notify] [tavern] sent 1/1 (main=1 | quest=0 | category=0 groups=5)
[2026-05-14T03:35:35.689825Z] [notify] [tavern] sent 1/1 (main=1 | quest=0 | category=0 groups=5)
[2026-05-14T03:35:37.891270Z] [notify] [tavern] sent 1/1 (main=1 | quest=0 | category=0 groups=5)
[2026-05-14T03:35:56.394238Z] [notify] [tavern] sent 1/1 (main=1 | quest=0 | category=0 groups=5)
[2026-05-14T03:38:11.478535Z] [notify] [tavern] sent 1/1 (main=1 | quest=0 | category=0 groups=5)
[2026-05-14T03:38:19.256237Z] [notify] [tavern] sent 1/1 (main=1 | quest=0 | category=0 groups=5)
[2026-05-14T03:39:22.150635Z] [notify] [tavern] sent 1/1 (main=1 | quest=0 | category=0 groups=5)
[2026-05-14T03:39:39.031195Z] [notify] [tavern] sent 1/1 (main=1 | quest=0 | category=0 groups=5)
[2026-05-14T03:40:26.530124Z] [notify] [tavern] sent 1/1 (main=1 | quest=0 | category=0 groups=5)
[2026-05-14T03:40:36.983223Z] [notify] [tavern] sent 1/1 (main=1 | quest=0 | category=0 groups=5)
[2026-05-14T03:40:40.467619Z] [notify] [tavern] sent 2/2 (main=2 | quest=0 | category=0 groups=5)
[2026-05-14T03:42:46.148324Z] [notify] [tavern] sent 1/1 (main=1 | quest=0 | category=0 groups=5)
[2026-05-14T03:42:49.188339Z] [notify] [tavern] sent 1/1 (main=1 | quest=0 | category=0 groups=5)
[2026-05-14T03:44:25.348624Z] [notify] [tavern] sent 1/1 (main=1 | quest=0 | category=0 groups=5)
[2026-05-14T03:50:13.877709Z] [notify] [tavern] sent 1/1 (main=1 | quest=0 | category=0 groups=5)
[2026-05-14T03:55:20.794829Z] [notify] [tavern] sent 1/1 (main=1 | quest=0 | category=0 groups=5)
[2026-05-14T03:55:31.029614Z] [notify] [tavern] sent 1/1 (main=1 | quest=0 | category=0 groups=5)
[2026-05-14T03:56:23.052560Z] [notify] [tavern] sent 1/1 (main=1 | quest=0 | category=0 groups=5)
[2026-05-14T03:56:59.080019Z] [notify] [tavern] sent 1/1 (main=1 | quest=0 | category=0 groups=5)
[2026-05-14T03:59:04.301936Z] [notify] [tavern] sent 1/1 (main=1 | quest=0 | category=0 groups=5)
[2026-05-14T03:59:17.814056Z] [notify] [tavern] sent 1/1 (main=1 | quest=0 | category=0 groups=5)
[2026-05-14T03:59:53.182283Z] [notify] [tavern] sent 1/1 (main=1 | quest=0 | category=0 groups=5)
[2026-05-14T04:00:01.469873Z] [notify] [tavern] sent 1/1 (main=1 | quest=0 | category=0 groups=5)
[2026-05-14T04:00:12.257738Z] [notify] [tavern] sent 1/1 (main=1 | quest=0 | category=0 groups=5)
[2026-05-14T04:01:11.004227Z] [notify] [tavern] sent 1/1 (main=1 | quest=0 | category=0 groups=5)
[2026-05-14T04:01:33.776822Z] [notify] [tavern] sent 1/1 (main=1 | quest=0 | category=0 groups=5)
[2026-05-14T04:01:42.991949Z] [notify] [tavern] sent 1/1 (main=1 | quest=0 | category=0 groups=5)
[2026-05-14T04:02:38.400640Z] [notify] [tavern] sent 1/1 (main=1 | quest=0 | category=0 groups=5)
[2026-05-14T04:02:45.473329Z] [notify] [tavern] sent 1/1 (main=1 | quest=0 | category=0 groups=5)
[2026-05-14T04:03:28.647927Z] [notify] [tavern] sent 1/1 (main=1 | quest=0 | category=0 groups=5)
[2026-05-14T04:04:15.805697Z] [notify] [tavern] sent 1/1 (main=1 | quest=0 | category=0 groups=5)
[2026-05-14T04:04:19.798595Z] [notify] [tavern] sent 1/1 (main=1 | quest=0 | category=0 groups=5)
[2026-05-14T04:04:42.312804Z] [notify] [tavern] sent 1/1 (main=1 | quest=0 | category=0 groups=5)
[2026-05-14T04:05:45.144510Z] [notify] [tavern] sent 1/1 (main=1 | quest=0 | category=0 groups=5)
[2026-05-14T04:06:24.931683Z] [notify] [tavern] sent 1/1 (main=1 | quest=0 | category=0 groups=5)
[2026-05-14T04:07:43.425689Z] [notify] [tavern] sent 1/1 (main=1 | quest=0 | category=0 groups=5)
[2026-05-14T04:09:37.475208Z] [notify] [tavern] sent 1/1 (main=1 | quest=0 | category=0 groups=5)
[2026-05-14T04:10:28.936235Z] [notify] [tavern] sent 1/1 (main=1 | quest=0 | category=0 groups=5)
[2026-05-14T04:10:56.723708Z] [notify] [tavern] sent 1/1 (main=1 | quest=0 | category=0 groups=5)
[2026-05-14T04:11:18.491402Z] [notify] [tavern] sent 1/1 (main=1 | quest=0 | category=0 groups=5)
[2026-05-14T04:13:28.664513Z] [notify] [tavern] sent 1/1 (main=1 | quest=0 | category=0 groups=5)
[2026-05-14T04:21:45.945476Z] [notify] [tavern] sent 1/1 (main=1 | quest=0 | category=0 groups=5)
[2026-05-14T04:21:48.225008Z] [notify] [tavern] sent 1/1 (main=1 | quest=0 | category=0 groups=5)
[2026-05-14T04:22:18.312455Z] [notify] [tavern] sent 1/1 (main=1 | quest=0 | category=0 groups=5)
[2026-05-14T04:23:34.172594Z] [notify] [tavern] sent 1/1 (main=1 | quest=0 | category=0 groups=5)
[2026-05-14T04:24:04.582514Z] [notify] [tavern] sent 1/1 (main=1 | quest=0 | category=0 groups=5)
[2026-05-14T04:24:25.464527Z] [notify] [tavern] sent 1/1 (main=1 | quest=0 | category=0 groups=5)
[2026-05-14T04:24:33.755543Z] [notify] [tavern] sent 1/1 (main=1 | quest=0 | category=0 groups=5)
[2026-05-14T04:24:36.384466Z] [notify] [tavern] sent 1/1 (main=1 | quest=0 | category=0 groups=5)
[2026-05-14T04:25:37.452794Z] [notify] [tavern] sent 1/1 (main=1 | quest=0 | category=0 groups=5)
[2026-05-14T04:26:27.216205Z] [notify] [tavern] sent 1/1 (main=1 | quest=0 | category=0 groups=5)
[2026-05-14T04:26:39.741258Z] [notify] [tavern] sent 1/1 (main=1 | quest=0 | category=0 groups=5)
[2026-05-14T04:26:49.621147Z] [notify] [tavern] sent 1/1 (main=1 | quest=0 | category=0 groups=5)
[2026-05-14T04:27:42.019970Z] [notify] [tavern] sent 1/1 (main=1 | quest=0 | category=0 groups=5)
[2026-05-14T04:27:44.327228Z] [notify] [tavern] sent 1/1 (main=1 | quest=0 | category=0 groups=5)
[2026-05-14T04:27:52.160936Z] [notify] [tavern] sent 1/1 (main=1 | quest=0 | category=0 groups=5)
[2026-05-14T04:28:22.325110Z] [notify] [tavern] sent 1/1 (main=1 | quest=0 | category=0 groups=5)
[2026-05-14T04:29:51.332619Z] [notify] [tavern] sent 1/1 (main=1 | quest=0 | category=0 groups=5)
[2026-05-14T04:30:36.744388Z] [notify] [tavern] sent 1/1 (main=1 | quest=0 | category=0 groups=5)
[2026-05-14T04:30:39.001590Z] [notify] [tavern] sent 1/1 (main=1 | quest=0 | category=0 groups=5)
[2026-05-14T04:33:51.002409Z] [notify] [tavern] sent 1/1 (main=1 | quest=0 | category=0 groups=5)
[2026-05-14T04:33:53.957719Z] [notify] [tavern] sent 1/1 (main=1 | quest=0 | category=0 groups=5)
[2026-05-14T04:33:55.596144Z] [notify] [tavern] sent 1/1 (main=1 | quest=0 | category=0 groups=5)
[2026-05-14T04:33:56.903650Z] [notify] [tavern] sent 1/1 (main=1 | quest=0 | category=0 groups=5)
[2026-05-14T04:34:29.616815Z] [notify] [tavern] sent 1/1 (main=1 | quest=0 | category=0 groups=5)
[2026-05-14T04:34:44.737789Z] [notify] [tavern] sent 1/1 (main=1 | quest=0 | category=0 groups=5)
[2026-05-14T04:38:17.261576Z] [notify] [tavern] sent 1/1 (main=1 | quest=0 | category=0 groups=5)
[2026-05-14T04:38:31.590696Z] [notify] [tavern] sent 1/1 (main=1 | quest=0 | category=0 groups=5)
[2026-05-14T04:39:32.636822Z] [notify] [tavern] sent 1/1 (main=1 | quest=0 | category=0 groups=5)
[2026-05-14T04:40:32.449730Z] [notify] [tavern] sent 1/1 (main=1 | quest=0 | category=0 groups=5)
[2026-05-14T04:41:25.316782Z] [notify] [tavern] sent 1/1 (main=1 | quest=0 | category=0 groups=5)
[2026-05-14T04:41:32.447716Z] [notify] [tavern] sent 1/1 (main=1 | quest=0 | category=0 groups=5)
[2026-05-14T04:42:53.281359Z] [notify] [tavern] sent 1/1 (main=1 | quest=0 | category=0 groups=5)
[2026-05-14T04:43:54.354059Z] [notify] [tavern] sent 1/1 (main=1 | quest=0 | category=0 groups=5)
[2026-05-14T04:44:53.792649Z] [notify] [tavern] sent 1/1 (main=1 | quest=0 | category=0 groups=5)
[2026-05-14T04:45:53.206966Z] [notify] [tavern] sent 1/1 (main=1 | quest=0 | category=0 groups=5)
[2026-05-14T04:46:53.763871Z] [notify] [tavern] sent 1/1 (main=1 | quest=0 | category=0 groups=5)
[2026-05-14T04:48:52.445516Z] [notify] [tavern] sent 1/1 (main=1 | quest=0 | category=0 groups=5)
[2026-05-14T06:42:17.322505Z] [notify] [tavern] sent 1/1 (main=1 | quest=0 | category=0 groups=5)
[2026-05-14T06:42:51.388621Z] [notify] [tavern] sent 1/1 (main=1 | quest=0 | category=0 groups=5)
[2026-05-14T06:42:58.980463Z] [notify] [tavern] sent 1/1 (main=1 | quest=0 | category=0 groups=5)
[2026-05-14T06:43:31.612741Z] [notify] [tavern] sent 1/1 (main=1 | quest=0 | category=0 groups=5)
[2026-05-14T06:44:29.694023Z] [notify] [tavern] sent 1/1 (main=1 | quest=0 | category=0 groups=5)
[2026-05-14T06:46:12.336417Z] [notify] [tavern] sent 1/1 (main=1 | quest=0 | category=0 groups=5)
[2026-05-14T06:46:14.600048Z] [notify] [tavern] sent 1/1 (main=1 | quest=0 | category=0 groups=5)
[2026-05-14T06:46:38.587924Z] [notify] [tavern] sent 1/1 (main=1 | quest=0 | category=0 groups=5)
[2026-05-14T06:47:38.458220Z] [notify] [tavern] sent 1/1 (main=1 | quest=0 | category=0 groups=5)
[2026-05-14T06:48:38.734098Z] [notify] [tavern] sent 1/1 (main=1 | quest=0 | category=0 groups=5)
[2026-05-14T06:49:38.757020Z] [notify] [tavern] sent 1/1 (main=1 | quest=0 | category=0 groups=5)
[2026-05-14T06:49:57.821285Z] [notify] [tavern] sent 1/1 (main=1 | quest=0 | category=0 groups=5)
[2026-05-14T06:50:00.919001Z] [notify] [tavern] sent 1/1 (main=1 | quest=0 | category=0 groups=5)
[2026-05-14T06:50:11.715037Z] [notify] [tavern] sent 1/1 (main=1 | quest=0 | category=0 groups=5)
[2026-05-14T06:50:14.199785Z] [notify] [tavern] sent 1/1 (main=1 | quest=0 | category=0 groups=5)
[2026-05-14T06:50:15.657897Z] [notify] [tavern] sent 1/1 (main=1 | quest=0 | category=0 groups=5)
[2026-05-14T06:50:38.877156Z] [notify] [tavern] sent 1/1 (main=1 | quest=0 | category=0 groups=5)
[2026-05-14T06:52:18.720966Z] [notify] [tavern] sent 1/1 (main=1 | quest=0 | category=0 groups=5)
[2026-05-14T06:52:21.721079Z] [notify] [tavern] sent 1/1 (main=1 | quest=0 | category=0 groups=5)
[2026-05-14T06:52:24.540319Z] [notify] [tavern] sent 1/1 (main=1 | quest=0 | category=0 groups=5)
[2026-05-14T06:52:27.770773Z] [notify] [tavern] sent 2/2 (main=2 | quest=0 | category=0 groups=5)
[2026-05-14T06:53:07.001577Z] [notify] [tavern] sent 1/1 (main=1 | quest=0 | category=0 groups=5)
[2026-05-14T06:54:14.924101Z] [notify] [tavern] sent 1/1 (main=1 | quest=0 | category=0 groups=5)
[2026-05-14T06:54:17.435665Z] [notify] [tavern] sent 1/1 (main=1 | quest=0 | category=0 groups=5)
[2026-05-14T06:54:34.365992Z] [notify] [tavern] sent 1/1 (main=1 | quest=0 | category=0 groups=5)
[2026-05-14T07:08:21.621465Z] [notify] [tavern] sent 1/1 (main=1 | quest=0 | category=0 groups=5)
[2026-05-14T07:09:34.280133Z] [notify] [tavern] sent 1/1 (main=1 | quest=0 | category=0 groups=5)
[2026-05-14T07:09:48.578134Z] [notify] [tavern] sent 1/1 (main=1 | quest=0 | category=0 groups=5)
[2026-05-14T07:09:55.840274Z] [notify] [tavern] sent 1/1 (main=1 | quest=0 | category=0 groups=5)
[2026-05-14T07:09:58.681864Z] [notify] [tavern] sent 1/1 (main=1 | quest=0 | category=0 groups=5)
[2026-05-14T07:10:06.328471Z] [notify] [tavern] sent 1/1 (main=1 | quest=0 | category=0 groups=5)
[2026-05-14T07:10:09.622836Z] [notify] [tavern] sent 2/2 (main=2 | quest=0 | category=0 groups=5)
[2026-05-14T07:10:35.082644Z] [notify] [tavern] sent 1/1 (main=1 | quest=0 | category=0 groups=5)
[2026-05-14T07:10:48.438522Z] [notify] [tavern] sent 1/1 (main=1 | quest=0 | category=0 groups=5)
[2026-05-14T07:11:37.520941Z] [notify] [tavern] sent 1/1 (main=1 | quest=0 | category=0 groups=5)
[2026-05-14T07:11:42.619137Z] [notify] [tavern] sent 1/1 (main=1 | quest=0 | category=0 groups=5)
[2026-05-14T07:11:46.614348Z] [notify] [tavern] sent 1/1 (main=1 | quest=0 | category=0 groups=5)
[2026-05-14T07:11:50.173911Z] [notify] [tavern] sent 1/1 (main=1 | quest=0 | category=0 groups=5)
[2026-05-14T07:12:48.462700Z] [notify] [tavern] sent 1/1 (main=1 | quest=0 | category=0 groups=5)
[2026-05-14T07:13:49.122395Z] [notify] [tavern] sent 1/1 (main=1 | quest=0 | category=0 groups=5)
[2026-05-14T07:13:52.299395Z] [notify] [tavern] sent 1/1 (main=1 | quest=0 | category=0 groups=5)
[2026-05-14T07:14:49.371963Z] [notify] [tavern] sent 1/1 (main=1 | quest=0 | category=0 groups=5)
[2026-05-14T07:15:14.831772Z] [notify] [tavern] sent 1/1 (main=1 | quest=0 | category=0 groups=5)
[2026-05-14T07:15:48.621780Z] [notify] [tavern] sent 1/1 (main=1 | quest=0 | category=0 groups=5)
[2026-05-14T07:16:41.184542Z] [notify] [tavern] sent 1/1 (main=1 | quest=0 | category=0 groups=5)
[2026-05-14T07:16:49.107305Z] [notify] [tavern] sent 1/1 (main=1 | quest=0 | category=0 groups=5)
[2026-05-14T07:16:59.553704Z] [notify] [tavern] sent 1/1 (main=1 | quest=0 | category=0 groups=5)
[2026-05-14T07:17:41.119294Z] [notify] [tavern] sent 1/1 (main=1 | quest=0 | category=0 groups=5)
[2026-05-14T07:17:51.338256Z] [notify] [tavern] sent 1/1 (main=1 | quest=0 | category=0 groups=5)
[2026-05-14T07:18:06.414662Z] [notify] [tavern] sent 1/1 (main=1 | quest=0 | category=0 groups=5)
[2026-05-14T07:18:12.338603Z] [notify] [tavern] sent 1/1 (main=1 | quest=0 | category=0 groups=5)
[2026-05-14T07:18:35.700695Z] [notify] [tavern] sent 1/1 (main=1 | quest=0 | category=0 groups=5)
[2026-05-14T07:18:41.711827Z] [notify] [tavern] sent 1/1 (main=1 | quest=0 | category=0 groups=5)
[2026-05-14T07:18:49.000782Z] [notify] [tavern] sent 1/1 (main=1 | quest=0 | category=0 groups=5)
[2026-05-14T07:19:37.089527Z] [notify] [tavern] sent 1/1 (main=1 | quest=0 | category=0 groups=5)
[2026-05-14T07:19:40.889476Z] [notify] [tavern] sent 1/1 (main=1 | quest=0 | category=0 groups=5)
[2026-05-14T07:20:35.989459Z] [notify] [tavern] sent 1/1 (main=1 | quest=0 | category=0 groups=5)
[2026-05-14T07:20:41.108947Z] [notify] [tavern] sent 1/1 (main=1 | quest=0 | category=0 groups=5)
[2026-05-14T07:21:37.660161Z] [notify] [tavern] sent 1/1 (main=1 | quest=0 | category=0 groups=5)
[2026-05-14T07:21:43.187056Z] [notify] [tavern] sent 1/1 (main=1 | quest=0 | category=0 groups=5)
[2026-05-14T07:22:12.602124Z] [notify] [tavern] sent 1/1 (main=1 | quest=0 | category=0 groups=5)
[2026-05-14T07:22:36.609303Z] [notify] [tavern] sent 1/1 (main=1 | quest=0 | category=0 groups=5)
[2026-05-14T07:22:41.975791Z] [notify] [tavern] sent 1/1 (main=1 | quest=0 | category=0 groups=5)
[2026-05-14T07:23:36.415602Z] [notify] [tavern] sent 1/1 (main=1 | quest=0 | category=0 groups=5)
[2026-05-14T07:23:41.104939Z] [notify] [tavern] sent 1/1 (main=1 | quest=0 | category=0 groups=5)
[2026-05-14T07:24:34.103357Z] [notify] [tavern] sent 1/1 (main=1 | quest=0 | category=0 groups=5)
[2026-05-14T07:24:36.544707Z] [notify] [tavern] sent 1/1 (main=1 | quest=0 | category=0 groups=5)
[2026-05-14T07:24:46.659047Z] [notify] [tavern] sent 1/1 (main=1 | quest=0 | category=0 groups=5)
[2026-05-14T07:24:46.907578Z] [notify] [tavern] sent 1/1 (main=1 | quest=0 | category=0 groups=5)
[2026-05-14T07:25:34.640931Z] [notify] [tavern] sent 1/1 (main=1 | quest=0 | category=0 groups=5)
[2026-05-14T07:25:37.994697Z] [notify] [tavern] sent 1/1 (main=1 | quest=0 | category=0 groups=5)
[2026-05-14T07:35:07.991595Z] [notify] [tavern] sent 1/1 (main=1 | quest=0 | category=0 groups=5)
[2026-05-14T07:35:47.544999Z] [notify] [tavern] sent 1/1 (main=1 | quest=0 | category=0 groups=5)
[2026-05-14T07:35:49.429456Z] [notify] [tavern] sent 1/1 (main=1 | quest=0 | category=0 groups=5)
[2026-05-14T07:37:04.661957Z] [notify] [tavern] sent 1/1 (main=1 | quest=0 | category=0 groups=5)
[2026-05-14T07:37:16.845647Z] [notify] [tavern] sent 1/1 (main=1 | quest=0 | category=0 groups=5)
[2026-05-14T07:37:18.122572Z] [notify] [tavern] sent 1/1 (main=1 | quest=0 | category=0 groups=5)
[2026-05-14T07:41:21.713037Z] [notify] [tavern] sent 1/1 (main=1 | quest=0 | category=0 groups=5)
[2026-05-14T07:41:51.355239Z] [notify] [tavern] sent 1/1 (main=1 | quest=0 | category=0 groups=5)
[2026-05-14T07:41:54.543407Z] [notify] [tavern] sent 1/1 (main=1 | quest=0 | category=0 groups=5)
[2026-05-14T07:41:58.033083Z] [notify] [tavern] sent 1/1 (main=1 | quest=0 | category=0 groups=5)
[2026-05-14T07:42:01.261012Z] [notify] [tavern] sent 1/1 (main=1 | quest=0 | category=0 groups=5)
[2026-05-14T07:42:04.505219Z] [notify] [tavern] sent 1/1 (main=1 | quest=0 | category=0 groups=5)
[2026-05-14T07:42:09.257262Z] [notify] [tavern] sent 1/1 (main=1 | quest=0 | category=0 groups=5)
[2026-05-14T07:42:21.589915Z] [notify] [tavern] sent 1/1 (main=1 | quest=0 | category=0 groups=5)
[2026-05-14T07:42:24.368779Z] [notify] [tavern] sent 1/1 (main=1 | quest=0 | category=0 groups=5)
[2026-05-14T07:43:01.213723Z] [notify] [tavern] sent 1/1 (main=1 | quest=0 | category=0 groups=5)
[2026-05-14T07:43:04.145025Z] [notify] [tavern] sent 1/1 (main=1 | quest=0 | category=0 groups=5)
[2026-05-14T07:43:25.480092Z] [notify] [tavern] sent 1/1 (main=1 | quest=0 | category=0 groups=5)
[2026-05-14T07:43:32.724854Z] [notify] [tavern] sent 1/1 (main=1 | quest=0 | category=0 groups=5)
[2026-05-14T07:44:03.121097Z] [notify] [tavern] sent 1/1 (main=1 | quest=0 | category=0 groups=5)
[2026-05-14T07:44:06.242609Z] [notify] [tavern] sent 1/1 (main=1 | quest=0 | category=0 groups=5)
[2026-05-14T07:44:33.466249Z] [notify] [tavern] sent 1/1 (main=1 | quest=0 | category=0 groups=5)
[2026-05-14T07:44:46.360993Z] [notify] [tavern] sent 1/1 (main=1 | quest=0 | category=0 groups=5)
[2026-05-14T07:45:01.609219Z] [notify] [tavern] sent 1/1 (main=1 | quest=0 | category=0 groups=5)
[2026-05-14T07:45:06.362140Z] [notify] [tavern] sent 1/1 (main=1 | quest=0 | category=0 groups=5)
[2026-05-14T07:45:33.953180Z] [notify] [tavern] sent 1/1 (main=1 | quest=0 | category=0 groups=5)
[2026-05-14T07:46:02.880652Z] [notify] [tavern] sent 1/1 (main=1 | quest=0 | category=0 groups=5)
[2026-05-14T07:46:06.238084Z] [notify] [tavern] sent 1/1 (main=1 | quest=0 | category=0 groups=5)
[2026-05-14T07:46:08.305775Z] [notify] [tavern] sent 1/1 (main=1 | quest=0 | category=0 groups=5)
[2026-05-14T07:46:33.418771Z] [notify] [tavern] sent 1/1 (main=1 | quest=0 | category=0 groups=5)
[2026-05-14T07:47:01.785052Z] [notify] [tavern] sent 1/1 (main=1 | quest=0 | category=0 groups=5)
[2026-05-14T07:47:05.166742Z] [notify] [tavern] sent 1/1 (main=1 | quest=0 | category=0 groups=5)
[2026-05-14T07:47:32.730120Z] [notify] [tavern] sent 1/1 (main=1 | quest=0 | category=0 groups=5)
[2026-05-14T07:48:01.656943Z] [notify] [tavern] sent 1/1 (main=1 | quest=0 | category=0 groups=5)
[2026-05-14T07:48:04.022850Z] [notify] [tavern] sent 1/1 (main=1 | quest=0 | category=0 groups=5)
[2026-05-14T07:48:34.028396Z] [notify] [tavern] sent 1/1 (main=1 | quest=0 | category=0 groups=5)
[2026-05-14T07:49:01.261301Z] [notify] [tavern] sent 1/1 (main=1 | quest=0 | category=0 groups=5)
[2026-05-14T07:49:03.324125Z] [notify] [tavern] sent 1/1 (main=1 | quest=0 | category=0 groups=5)
[2026-05-14T07:49:33.815348Z] [notify] [tavern] sent 1/1 (main=1 | quest=0 | category=0 groups=5)
[2026-05-14T07:49:48.988154Z] [notify] [tavern] sent 1/1 (main=1 | quest=0 | category=0 groups=5)
[2026-05-14T07:50:33.522351Z] [notify] [tavern] sent 1/1 (main=1 | quest=0 | category=0 groups=5)
[2026-05-14T07:51:33.234306Z] [notify] [tavern] sent 1/1 (main=1 | quest=0 | category=0 groups=5)
[2026-05-14T07:52:33.263515Z] [notify] [tavern] sent 1/1 (main=1 | quest=0 | category=0 groups=5)
[2026-05-14T07:53:37.303085Z] [notify] [tavern] sent 1/1 (main=1 | quest=0 | category=0 groups=5)
[2026-05-14T07:54:08.595721Z] [notify] [tavern] sent 1/1 (main=1 | quest=0 | category=0 groups=5)
[2026-05-14T07:54:30.563962Z] [notify] [tavern] sent 1/1 (main=1 | quest=0 | category=0 groups=5)
[2026-05-14T07:54:34.030221Z] [notify] [tavern] sent 1/1 (main=1 | quest=0 | category=0 groups=5)
[2026-05-14T07:54:45.097330Z] [notify] [tavern] sent 1/1 (main=1 | quest=0 | category=0 groups=5)
[2026-05-14T07:54:50.773639Z] [notify] [tavern] sent 1/1 (main=1 | quest=0 | category=0 groups=5)
[2026-05-14T07:55:33.759550Z] [notify] [tavern] sent 1/1 (main=1 | quest=0 | category=0 groups=5)
[2026-05-14T07:56:03.023333Z] [notify] [tavern] sent 1/1 (main=1 | quest=0 | category=0 groups=5)
[2026-05-14T07:56:18.549884Z] [notify] [tavern] sent 1/1 (main=1 | quest=0 | category=0 groups=5)
[2026-05-14T07:56:21.573349Z] [notify] [tavern] sent 1/1 (main=1 | quest=0 | category=0 groups=5)
[2026-05-14T07:56:39.918766Z] [notify] [tavern] sent 1/1 (main=1 | quest=0 | category=0 groups=5)
[2026-05-14T07:59:20.758332Z] [notify] [tavern] sent 1/1 (main=1 | quest=0 | category=0 groups=5)
[2026-05-14T07:59:53.178970Z] [notify] [tavern] sent 1/1 (main=1 | quest=0 | category=0 groups=5)
[2026-05-14T08:00:41.139922Z] [notify] [tavern] sent 1/1 (main=1 | quest=0 | category=0 groups=5)
[2026-05-14T08:01:01.303688Z] [notify] [tavern] sent 1/1 (main=1 | quest=0 | category=0 groups=5)
[2026-05-14T08:01:16.748068Z] [notify] [tavern] sent 1/1 (main=1 | quest=0 | category=0 groups=5)
[2026-05-14T08:01:26.255334Z] [notify] [tavern] sent 1/1 (main=1 | quest=0 | category=0 groups=5)
[2026-05-14T08:01:35.035822Z] [notify] [tavern] sent 1/1 (main=1 | quest=0 | category=0 groups=5)
[2026-05-14T08:01:52.154624Z] [notify] [tavern] sent 1/1 (main=1 | quest=0 | category=0 groups=5)
[2026-05-14T08:02:29.055890Z] [notify] [tavern] sent 1/1 (main=1 | quest=0 | category=0 groups=5)
[2026-05-14T08:05:01.220140Z] [notify] [tavern] sent 1/1 (main=1 | quest=0 | category=0 groups=5)
[2026-05-14T08:15:34.931829Z] [notify] [tavern] sent 1/1 (main=1 | quest=0 | category=0 groups=5)
[2026-05-14T08:15:38.361145Z] [notify] [tavern] sent 1/1 (main=1 | quest=0 | category=0 groups=5)
[2026-05-14T08:15:49.837907Z] [notify] [tavern] sent 1/1 (main=1 | quest=0 | category=0 groups=5)
[2026-05-14T08:16:12.816401Z] [notify] [tavern] sent 1/1 (main=1 | quest=0 | category=0 groups=5)
[2026-05-14T08:16:26.885082Z] [notify] [tavern] sent 1/1 (main=1 | quest=0 | category=0 groups=5)
[2026-05-14T08:40:55.023444Z] [notify] [tavern] sent 1/1 (main=1 | quest=0 | category=0 groups=5)
[2026-05-14T08:43:22.394212Z] [notify] [tavern] sent 1/1 (main=1 | quest=0 | category=0 groups=5)
[2026-05-14T08:47:06.591943Z] [notify] [tavern] sent 1/1 (main=1 | quest=0 | category=0 groups=5)
[2026-05-14T08:47:11.260709Z] [notify] [tavern] sent 1/1 (main=1 | quest=0 | category=0 groups=5)
[2026-05-14T08:47:22.760562Z] [notify] [tavern] sent 1/1 (main=1 | quest=0 | category=0 groups=5)
[2026-05-14T08:47:25.104588Z] [notify] [tavern] sent 1/1 (main=1 | quest=0 | category=0 groups=5)
[2026-05-14T08:48:28.907047Z] [notify] [tavern] sent 1/1 (main=1 | quest=0 | category=0 groups=5)
[2026-05-14T08:49:42.527785Z] [notify] [tavern] sent 1/1 (main=1 | quest=0 | category=0 groups=5)
[2026-05-14T08:50:05.155565Z] [notify] [tavern] sent 1/1 (main=1 | quest=0 | category=0 groups=5)
[2026-05-14T08:50:38.538591Z] [notify] [tavern] sent 1/1 (main=1 | quest=0 | category=0 groups=5)
[2026-05-14T08:50:40.523353Z] [notify] [tavern] sent 1/1 (main=1 | quest=0 | category=0 groups=5)
[2026-05-14T08:50:45.989482Z] [notify] [tavern] sent 1/1 (main=1 | quest=0 | category=0 groups=5)
[2026-05-14T08:50:49.159998Z] [notify] [tavern] sent 1/1 (main=1 | quest=0 | category=0 groups=5)
[2026-05-14T08:50:52.937584Z] [notify] [tavern] sent 1/1 (main=1 | quest=0 | category=0 groups=5)
[2026-05-14T08:51:09.097123Z] [notify] [tavern] sent 1/1 (main=1 | quest=0 | category=0 groups=5)
[2026-05-14T08:51:11.843585Z] [notify] [tavern] sent 1/1 (main=1 | quest=0 | category=0 groups=5)
[2026-05-14T08:51:49.406067Z] [notify] [tavern] sent 1/1 (main=1 | quest=0 | category=0 groups=5)
[2026-05-14T08:52:51.379140Z] [notify] [tavern] sent 1/1 (main=1 | quest=0 | category=0 groups=5)
[2026-05-14T08:52:53.515702Z] [notify] [tavern] sent 1/1 (main=1 | quest=0 | category=0 groups=5)
[2026-05-14T08:52:57.792244Z] [notify] [tavern] sent 1/1 (main=1 | quest=0 | category=0 groups=5)
[2026-05-14T08:52:58.050171Z] [notify] [tavern] sent 1/1 (main=1 | quest=0 | category=0 groups=5)
[2026-05-14T08:53:34.364800Z] [notify] [tavern] sent 1/1 (main=1 | quest=0 | category=0 groups=5)
[2026-05-14T08:53:36.929234Z] [notify] [tavern] sent 1/1 (main=1 | quest=0 | category=0 groups=5)
[2026-05-14T08:54:11.254994Z] [notify] [tavern] sent 1/1 (main=1 | quest=0 | category=0 groups=5)
[2026-05-14T08:54:24.669255Z] [notify] [tavern] sent 1/1 (main=1 | quest=0 | category=0 groups=5)
[2026-05-14T08:54:48.650134Z] [notify] [tavern] sent 1/1 (main=1 | quest=0 | category=0 groups=5)
[2026-05-14T08:54:51.470899Z] [notify] [tavern] sent 1/1 (main=1 | quest=0 | category=0 groups=5)
[2026-05-14T08:54:59.315917Z] [notify] [tavern] sent 1/1 (main=1 | quest=0 | category=0 groups=5)
[2026-05-14T08:55:49.101341Z] [notify] [tavern] sent 1/1 (main=1 | quest=0 | category=0 groups=5)
[2026-05-14T08:55:56.503780Z] [notify] [tavern] sent 1/1 (main=1 | quest=0 | category=0 groups=5)
[2026-05-14T08:56:20.599317Z] [notify] [tavern] sent 1/1 (main=1 | quest=0 | category=0 groups=5)
[2026-05-14T08:56:34.997176Z] [notify] [tavern] sent 1/1 (main=1 | quest=0 | category=0 groups=5)
[2026-05-14T08:56:47.956699Z] [notify] [tavern] sent 1/1 (main=1 | quest=0 | category=0 groups=5)
[2026-05-14T08:56:52.333600Z] [notify] [tavern] sent 2/2 (main=2 | quest=0 | category=0 groups=5)
[2026-05-14T08:56:53.509547Z] [notify] [tavern] sent 2/2 (main=2 | quest=0 | category=0 groups=5)
[2026-05-14T09:00:14.359796Z] [notify] [tavern] sent 1/1 (main=1 | quest=0 | category=0 groups=5)
[2026-05-14T09:04:16.860869Z] [notify] [tavern] sent 1/1 (main=1 | quest=0 | category=0 groups=5)
[2026-05-14T09:05:39.277603Z] [notify] [tavern] sent 1/1 (main=1 | quest=0 | category=0 groups=5)
[2026-05-14T09:05:47.189240Z] [notify] [tavern] sent 1/1 (main=1 | quest=0 | category=0 groups=5)
[2026-05-14T09:06:41.703047Z] [notify] [tavern] sent 1/1 (main=1 | quest=0 | category=0 groups=5)
[2026-05-14T09:12:25.319349Z] [notify] [tavern] sent 1/1 (main=1 | quest=0 | category=0 groups=5)
[2026-05-14T09:15:14.819648Z] [notify] [tavern] sent 1/1 (main=1 | quest=0 | category=0 groups=5)
[2026-05-14T09:15:48.208991Z] [notify] [tavern] sent 1/1 (main=1 | quest=0 | category=0 groups=5)
[2026-05-14T09:15:55.061126Z] [notify] [tavern] sent 1/1 (main=1 | quest=0 | category=0 groups=5)
[2026-05-14T09:16:19.602557Z] [notify] [tavern] sent 1/1 (main=1 | quest=0 | category=0 groups=5)
[2026-05-14T09:16:58.986420Z] [notify] [tavern] sent 1/1 (main=1 | quest=0 | category=0 groups=5)
[2026-05-14T09:17:14.004217Z] [notify] [tavern] sent 1/1 (main=1 | quest=0 | category=0 groups=5)
[2026-05-14T09:17:16.529790Z] [notify] [tavern] sent 1/1 (main=1 | quest=0 | category=0 groups=5)
[2026-05-14T09:17:54.504590Z] [notify] [tavern] sent 1/1 (main=1 | quest=0 | category=0 groups=5)
[2026-05-14T09:18:03.392563Z] [notify] [tavern] sent 1/1 (main=1 | quest=0 | category=0 groups=5)
[2026-05-14T09:18:07.432039Z] [notify] [tavern] sent 1/1 (main=1 | quest=0 | category=0 groups=5)
[2026-05-14T09:18:41.511241Z] [notify] [tavern] sent 1/1 (main=1 | quest=0 | category=0 groups=5)
[2026-05-14T09:18:47.074435Z] [notify] [tavern] sent 1/1 (main=1 | quest=0 | category=0 groups=5)
[2026-05-14T09:18:54.929701Z] [notify] [tavern] sent 1/1 (main=1 | quest=0 | category=0 groups=5)
[2026-05-14T09:18:55.002864Z] [notify] [tavern] sent 1/1 (main=1 | quest=0 | category=0 groups=5)
[2026-05-14T09:18:57.461911Z] [notify] [tavern] sent 1/1 (main=1 | quest=0 | category=0 groups=5)
[2026-05-14T09:18:58.302291Z] [notify] [tavern] sent 1/1 (main=1 | quest=0 | category=0 groups=5)
[2026-05-14T09:19:37.959316Z] [notify] [tavern] sent 1/1 (main=1 | quest=0 | category=0 groups=5)
[2026-05-14T09:20:11.534598Z] [notify] [tavern] sent 1/1 (main=1 | quest=0 | category=0 groups=5)
[2026-05-14T09:21:41.686276Z] [notify] [tavern] sent 1/1 (main=1 | quest=0 | category=0 groups=5)
[2026-05-14T09:22:27.244539Z] [notify] [tavern] sent 1/1 (main=1 | quest=0 | category=0 groups=5)
[2026-05-14T09:26:33.341025Z] [notify] [tavern] sent 1/1 (main=1 | quest=0 | category=0 groups=5)
[2026-05-14T09:34:06.862928Z] [notify] [tavern] sent 1/1 (main=1 | quest=0 | category=0 groups=5)
[2026-05-14T10:00:19.066353Z] [notify] [tavern] sent 1/1 (main=1 | quest=0 | category=0 groups=5)
[2026-05-14T10:02:06.499832Z] [notify] [tavern] sent 1/1 (main=1 | quest=0 | category=0 groups=5)
[2026-05-14T10:05:12.305593Z] [notify] [tavern] sent 1/1 (main=1 | quest=0 | category=0 groups=5)
[2026-05-14T10:07:09.242097Z] [notify] [tavern] sent 1/1 (main=1 | quest=0 | category=0 groups=5)
[2026-05-14T10:15:07.647476Z] [notify] [tavern] sent 1/1 (main=1 | quest=0 | category=0 groups=5)
[2026-05-14T10:17:41.944046Z] [notify] [tavern] sent 1/1 (main=1 | quest=0 | category=0 groups=5)
[2026-05-14T10:17:54.055387Z] [notify] [tavern] sent 1/1 (main=1 | quest=0 | category=0 groups=5)
[2026-05-14T10:18:59.279524Z] [notify] [tavern] sent 1/1 (main=1 | quest=0 | category=0 groups=5)
[2026-05-14T10:19:18.311544Z] [notify] [tavern] sent 1/1 (main=1 | quest=0 | category=0 groups=5)
[2026-05-14T10:20:18.138167Z] [notify] [tavern] sent 1/1 (main=1 | quest=0 | category=0 groups=5)
[2026-05-14T10:23:25.783688Z] [notify] [tavern] sent 1/1 (main=1 | quest=0 | category=0 groups=5)
[2026-05-14T10:24:40.756288Z] [notify] [tavern] sent 1/1 (main=1 | quest=0 | category=0 groups=5)
[2026-05-14T10:24:45.038720Z] [notify] [tavern] sent 1/1 (main=1 | quest=0 | category=0 groups=5)
[2026-05-14T10:27:06.702879Z] [notify] [tavern] sent 1/1 (main=1 | quest=0 | category=0 groups=5)
[2026-05-14T10:27:31.878506Z] [notify] [tavern] sent 1/1 (main=1 | quest=0 | category=0 groups=5)
[2026-05-14T10:28:45.368881Z] [notify] [tavern] sent 1/1 (main=1 | quest=0 | category=0 groups=5)
[2026-05-14T10:30:48.937690Z] [notify] [tavern] sent 1/1 (main=1 | quest=0 | category=0 groups=5)
[2026-05-14T10:32:06.248351Z] [notify] [tavern] sent 1/1 (main=1 | quest=0 | category=0 groups=5)
[2026-05-14T10:33:05.755058Z] [notify] [tavern] sent 1/1 (main=1 | quest=0 | category=0 groups=5)
[2026-05-14T10:34:07.056013Z] [notify] [tavern] sent 1/1 (main=1 | quest=0 | category=0 groups=5)
[2026-05-14T10:34:29.313233Z] [notify] [tavern] sent 1/1 (main=1 | quest=0 | category=0 groups=5)
[2026-05-14T10:34:53.549284Z] [notify] [tavern] sent 1/1 (main=1 | quest=0 | category=0 groups=5)
[2026-05-14T10:35:11.198392Z] [notify] [tavern] sent 1/1 (main=1 | quest=0 | category=0 groups=5)
[2026-05-14T10:35:12.073324Z] [notify] [tavern] sent 1/1 (main=1 | quest=0 | category=0 groups=5)
[2026-05-14T10:36:10.327970Z] [notify] [tavern] sent 1/1 (main=1 | quest=0 | category=0 groups=5)
[2026-05-14T10:36:26.181891Z] [notify] [tavern] sent 1/1 (main=1 | quest=0 | category=0 groups=5)
[2026-05-14T10:45:05.709370Z] [notify] [tavern] sent 1/1 (main=1 | quest=0 | category=0 groups=5)
[2026-05-14T10:46:36.798006Z] [notify] [tavern] sent 1/1 (main=1 | quest=0 | category=0 groups=5)
[2026-05-14T10:49:43.986104Z] [notify] [tavern] sent 1/1 (main=1 | quest=0 | category=0 groups=5)
[2026-05-14T10:49:48.601490Z] [notify] [tavern] sent 1/1 (main=1 | quest=0 | category=0 groups=5)
[2026-05-14T10:50:51.115777Z] [notify] [tavern] sent 1/1 (main=1 | quest=0 | category=0 groups=5)
[2026-05-14T10:52:59.642622Z] [notify] [tavern] sent 1/1 (main=1 | quest=0 | category=0 groups=5)
[2026-05-14T10:53:03.347761Z] [notify] [tavern] sent 1/1 (main=1 | quest=0 | category=0 groups=5)
[2026-05-14T10:53:59.214627Z] [notify] [tavern] sent 1/1 (main=1 | quest=0 | category=0 groups=5)
[2026-05-14T10:54:33.109113Z] [notify] [tavern] sent 1/1 (main=1 | quest=0 | category=0 groups=5)
[2026-05-14T10:54:53.830258Z] [notify] [tavern] sent 1/1 (main=1 | quest=0 | category=0 groups=5)
[2026-05-14T10:54:56.193793Z] [notify] [tavern] sent 1/1 (main=1 | quest=0 | category=0 groups=5)
[2026-05-14T10:54:59.098428Z] [notify] [tavern] sent 1/1 (main=1 | quest=0 | category=0 groups=5)
[2026-05-14T10:55:03.971326Z] [notify] [tavern] sent 1/1 (main=1 | quest=0 | category=0 groups=5)
[2026-05-14T10:55:05.888501Z] [notify] [tavern] sent 1/1 (main=1 | quest=0 | category=0 groups=5)
[2026-05-14T10:55:21.397397Z] [notify] [tavern] sent 1/1 (main=1 | quest=0 | category=0 groups=5)
[2026-05-14T10:55:31.227182Z] [notify] [tavern] sent 1/1 (main=1 | quest=0 | category=0 groups=5)
[2026-05-14T10:55:33.797397Z] [notify] [tavern] sent 1/1 (main=1 | quest=0 | category=0 groups=5)
[2026-05-14T10:56:32.520319Z] [notify] [tavern] sent 1/1 (main=1 | quest=0 | category=0 groups=5)
[2026-05-14T10:56:49.272573Z] [notify] [tavern] sent 1/1 (main=1 | quest=0 | category=0 groups=5)
[2026-05-14T10:58:27.070711Z] [notify] [tavern] sent 1/1 (main=1 | quest=0 | category=0 groups=5)
[2026-05-14T10:58:48.877818Z] [notify] [tavern] sent 1/1 (main=1 | quest=0 | category=0 groups=5)
[2026-05-14T10:59:26.562441Z] [notify] [tavern] sent 1/1 (main=1 | quest=0 | category=0 groups=5)
[2026-05-14T10:59:33.254604Z] [notify] [tavern] sent 1/1 (main=1 | quest=0 | category=0 groups=5)
[2026-05-14T11:03:03.139134Z] [notify] [tavern] sent 1/1 (main=1 | quest=0 | category=0 groups=5)
[2026-05-14T11:10:40.650535Z] [notify] [tavern] sent 1/1 (main=1 | quest=0 | category=0 groups=5)
[2026-05-14T11:14:31.931132Z] [notify] [tavern] sent 1/1 (main=1 | quest=0 | category=0 groups=5)
[2026-05-14T11:18:50.767084Z] [notify] [tavern] sent 1/1 (main=1 | quest=0 | category=0 groups=5)
[2026-05-14T11:19:22.754228Z] [notify] [tavern] sent 1/1 (main=1 | quest=0 | category=0 groups=5)
[2026-05-14T11:19:35.305451Z] [notify] [tavern] sent 1/1 (main=1 | quest=0 | category=0 groups=5)
[2026-05-14T11:19:37.986148Z] [notify] [tavern] sent 1/1 (main=1 | quest=0 | category=0 groups=5)
[2026-05-14T11:19:43.647231Z] [notify] [tavern] sent 1/1 (main=1 | quest=0 | category=0 groups=5)
[2026-05-14T11:19:47.507901Z] [notify] [tavern] sent 1/1 (main=1 | quest=0 | category=0 groups=5)
[2026-05-14T11:19:50.618963Z] [notify] [tavern] sent 1/1 (main=1 | quest=0 | category=0 groups=5)
[2026-05-14T11:19:58.456439Z] [notify] [tavern] sent 1/1 (main=1 | quest=0 | category=0 groups=5)
[2026-05-14T11:20:37.676225Z] [notify] [tavern] sent 1/1 (main=1 | quest=0 | category=0 groups=5)
[2026-05-14T11:20:43.409605Z] [notify] [tavern] sent 1/1 (main=1 | quest=0 | category=0 groups=5)
[2026-05-14T11:20:43.682181Z] [notify] [tavern] sent 1/1 (main=1 | quest=0 | category=0 groups=5)
[2026-05-14T11:21:40.033427Z] [notify] [tavern] sent 1/1 (main=1 | quest=0 | category=0 groups=5)
[2026-05-14T11:21:46.652411Z] [notify] [tavern] sent 1/1 (main=1 | quest=0 | category=0 groups=5)
[2026-05-14T11:22:03.485455Z] [notify] [tavern] sent 1/1 (main=1 | quest=0 | category=0 groups=5)
[2026-05-14T11:22:15.870982Z] [notify] [tavern] sent 1/1 (main=1 | quest=0 | category=0 groups=5)
[2026-05-14T11:22:19.205866Z] [notify] [tavern] sent 1/1 (main=1 | quest=0 | category=0 groups=5)
[2026-05-14T11:22:27.476152Z] [notify] [tavern] sent 1/1 (main=1 | quest=0 | category=0 groups=5)
[2026-05-14T11:22:43.444678Z] [notify] [tavern] sent 1/1 (main=1 | quest=0 | category=0 groups=5)
[2026-05-14T11:22:59.114305Z] [notify] [tavern] sent 1/1 (main=1 | quest=0 | category=0 groups=5)
[2026-05-14T11:23:10.434942Z] [notify] [tavern] sent 1/1 (main=1 | quest=0 | category=0 groups=5)
[2026-05-14T11:23:16.732587Z] [notify] [tavern] sent 1/1 (main=1 | quest=0 | category=0 groups=5)
[2026-05-14T11:23:21.468090Z] [notify] [tavern] sent 1/1 (main=1 | quest=0 | category=0 groups=5)
[2026-05-14T11:23:26.731118Z] [notify] [tavern] sent 1/1 (main=1 | quest=0 | category=0 groups=5)
[2026-05-14T11:25:58.900693Z] [notify] [tavern] sent 1/1 (main=1 | quest=0 | category=0 groups=5)
[2026-05-14T11:26:38.207066Z] [notify] [tavern] sent 1/1 (main=1 | quest=0 | category=0 groups=5)
[2026-05-14T11:26:53.898857Z] [notify] [tavern] sent 1/1 (main=1 | quest=0 | category=0 groups=5)
[2026-05-14T11:26:58.276955Z] [notify] [tavern] sent 1/1 (main=1 | quest=0 | category=0 groups=5)
[2026-05-14T11:27:01.390163Z] [notify] [tavern] sent 1/1 (main=1 | quest=0 | category=0 groups=5)
[2026-05-14T11:27:46.706332Z] [notify] [tavern] sent 1/1 (main=1 | quest=0 | category=0 groups=5)
[2026-05-14T11:27:49.971339Z] [notify] [tavern] sent 1/1 (main=1 | quest=0 | category=0 groups=5)
[2026-05-14T11:27:58.227203Z] [notify] [tavern] sent 1/1 (main=1 | quest=0 | category=0 groups=5)
[2026-05-14T11:28:01.076791Z] [notify] [tavern] sent 1/1 (main=1 | quest=0 | category=0 groups=5)
[2026-05-14T11:28:25.864086Z] [notify] [tavern] sent 1/1 (main=1 | quest=0 | category=0 groups=5)
[2026-05-14T11:29:08.857691Z] [notify] [tavern] sent 1/1 (main=1 | quest=0 | category=0 groups=5)
[2026-05-14T11:30:14.854671Z] [notify] [tavern] sent 1/1 (main=1 | quest=0 | category=0 groups=5)
[2026-05-14T11:30:35.858219Z] [notify] [tavern] sent 1/1 (main=1 | quest=0 | category=0 groups=5)
[2026-05-14T11:31:14.222855Z] [notify] [tavern] sent 1/1 (main=1 | quest=0 | category=0 groups=5)
[2026-05-14T11:31:16.053435Z] [notify] [tavern] sent 1/1 (main=1 | quest=0 | category=0 groups=5)
[2026-05-14T11:31:21.805669Z] [notify] [tavern] sent 1/1 (main=1 | quest=0 | category=0 groups=5)
[2026-05-14T11:58:40.688308Z] [notify] [tavern] sent 1/1 (main=1 | quest=0 | category=0 groups=5)
[2026-05-14T11:58:44.298000Z] [notify] [tavern] sent 1/1 (main=1 | quest=0 | category=0 groups=5)
[2026-05-14T11:58:47.359469Z] [notify] [tavern] sent 1/1 (main=1 | quest=0 | category=0 groups=5)
[2026-05-14T11:59:18.036152Z] [notify] [tavern] sent 1/1 (main=1 | quest=0 | category=0 groups=5)
[2026-05-14T12:00:43.464648Z] [notify] [tavern] sent 1/1 (main=1 | quest=0 | category=0 groups=5)
[2026-05-14T12:00:56.941102Z] [notify] [tavern] sent 1/1 (main=1 | quest=0 | category=0 groups=5)
[2026-05-14T12:01:09.461915Z] [notify] [tavern] sent 1/1 (main=1 | quest=0 | category=0 groups=5)
[2026-05-14T12:01:15.916895Z] [notify] [tavern] sent 1/1 (main=1 | quest=0 | category=0 groups=5)
[2026-05-14T12:01:18.039631Z] [notify] [tavern] sent 1/1 (main=1 | quest=0 | category=0 groups=5)
[2026-05-14T12:01:22.318209Z] [notify] [tavern] sent 1/1 (main=1 | quest=0 | category=0 groups=5)
[2026-05-14T12:02:20.374433Z] [notify] [tavern] sent 1/1 (main=1 | quest=0 | category=0 groups=5)
[2026-05-14T12:02:24.432362Z] [notify] [tavern] sent 1/1 (main=1 | quest=0 | category=0 groups=5)
[2026-05-14T12:02:30.035032Z] [notify] [tavern] sent 1/1 (main=1 | quest=0 | category=0 groups=5)
[2026-05-14T12:02:33.234393Z] [notify] [tavern] sent 1/1 (main=1 | quest=0 | category=0 groups=5)
[2026-05-14T12:02:36.541200Z] [notify] [tavern] sent 1/1 (main=1 | quest=0 | category=0 groups=5)
[2026-05-14T12:02:42.269288Z] [notify] [tavern] sent 1/1 (main=1 | quest=0 | category=0 groups=5)
[2026-05-14T12:02:44.317270Z] [notify] [tavern] sent 2/2 (main=2 | quest=0 | category=0 groups=5)
[2026-05-14T12:02:45.169445Z] [notify] [tavern] sent 1/1 (main=1 | quest=0 | category=0 groups=5)
[2026-05-14T12:02:46.797250Z] [notify] [tavern] sent 1/1 (main=1 | quest=0 | category=0 groups=5)
[2026-05-14T12:03:37.312911Z] [notify] [tavern] sent 1/1 (main=1 | quest=0 | category=0 groups=5)
[2026-05-14T12:03:43.970679Z] [notify] [tavern] sent 1/1 (main=1 | quest=0 | category=0 groups=5)
[2026-05-14T12:04:00.688353Z] [notify] [tavern] sent 1/1 (main=1 | quest=0 | category=0 groups=5)
[2026-05-14T12:04:09.521134Z] [notify] [tavern] sent 1/1 (main=1 | quest=0 | category=0 groups=5)
[2026-05-14T12:04:36.653139Z] [notify] [tavern] sent 1/1 (main=1 | quest=0 | category=0 groups=5)
[2026-05-14T12:04:42.908638Z] [notify] [tavern] sent 2/2 (main=2 | quest=0 | category=0 groups=5)
[2026-05-14T12:04:44.755014Z] [notify] [tavern] sent 2/2 (main=2 | quest=0 | category=0 groups=5)
[2026-05-14T12:04:47.389896Z] [notify] [tavern] sent 2/2 (main=2 | quest=0 | category=0 groups=5)
[2026-05-14T12:05:47.105967Z] [notify] [tavern] sent 1/1 (main=1 | quest=0 | category=0 groups=5)
[2026-05-14T12:05:58.903064Z] [notify] [tavern] sent 1/1 (main=1 | quest=0 | category=0 groups=5)
[2026-05-14T12:06:08.141707Z] [notify] [tavern] sent 1/1 (main=1 | quest=0 | category=0 groups=5)
[2026-05-14T12:07:16.687740Z] [notify] [tavern] sent 1/1 (main=1 | quest=0 | category=0 groups=5)
[2026-05-14T12:07:33.221162Z] [notify] [tavern] sent 1/1 (main=1 | quest=0 | category=0 groups=5)
[2026-05-14T12:08:22.135571Z] [notify] [tavern] sent 1/1 (main=1 | quest=0 | category=0 groups=5)
[2026-05-14T12:09:10.152772Z] [notify] [tavern] sent 1/1 (main=1 | quest=0 | category=0 groups=5)
[2026-05-14T12:09:43.213302Z] [notify] [tavern] sent 1/1 (main=1 | quest=0 | category=0 groups=5)
[2026-05-14T12:10:46.097767Z] [notify] [tavern] sent 1/1 (main=1 | quest=0 | category=0 groups=5)
[2026-05-14T12:11:23.405916Z] [notify] [tavern] sent 1/1 (main=1 | quest=0 | category=0 groups=5)
[2026-05-14T12:12:09.557121Z] [notify] [tavern] sent 1/1 (main=1 | quest=0 | category=0 groups=5)
[2026-05-14T12:12:32.384152Z] [notify] [tavern] sent 1/1 (main=1 | quest=0 | category=0 groups=5)
[2026-05-14T12:16:13.383236Z] [notify] [tavern] sent 1/1 (main=1 | quest=0 | category=0 groups=5)
[2026-05-14T12:16:15.900033Z] [notify] [tavern] sent 1/1 (main=1 | quest=0 | category=0 groups=5)
[2026-05-14T12:16:19.787944Z] [notify] [tavern] sent 1/1 (main=1 | quest=0 | category=0 groups=5)
[2026-05-14T12:16:56.066584Z] [notify] [tavern] sent 1/1 (main=1 | quest=0 | category=0 groups=5)
[2026-05-14T12:31:07.449963Z] [notify] [tavern] sent 1/1 (main=1 | quest=0 | category=0 groups=5)
[2026-05-14T12:32:44.819167Z] [notify] [tavern] sent 1/1 (main=1 | quest=0 | category=0 groups=5)
[2026-05-14T12:32:51.061724Z] [notify] [tavern] sent 1/1 (main=1 | quest=0 | category=0 groups=5)
[2026-05-14T12:33:54.245191Z] [notify] [tavern] sent 1/1 (main=1 | quest=0 | category=0 groups=5)
[2026-05-14T12:37:27.294189Z] [notify] [tavern] sent 1/1 (main=1 | quest=0 | category=0 groups=5)
[2026-05-14T12:37:39.569397Z] [notify] [tavern] sent 1/1 (main=1 | quest=0 | category=0 groups=5)
[2026-05-14T12:39:37.761628Z] [notify] [tavern] sent 1/1 (main=1 | quest=0 | category=0 groups=5)
[2026-05-14T12:40:16.610348Z] [notify] [tavern] sent 1/1 (main=1 | quest=0 | category=0 groups=5)
[2026-05-14T12:40:24.561853Z] [notify] [tavern] sent 1/1 (main=1 | quest=0 | category=0 groups=5)
[2026-05-14T12:40:27.395720Z] [notify] [tavern] sent 1/1 (main=1 | quest=0 | category=0 groups=5)
[2026-05-14T12:40:28.407366Z] [notify] [tavern] sent 1/1 (main=1 | quest=0 | category=0 groups=5)
[2026-05-14T12:40:36.991204Z] [notify] [tavern] sent 1/1 (main=1 | quest=0 | category=0 groups=5)
[2026-05-14T12:40:42.124574Z] [notify] [tavern] sent 1/1 (main=1 | quest=0 | category=0 groups=5)
[2026-05-14T12:40:44.980717Z] [notify] [tavern] sent 1/1 (main=1 | quest=0 | category=0 groups=5)
[2026-05-14T12:40:45.885143Z] [notify] [tavern] sent 1/1 (main=1 | quest=0 | category=0 groups=5)
[2026-05-14T12:41:15.636000Z] [notify] [tavern] sent 1/1 (main=1 | quest=0 | category=0 groups=5)
[2026-05-14T12:41:26.695561Z] [notify] [tavern] sent 1/1 (main=1 | quest=0 | category=0 groups=5)
[2026-05-14T12:41:30.417241Z] [notify] [tavern] sent 1/1 (main=1 | quest=0 | category=0 groups=5)
[2026-05-14T12:41:34.541461Z] [notify] [tavern] sent 1/1 (main=1 | quest=0 | category=0 groups=5)
[2026-05-14T12:41:40.611750Z] [notify] [tavern] sent 1/1 (main=1 | quest=0 | category=0 groups=5)
[2026-05-14T12:41:59.112778Z] [notify] [tavern] sent 1/1 (main=1 | quest=0 | category=0 groups=5)
[2026-05-14T12:42:04.286453Z] [notify] [tavern] sent 1/1 (main=1 | quest=0 | category=0 groups=5)
[2026-05-14T12:42:30.472539Z] [notify] [tavern] sent 1/1 (main=1 | quest=0 | category=0 groups=5)
[2026-05-14T12:42:48.098480Z] [notify] [tavern] sent 1/1 (main=1 | quest=0 | category=0 groups=5)
[2026-05-14T12:42:59.608863Z] [notify] [tavern] sent 1/1 (main=1 | quest=0 | category=0 groups=5)
[2026-05-14T12:43:24.878117Z] [notify] [tavern] sent 1/1 (main=1 | quest=0 | category=0 groups=5)
[2026-05-14T12:43:29.800657Z] [notify] [tavern] sent 1/1 (main=1 | quest=0 | category=0 groups=5)
[2026-05-14T12:43:57.590369Z] [notify] [tavern] sent 1/1 (main=1 | quest=0 | category=0 groups=5)
[2026-05-14T12:44:25.819807Z] [notify] [tavern] sent 1/1 (main=1 | quest=0 | category=0 groups=5)
[2026-05-14T12:44:48.624359Z] [notify] [tavern] sent 1/1 (main=1 | quest=0 | category=0 groups=5)
[2026-05-14T12:45:14.450453Z] [notify] [tavern] sent 1/1 (main=1 | quest=0 | category=0 groups=5)
[2026-05-14T12:45:17.114955Z] [notify] [tavern] sent 2/2 (main=2 | quest=0 | category=0 groups=5)
[2026-05-14T12:45:26.509652Z] [notify] [tavern] sent 1/1 (main=1 | quest=0 | category=0 groups=5)
[2026-05-14T12:45:31.439622Z] [notify] [tavern] sent 1/1 (main=1 | quest=0 | category=0 groups=5)
[2026-05-14T12:45:36.687667Z] [notify] [tavern] sent 1/1 (main=1 | quest=0 | category=0 groups=5)
[2026-05-14T12:45:40.446856Z] [notify] [tavern] sent 1/1 (main=1 | quest=0 | category=0 groups=5)
[2026-05-14T12:45:44.317477Z] [notify] [tavern] sent 1/1 (main=1 | quest=0 | category=0 groups=5)
[2026-05-14T12:45:48.541771Z] [notify] [tavern] sent 1/1 (main=1 | quest=0 | category=0 groups=5)
[2026-05-14T12:46:11.855584Z] [notify] [tavern] sent 1/1 (main=1 | quest=0 | category=0 groups=5)
[2026-05-14T12:46:13.612808Z] [notify] [tavern] sent 1/1 (main=1 | quest=0 | category=0 groups=5)
[2026-05-14T12:46:24.770968Z] [notify] [tavern] sent 1/1 (main=1 | quest=0 | category=0 groups=5)
[2026-05-14T12:46:27.048774Z] [notify] [tavern] sent 1/1 (main=1 | quest=0 | category=0 groups=5)
[2026-05-14T12:46:40.953166Z] [notify] [tavern] sent 1/1 (main=1 | quest=0 | category=0 groups=5)
[2026-05-14T12:47:27.479047Z] [notify] [tavern] sent 1/1 (main=1 | quest=0 | category=0 groups=5)
[2026-05-14T12:48:11.548001Z] [notify] [tavern] sent 1/1 (main=1 | quest=0 | category=0 groups=5)
[2026-05-14T12:48:17.519083Z] [notify] [tavern] sent 1/1 (main=1 | quest=0 | category=0 groups=5)
[2026-05-14T12:48:26.118960Z] [notify] [tavern] sent 1/1 (main=1 | quest=0 | category=0 groups=5)
[2026-05-14T12:49:26.901936Z] [notify] [tavern] sent 1/1 (main=1 | quest=0 | category=0 groups=5)
[2026-05-14T12:49:41.098028Z] [notify] [tavern] sent 1/1 (main=1 | quest=0 | category=0 groups=5)
[2026-05-14T12:50:01.968163Z] [notify] [tavern] sent 1/1 (main=1 | quest=0 | category=0 groups=5)
[2026-05-14T12:50:04.623348Z] [notify] [tavern] sent 1/1 (main=1 | quest=0 | category=0 groups=5)
[2026-05-14T12:50:25.946528Z] [notify] [tavern] sent 1/1 (main=1 | quest=0 | category=0 groups=5)
[2026-05-14T12:50:31.403189Z] [notify] [tavern] sent 1/1 (main=1 | quest=0 | category=0 groups=5)
[2026-05-14T12:50:36.658430Z] [notify] [tavern] sent 1/1 (main=1 | quest=0 | category=0 groups=5)
[2026-05-14T12:50:39.436308Z] [notify] [tavern] sent 1/1 (main=1 | quest=0 | category=0 groups=5)
[2026-05-14T12:51:14.939867Z] [notify] [tavern] sent 1/1 (main=1 | quest=0 | category=0 groups=5)
[2026-05-14T12:51:19.232112Z] [notify] [tavern] sent 1/1 (main=1 | quest=0 | category=0 groups=5)
[2026-05-14T12:51:26.737497Z] [notify] [tavern] sent 1/1 (main=1 | quest=0 | category=0 groups=5)
[2026-05-14T12:52:13.769135Z] [notify] [tavern] sent 1/1 (main=1 | quest=0 | category=0 groups=5)
[2026-05-14T12:52:22.452078Z] [notify] [tavern] sent 1/1 (main=1 | quest=0 | category=0 groups=5)
[2026-05-14T12:52:28.464940Z] [notify] [tavern] sent 1/1 (main=1 | quest=0 | category=0 groups=5)
[2026-05-14T12:52:56.507026Z] [notify] [tavern] sent 1/1 (main=1 | quest=0 | category=0 groups=5)
[2026-05-14T12:53:12.015869Z] [notify] [tavern] sent 1/1 (main=1 | quest=0 | category=0 groups=5)
[2026-05-14T12:53:27.172106Z] [notify] [tavern] sent 1/1 (main=1 | quest=0 | category=0 groups=5)
[2026-05-14T12:53:37.326617Z] [notify] [tavern] sent 1/1 (main=1 | quest=0 | category=0 groups=5)
[2026-05-14T12:53:49.798809Z] [notify] [tavern] sent 1/1 (main=1 | quest=0 | category=0 groups=5)
[2026-05-14T12:53:56.668213Z] [notify] [tavern] sent 1/1 (main=1 | quest=0 | category=0 groups=5)
[2026-05-14T12:54:02.978606Z] [notify] [tavern] sent 1/1 (main=1 | quest=0 | category=0 groups=5)
[2026-05-14T12:54:23.143108Z] [notify] [tavern] sent 1/1 (main=1 | quest=0 | category=0 groups=5)
[2026-05-14T12:54:24.301587Z] [notify] [tavern] sent 1/1 (main=1 | quest=0 | category=0 groups=5)
[2026-05-14T12:54:26.627233Z] [notify] [tavern] sent 1/1 (main=1 | quest=0 | category=0 groups=5)
[2026-05-14T12:54:35.432666Z] [notify] [tavern] sent 1/1 (main=1 | quest=0 | category=0 groups=5)
[2026-05-14T12:54:39.427803Z] [notify] [tavern] sent 1/1 (main=1 | quest=0 | category=0 groups=5)
[2026-05-14T12:54:43.639656Z] [notify] [tavern] sent 1/1 (main=1 | quest=0 | category=0 groups=5)
[2026-05-14T12:54:47.548395Z] [notify] [tavern] sent 1/1 (main=1 | quest=0 | category=0 groups=5)
[2026-05-14T12:54:52.989643Z] [notify] [tavern] sent 1/1 (main=1 | quest=0 | category=0 groups=5)
[2026-05-14T12:54:56.694606Z] [notify] [tavern] sent 1/1 (main=1 | quest=0 | category=0 groups=5)
[2026-05-14T12:55:10.702325Z] [notify] [tavern] sent 1/1 (main=1 | quest=0 | category=0 groups=5)
[2026-05-14T12:55:20.630690Z] [notify] [tavern] sent 1/1 (main=1 | quest=0 | category=0 groups=5)
[2026-05-14T12:55:29.480588Z] [notify] [tavern] sent 1/1 (main=1 | quest=0 | category=0 groups=5)
[2026-05-14T12:55:34.095252Z] [notify] [tavern] sent 1/1 (main=1 | quest=0 | category=0 groups=5)
[2026-05-14T12:56:01.063540Z] [notify] [tavern] sent 1/1 (main=1 | quest=0 | category=0 groups=5)
[2026-05-14T12:56:21.722791Z] [notify] [tavern] sent 1/1 (main=1 | quest=0 | category=0 groups=5)
[2026-05-14T12:57:37.304520Z] [notify] [tavern] sent 1/1 (main=1 | quest=0 | category=0 groups=5)
[2026-05-14T12:57:41.657283Z] [notify] [tavern] sent 1/1 (main=1 | quest=0 | category=0 groups=5)
[2026-05-14T12:58:04.390910Z] [notify] [tavern] sent 1/1 (main=1 | quest=0 | category=0 groups=5)
[2026-05-14T12:58:07.816731Z] [notify] [tavern] sent 1/1 (main=1 | quest=0 | category=0 groups=5)
[2026-05-14T12:58:11.962797Z] [notify] [tavern] sent 1/1 (main=1 | quest=0 | category=0 groups=5)
[2026-05-14T12:59:12.287312Z] [notify] [tavern] sent 1/1 (main=1 | quest=0 | category=0 groups=5)
[2026-05-14T12:59:16.798823Z] [notify] [tavern] sent 1/1 (main=1 | quest=0 | category=0 groups=5)
[2026-05-14T12:59:21.005874Z] [notify] [tavern] sent 1/1 (main=1 | quest=0 | category=0 groups=5)
[2026-05-14T12:59:24.859299Z] [notify] [tavern] sent 1/1 (main=1 | quest=0 | category=0 groups=5)
[2026-05-14T12:59:33.174538Z] [notify] [tavern] sent 1/1 (main=1 | quest=0 | category=0 groups=5)
[2026-05-14T12:59:42.696537Z] [notify] [tavern] sent 1/1 (main=1 | quest=0 | category=0 groups=5)
[2026-05-14T13:00:02.599319Z] [notify] [tavern] sent 1/1 (main=1 | quest=0 | category=0 groups=5)
[2026-05-14T13:03:13.135341Z] [notify] [tavern] sent 1/1 (main=1 | quest=0 | category=0 groups=5)
[2026-05-14T13:03:18.055037Z] [notify] [tavern] sent 1/1 (main=1 | quest=0 | category=0 groups=5)
[2026-05-14T13:05:08.080464Z] [notify] [tavern] sent 1/1 (main=1 | quest=0 | category=0 groups=5)
[2026-05-14T13:05:12.449563Z] [notify] [tavern] sent 1/1 (main=1 | quest=0 | category=0 groups=5)
[2026-05-14T13:06:06.809701Z] [notify] [tavern] sent 1/1 (main=1 | quest=0 | category=0 groups=5)
[2026-05-14T13:06:24.245718Z] [notify] [tavern] sent 1/1 (main=1 | quest=0 | category=0 groups=5)
[2026-05-14T13:06:43.111503Z] [notify] [tavern] sent 1/1 (main=1 | quest=0 | category=0 groups=5)
[2026-05-14T13:07:17.027075Z] [notify] [tavern] sent 1/1 (main=1 | quest=0 | category=0 groups=5)
[2026-05-14T13:07:43.662074Z] [notify] [tavern] sent 1/1 (main=1 | quest=0 | category=0 groups=5)
[2026-05-14T13:07:49.267163Z] [notify] [tavern] sent 1/1 (main=1 | quest=0 | category=0 groups=5)
[2026-05-14T13:07:51.074576Z] [notify] [tavern] sent 1/1 (main=1 | quest=0 | category=0 groups=5)
[2026-05-14T13:08:12.722465Z] [notify] [tavern] sent 1/1 (main=1 | quest=0 | category=0 groups=5)
[2026-05-14T13:09:01.046748Z] [notify] [tavern] sent 1/1 (main=1 | quest=0 | category=0 groups=5)
[2026-05-14T13:10:27.742814Z] [notify] [tavern] sent 1/1 (main=1 | quest=0 | category=0 groups=5)
[2026-05-14T13:12:16.732965Z] [notify] [tavern] sent 1/1 (main=1 | quest=0 | category=0 groups=5)
[2026-05-14T13:12:20.463903Z] [notify] [tavern] sent 1/1 (main=1 | quest=0 | category=0 groups=5)
[2026-05-14T13:16:00.637344Z] [notify] [tavern] sent 1/1 (main=1 | quest=0 | category=0 groups=5)
[2026-05-14T13:16:12.380640Z] [notify] [tavern] sent 1/1 (main=1 | quest=0 | category=0 groups=5)
[2026-05-14T13:22:03.796229Z] [notify] [tavern] sent 1/1 (main=1 | quest=0 | category=0 groups=5)
[2026-05-14T13:23:08.417253Z] [notify] [tavern] sent 1/1 (main=1 | quest=0 | category=0 groups=5)
[2026-05-14T13:24:26.811440Z] [notify] [tavern] sent 1/1 (main=1 | quest=0 | category=0 groups=5)
[2026-05-14T13:25:41.082796Z] [notify] [tavern] sent 1/1 (main=1 | quest=0 | category=0 groups=5)
[2026-05-14T13:26:18.372659Z] [notify] [tavern] sent 1/1 (main=1 | quest=0 | category=0 groups=5)
[2026-05-14T13:28:27.710331Z] [notify] [tavern] sent 1/1 (main=1 | quest=0 | category=0 groups=5)
[2026-05-14T13:29:04.189345Z] [notify] [tavern] sent 1/1 (main=1 | quest=0 | category=0 groups=5)
[2026-05-14T13:30:34.285962Z] [notify] [tavern] sent 1/1 (main=1 | quest=0 | category=0 groups=5)
[2026-05-14T13:32:06.331291Z] [notify] [tavern] sent 1/1 (main=1 | quest=0 | category=0 groups=5)
[2026-05-14T13:32:44.076294Z] [notify] [tavern] sent 1/1 (main=1 | quest=0 | category=0 groups=5)
[2026-05-14T13:32:44.259578Z] [notify] [tavern] sent 1/1 (main=1 | quest=0 | category=0 groups=5)
[2026-05-14T13:32:58.399932Z] [notify] [tavern] sent 1/1 (main=1 | quest=0 | category=0 groups=5)
[2026-05-14T23:30:23.074200Z] [notify] [tavern] sent 1/1 (main=1 | quest=0 | category=0 groups=5)
[2026-05-14T23:34:15.659984Z] [notify] [tavern] sent 1/1 (main=1 | quest=0 | category=0 groups=5)
[2026-05-14T23:34:40.438176Z] [notify] [tavern] sent 1/1 (main=1 | quest=0 | category=0 groups=5)
[2026-05-15T00:00:44.906725Z] [notify] [tavern] sent 1/1 (main=1 | quest=0 | category=0 groups=5)
[2026-05-15T00:01:08.775369Z] [notify] [tavern] sent 1/1 (main=1 | quest=0 | category=0 groups=5)
[2026-05-15T00:03:44.404909Z] [notify] [tavern] sent 1/1 (main=1 | quest=0 | category=0 groups=5)
[2026-05-15T00:03:48.932619Z] [notify] [tavern] sent 1/1 (main=1 | quest=0 | category=0 groups=5)
[2026-05-15T00:04:52.766871Z] [notify] [tavern] sent 1/1 (main=1 | quest=0 | category=0 groups=5)
[2026-05-15T00:05:11.060388Z] [notify] [tavern] sent 1/1 (main=1 | quest=0 | category=0 groups=5)
[2026-05-15T00:05:24.405044Z] [notify] [tavern] sent 1/1 (main=1 | quest=0 | category=0 groups=5)
[2026-05-15T00:29:33.377169Z] [notify] [tavern] sent 1/1 (main=1 | quest=0 | category=0 groups=5)
[2026-05-15T01:02:33.155188Z] [notify] [tavern] sent 1/1 (main=1 | quest=0 | category=0 groups=5)
[2026-05-15T01:02:35.408544Z] [notify] [tavern] sent 1/1 (main=1 | quest=0 | category=0 groups=5)
[2026-05-15T01:06:43.776326Z] [notify] [tavern] sent 2/2 (main=2 | quest=0 | category=0 groups=5)
[2026-05-15T01:10:32.317260Z] [notify] [tavern] sent 1/1 (main=1 | quest=0 | category=0 groups=5)
[2026-05-15T01:13:07.761401Z] [notify] [tavern] sent 1/1 (main=1 | quest=0 | category=0 groups=5)
[2026-05-15T01:13:57.602809Z] [notify] [tavern] sent 1/1 (main=1 | quest=0 | category=0 groups=5)
[2026-05-15T01:19:08.216771Z] [notify] [tavern] sent 1/1 (main=1 | quest=0 | category=0 groups=5)
[2026-05-15T01:19:10.505985Z] [notify] [tavern] sent 1/1 (main=1 | quest=0 | category=0 groups=5)
[2026-05-15T01:19:45.538200Z] [notify] [tavern] sent 1/1 (main=1 | quest=0 | category=0 groups=5)
[2026-05-15T01:21:04.613728Z] [notify] [tavern] sent 1/1 (main=1 | quest=0 | category=0 groups=5)
[2026-05-15T01:22:32.194112Z] [notify] [tavern] sent 1/1 (main=1 | quest=0 | category=0 groups=5)
[2026-05-15T01:26:50.158022Z] [notify] [tavern] sent 1/1 (main=1 | quest=0 | category=0 groups=5)
[2026-05-15T01:33:53.282209Z] [notify] [tavern] sent 1/1 (main=1 | quest=0 | category=0 groups=5)
[2026-05-15T01:35:35.581463Z] [notify] [tavern] sent 1/1 (main=1 | quest=0 | category=0 groups=5)
[2026-05-15T01:36:35.547857Z] [notify] [tavern] sent 1/1 (main=1 | quest=0 | category=0 groups=5)
[2026-05-15T01:37:09.016807Z] [notify] [tavern] sent 1/1 (main=1 | quest=0 | category=0 groups=5)
[2026-05-15T01:37:42.092866Z] [notify] [tavern] sent 1/1 (main=1 | quest=0 | category=0 groups=5)
[2026-05-15T01:37:47.322545Z] [notify] [tavern] sent 1/1 (main=1 | quest=0 | category=0 groups=5)
[2026-05-15T01:37:49.296637Z] [notify] [tavern] sent 1/1 (main=1 | quest=0 | category=0 groups=5)
[2026-05-15T01:38:01.494088Z] [notify] [tavern] sent 1/1 (main=1 | quest=0 | category=0 groups=5)
[2026-05-15T01:39:44.803837Z] [notify] [tavern] sent 1/1 (main=1 | quest=0 | category=0 groups=5)
[2026-05-15T01:40:16.684346Z] [notify] [tavern] sent 1/1 (main=1 | quest=0 | category=0 groups=5)
[2026-05-15T01:43:20.280786Z] [notify] [tavern] sent 1/1 (main=1 | quest=0 | category=0 groups=5)
[2026-05-15T01:43:27.195730Z] [notify] [tavern] sent 1/1 (main=1 | quest=0 | category=0 groups=5)
[2026-05-15T01:45:07.264848Z] [notify] [tavern] sent 1/1 (main=1 | quest=0 | category=0 groups=5)
[2026-05-15T01:48:54.534725Z] [notify] [tavern] sent 1/1 (main=1 | quest=0 | category=0 groups=5)
[2026-05-15T01:49:19.533410Z] [notify] [tavern] sent 1/1 (main=1 | quest=0 | category=0 groups=5)
[2026-05-15T01:53:10.184765Z] [notify] [tavern] sent 1/1 (main=1 | quest=0 | category=0 groups=5)
[2026-05-15T01:54:08.084383Z] [notify] [tavern] sent 1/1 (main=1 | quest=0 | category=0 groups=5)
[2026-05-15T01:54:18.506929Z] [notify] [tavern] sent 1/1 (main=1 | quest=0 | category=0 groups=5)
[2026-05-15T01:54:23.355487Z] [notify] [tavern] sent 1/1 (main=1 | quest=0 | category=0 groups=5)
[2026-05-15T01:54:35.038692Z] [notify] [tavern] sent 1/1 (main=1 | quest=0 | category=0 groups=5)
[2026-05-15T01:55:19.835878Z] [notify] [tavern] sent 1/1 (main=1 | quest=0 | category=0 groups=5)
[2026-05-15T01:56:15.250028Z] [notify] [tavern] sent 1/1 (main=1 | quest=0 | category=0 groups=5)
[2026-05-15T01:56:32.639144Z] [notify] [tavern] sent 1/1 (main=1 | quest=0 | category=0 groups=5)
[2026-05-15T01:57:39.130433Z] [notify] [tavern] sent 1/1 (main=1 | quest=0 | category=0 groups=5)
[2026-05-15T01:58:31.249690Z] [notify] [tavern] sent 1/1 (main=1 | quest=0 | category=0 groups=5)
[2026-05-15T01:59:14.120103Z] [notify] [tavern] sent 1/1 (main=1 | quest=0 | category=0 groups=5)
[2026-05-15T01:59:28.298177Z] [notify] [tavern] sent 1/1 (main=1 | quest=0 | category=0 groups=5)
[2026-05-15T01:59:29.335135Z] [notify] [tavern] sent 1/1 (main=1 | quest=0 | category=0 groups=5)
[2026-05-15T02:00:42.273350Z] [notify] [tavern] sent 1/1 (main=1 | quest=0 | category=0 groups=5)
[2026-05-15T02:01:10.529142Z] [notify] [tavern] sent 1/1 (main=1 | quest=0 | category=0 groups=5)
[2026-05-15T02:01:19.096563Z] [notify] [tavern] sent 1/1 (main=1 | quest=0 | category=0 groups=5)
[2026-05-15T02:01:30.618943Z] [notify] [tavern] sent 1/1 (main=1 | quest=0 | category=0 groups=5)
[2026-05-15T02:01:30.702924Z] [notify] [tavern] sent 1/1 (main=1 | quest=0 | category=0 groups=5)
[2026-05-15T02:01:43.018863Z] [notify] [tavern] sent 1/1 (main=1 | quest=0 | category=0 groups=5)
[2026-05-15T02:01:57.623562Z] [notify] [tavern] sent 1/1 (main=1 | quest=0 | category=0 groups=5)
[2026-05-15T02:02:08.508337Z] [notify] [tavern] sent 1/1 (main=1 | quest=0 | category=0 groups=5)
[2026-05-15T02:02:18.195358Z] [notify] [tavern] sent 1/1 (main=1 | quest=0 | category=0 groups=5)
[2026-05-15T02:02:23.258175Z] [notify] [tavern] sent 1/1 (main=1 | quest=0 | category=0 groups=5)
[2026-05-15T02:04:14.212750Z] [notify] [tavern] sent 1/1 (main=1 | quest=0 | category=0 groups=5)
[2026-05-15T02:04:19.529462Z] [notify] [tavern] sent 1/1 (main=1 | quest=0 | category=0 groups=5)
[2026-05-15T02:04:51.950675Z] [notify] [tavern] sent 1/1 (main=1 | quest=0 | category=0 groups=5)
[2026-05-15T02:05:28.096439Z] [notify] [tavern] sent 1/1 (main=1 | quest=0 | category=0 groups=5)
[2026-05-15T02:05:59.350163Z] [notify] [category-routing] group 'chitchat-channel' 全部 webhook URL 都是 placeholder (1 個)，跳過 broadcast
[2026-05-15T02:06:00.805573Z] [notify] [tavern] sent 1/1 (main=1 | quest=0 | category=0 groups=5)
[2026-05-15T02:06:14.099057Z] [notify] [tavern] sent 1/1 (main=1 | quest=0 | category=0 groups=5)
[2026-05-15T02:07:26.906896Z] [notify] [tavern] sent 1/1 (main=1 | quest=0 | category=0 groups=5)
[2026-05-15T02:07:53.251830Z] [notify] [tavern] sent 1/1 (main=1 | quest=0 | category=0 groups=5)
[2026-05-15T02:10:14.809314Z] [notify] [category-routing] group 'chitchat-channel' 全部 webhook URL 都是 placeholder (1 個)，跳過 broadcast
[2026-05-15T02:10:16.288772Z] [notify] [tavern] sent 1/1 (main=1 | quest=0 | category=0 groups=5)
[2026-05-15T02:10:24.194217Z] [notify] [tavern] sent 1/1 (main=1 | quest=0 | category=0 groups=5)
[2026-05-15T02:11:25.910142Z] [notify] [tavern] sent 1/1 (main=1 | quest=0 | category=0 groups=5)
[2026-05-15T02:13:16.817588Z] [notify] [tavern] sent 1/1 (main=1 | quest=0 | category=0 groups=5)
[2026-05-15T02:14:28.742398Z] [notify] [tavern] sent 1/1 (main=1 | quest=0 | category=0 groups=5)
[2026-05-15T02:14:33.477781Z] [notify] [tavern] sent 2/2 (main=2 | quest=0 | category=0 groups=5)
[2026-05-15T02:14:35.518548Z] [notify] [tavern] sent 2/2 (main=2 | quest=0 | category=0 groups=5)
[2026-05-15T02:14:43.987688Z] [notify] [tavern] sent 1/1 (main=1 | quest=0 | category=0 groups=5)
[2026-05-15T02:14:50.476773Z] [notify] [tavern] sent 1/1 (main=1 | quest=0 | category=0 groups=5)
[2026-05-15T02:15:06.117840Z] [notify] [tavern] sent 1/1 (main=1 | quest=0 | category=0 groups=5)
[2026-05-15T02:16:47.268984Z] [notify] [tavern] sent 1/1 (main=1 | quest=0 | category=0 groups=5)
[2026-05-15T02:18:03.261152Z] [notify] [tavern] sent 1/1 (main=1 | quest=0 | category=0 groups=5)
[2026-05-15T02:19:08.420421Z] [notify] [tavern] sent 1/1 (main=1 | quest=0 | category=0 groups=5)
[2026-05-15T02:19:11.440731Z] [notify] [tavern] sent 1/1 (main=1 | quest=0 | category=0 groups=5)
[2026-05-15T02:19:21.471821Z] [notify] [tavern] sent 1/1 (main=1 | quest=0 | category=0 groups=5)
[2026-05-15T02:19:25.023428Z] [notify] [tavern] sent 1/1 (main=1 | quest=0 | category=0 groups=5)
[2026-05-15T02:19:27.550886Z] [notify] [tavern] sent 1/1 (main=1 | quest=0 | category=0 groups=5)
[2026-05-15T02:22:51.237801Z] [notify] [tavern] sent 1/1 (main=1 | quest=0 | category=0 groups=5)
[2026-05-15T02:22:54.791521Z] [notify] [tavern] sent 1/1 (main=1 | quest=0 | category=0 groups=5)
[2026-05-15T02:23:16.900798Z] [notify] [category-routing] group 'chitchat-channel' 全部 webhook URL 都是 placeholder (1 個)，跳過 broadcast
[2026-05-15T02:23:18.496349Z] [notify] [tavern] sent 1/1 (main=1 | quest=0 | category=0 groups=5)
[2026-05-15T02:23:36.593984Z] [notify] [tavern] sent 1/1 (main=1 | quest=0 | category=0 groups=5)
[2026-05-15T02:23:37.910957Z] [notify] [tavern] sent 1/1 (main=1 | quest=0 | category=0 groups=5)
[2026-05-15T02:24:18.421282Z] [notify] [tavern] sent 1/1 (main=1 | quest=0 | category=0 groups=5)
[2026-05-15T02:24:47.035284Z] [notify] [tavern] sent 1/1 (main=1 | quest=0 | category=0 groups=5)
[2026-05-15T02:26:13.009746Z] [notify] [category-routing] group 'chitchat-channel' 全部 webhook URL 都是 placeholder (1 個)，跳過 broadcast
[2026-05-15T02:26:14.256772Z] [notify] [tavern] sent 1/1 (main=1 | quest=0 | category=0 groups=5)
[2026-05-15T02:27:57.585710Z] [notify] [tavern] sent 1/1 (main=1 | quest=0 | category=0 groups=5)
[2026-05-15T02:28:19.880219Z] [notify] [tavern] sent 1/1 (main=1 | quest=0 | category=0 groups=5)
[2026-05-15T02:28:37.904988Z] [notify] [tavern] sent 1/1 (main=1 | quest=0 | category=0 groups=5)
[2026-05-15T02:29:22.675565Z] [notify] [category-routing] group 'chitchat-channel' 全部 webhook URL 都是 placeholder (1 個)，跳過 broadcast
[2026-05-15T02:29:24.008402Z] [notify] [tavern] sent 1/1 (main=1 | quest=0 | category=0 groups=5)
[2026-05-15T02:30:51.173581Z] [notify] [tavern] sent 1/1 (main=1 | quest=0 | category=0 groups=5)
[2026-05-15T02:30:55.409762Z] [notify] [tavern] sent 1/1 (main=1 | quest=0 | category=0 groups=5)
[2026-05-15T02:33:18.565077Z] [notify] [tavern] sent 1/1 (main=1 | quest=0 | category=0 groups=5)
[2026-05-15T02:33:19.929603Z] [notify] [category-routing] group 'chitchat-channel' 全部 webhook URL 都是 placeholder (1 個)，跳過 broadcast
[2026-05-15T02:33:21.823504Z] [notify] [tavern] sent 1/1 (main=1 | quest=0 | category=0 groups=5)
[2026-05-15T02:33:49.893497Z] [notify] [tavern] sent 1/1 (main=1 | quest=0 | category=0 groups=5)
[2026-05-15T02:37:13.137487Z] [notify] [category-routing] group 'chitchat-channel' 全部 webhook URL 都是 placeholder (1 個)，跳過 broadcast
[2026-05-15T02:37:14.627825Z] [notify] [tavern] sent 1/1 (main=1 | quest=0 | category=0 groups=5)
[2026-05-15T02:38:18.173223Z] [notify] [tavern] sent 1/1 (main=1 | quest=0 | category=0 groups=5)
[2026-05-15T02:38:55.106772Z] [notify] [tavern] sent 1/1 (main=1 | quest=0 | category=0 groups=5)
[2026-05-15T02:40:59.487554Z] [notify] [tavern] sent 1/1 (main=1 | quest=0 | category=0 groups=5)
[2026-05-15T02:42:14.296521Z] [notify] [category-routing] group 'chitchat-channel' 全部 webhook URL 都是 placeholder (1 個)，跳過 broadcast
[2026-05-15T02:42:15.799470Z] [notify] [tavern] sent 1/1 (main=1 | quest=0 | category=0 groups=5)
[2026-05-15T02:43:15.235298Z] [notify] [tavern] sent 1/1 (main=1 | quest=0 | category=0 groups=5)
[2026-05-15T02:46:51.401876Z] [notify] [tavern] sent 1/1 (main=1 | quest=0 | category=0 groups=5)
[2026-05-15T02:46:55.112383Z] [notify] [tavern] sent 1/1 (main=1 | quest=0 | category=0 groups=5)
[2026-05-15T02:47:14.236906Z] [notify] [category-routing] group 'chitchat-channel' 全部 webhook URL 都是 placeholder (1 個)，跳過 broadcast
[2026-05-15T02:47:15.570580Z] [notify] [tavern] sent 1/1 (main=1 | quest=0 | category=0 groups=5)
[2026-05-15T02:48:17.847234Z] [notify] [tavern] sent 1/1 (main=1 | quest=0 | category=0 groups=5)
[2026-05-15T02:49:49.852927Z] [notify] [tavern] sent 1/1 (main=1 | quest=0 | category=0 groups=5)
[2026-05-15T02:51:17.024485Z] [notify] [category-routing] group 'chitchat-channel' 全部 webhook URL 都是 placeholder (1 個)，跳過 broadcast
[2026-05-15T02:51:18.224620Z] [notify] [tavern] sent 1/1 (main=1 | quest=0 | category=0 groups=5)
[2026-05-15T02:51:51.591406Z] [notify] [tavern] sent 1/1 (main=1 | quest=0 | category=0 groups=5)
[2026-05-15T02:53:16.382161Z] [notify] [tavern] sent 1/1 (main=1 | quest=0 | category=0 groups=5)
[2026-05-15T02:54:50.992087Z] [notify] [tavern] sent 1/1 (main=1 | quest=0 | category=0 groups=5)
[2026-05-15T02:54:55.860452Z] [notify] [tavern] sent 1/1 (main=1 | quest=0 | category=0 groups=5)
[2026-05-15T02:55:04.875497Z] [notify] [tavern] sent 1/1 (main=1 | quest=0 | category=0 groups=5)
[2026-05-15T02:56:13.025402Z] [notify] [tavern] sent 1/1 (main=1 | quest=0 | category=0 groups=5)
[2026-05-15T02:56:26.179105Z] [notify] [tavern] sent 1/1 (main=1 | quest=0 | category=0 groups=5)
[2026-05-15T02:56:51.109879Z] [notify] [tavern] sent 1/1 (main=1 | quest=0 | category=0 groups=5)
[2026-05-15T02:58:04.894500Z] [notify] [tavern] sent 1/1 (main=1 | quest=0 | category=0 groups=5)
[2026-05-15T02:58:25.214226Z] [notify] [tavern] sent 1/1 (main=1 | quest=0 | category=0 groups=5)
[2026-05-15T03:01:21.849272Z] [notify] [tavern] sent 1/1 (main=1 | quest=0 | category=0 groups=5)
[2026-05-15T03:02:51.799258Z] [notify] [tavern] sent 1/1 (main=1 | quest=0 | category=0 groups=5)
[2026-05-15T03:02:55.865438Z] [notify] [tavern] sent 1/1 (main=1 | quest=0 | category=0 groups=5)
[2026-05-15T03:03:14.694930Z] [notify] [tavern] sent 1/1 (main=1 | quest=0 | category=0 groups=5)
[2026-05-15T03:05:11.516345Z] [notify] [category-routing] group 'chitchat-channel' 全部 webhook URL 都是 placeholder (1 個)，跳過 broadcast
[2026-05-15T03:05:12.875934Z] [notify] [tavern] sent 1/1 (main=1 | quest=0 | category=0 groups=5)
[2026-05-15T03:08:16.250932Z] [notify] [tavern] sent 1/1 (main=1 | quest=0 | category=0 groups=5)
[2026-05-15T03:08:43.271312Z] [notify] [tavern] sent 1/1 (main=1 | quest=0 | category=0 groups=5)
[2026-05-15T03:10:26.080075Z] [notify] [tavern] sent 1/1 (main=1 | quest=0 | category=0 groups=5)
[2026-05-15T03:10:51.034009Z] [notify] [tavern] sent 1/1 (main=1 | quest=0 | category=0 groups=5)
[2026-05-15T03:10:55.793768Z] [notify] [tavern] sent 1/1 (main=1 | quest=0 | category=0 groups=5)
[2026-05-15T03:13:28.118525Z] [notify] [tavern] sent 1/1 (main=1 | quest=0 | category=0 groups=5)
[2026-05-15T03:13:57.250663Z] [notify] [tavern] sent 1/1 (main=1 | quest=0 | category=0 groups=5)
[2026-05-15T03:14:18.194757Z] [notify] [tavern] sent 1/1 (main=1 | quest=0 | category=0 groups=5)
[2026-05-15T03:14:27.314460Z] [notify] [tavern] sent 1/1 (main=1 | quest=0 | category=0 groups=5)
[2026-05-15T03:14:29.983901Z] [notify] [tavern] sent 1/1 (main=1 | quest=0 | category=0 groups=5)
[2026-05-15T03:15:11.983003Z] [notify] [tavern] sent 1/1 (main=1 | quest=0 | category=0 groups=5)
[2026-05-15T03:18:16.664257Z] [notify] [tavern] sent 1/1 (main=1 | quest=0 | category=0 groups=5)
[2026-05-15T03:18:24.677617Z] [notify] [tavern] sent 1/1 (main=1 | quest=0 | category=0 groups=5)
[2026-05-15T03:18:29.399100Z] [notify] [tavern] sent 1/1 (main=1 | quest=0 | category=0 groups=5)
[2026-05-15T03:22:16.104223Z] [notify] [tavern] sent 1/1 (main=1 | quest=0 | category=0 groups=5)
[2026-05-15T03:23:17.943760Z] [notify] [tavern] sent 1/1 (main=1 | quest=0 | category=0 groups=5)
[2026-05-15T03:26:48.927698Z] [notify] [tavern] sent 1/1 (main=1 | quest=0 | category=0 groups=5)
[2026-05-15T03:27:22.454828Z] [notify] [tavern] sent 1/1 (main=1 | quest=0 | category=0 groups=5)
[2026-05-15T03:27:23.853382Z] [notify] [tavern] sent 1/1 (main=1 | quest=0 | category=0 groups=5)
[2026-05-15T03:28:23.046334Z] [notify] [tavern] sent 1/1 (main=1 | quest=0 | category=0 groups=5)
[2026-05-15T03:32:20.851488Z] [notify] [tavern] sent 1/1 (main=1 | quest=0 | category=0 groups=5)
[2026-05-15T03:33:27.085461Z] [notify] [tavern] sent 1/1 (main=1 | quest=0 | category=0 groups=5)
[2026-05-15T03:37:12.168795Z] [notify] [category-routing] group 'chitchat-channel' 全部 webhook URL 都是 placeholder (1 個)，跳過 broadcast
[2026-05-15T03:37:13.421313Z] [notify] [tavern] sent 1/1 (main=1 | quest=0 | category=0 groups=5)
[2026-05-15T03:38:14.192898Z] [notify] [tavern] sent 1/1 (main=1 | quest=0 | category=0 groups=5)
[2026-05-15T03:41:27.949431Z] [notify] [tavern] sent 1/1 (main=1 | quest=0 | category=0 groups=5)
[2026-05-15T03:42:15.484472Z] [notify] [tavern] sent 1/1 (main=1 | quest=0 | category=0 groups=5)
[2026-05-15T03:43:14.833807Z] [notify] [tavern] sent 1/1 (main=1 | quest=0 | category=0 groups=5)
[2026-05-15T03:43:31.785164Z] [notify] [tavern] sent 1/1 (main=1 | quest=0 | category=0 groups=5)
[2026-05-15T03:44:26.389236Z] [notify] [tavern] sent 1/1 (main=1 | quest=0 | category=0 groups=5)
[2026-05-15T03:47:15.026752Z] [notify] [tavern] sent 1/1 (main=1 | quest=0 | category=0 groups=5)
[2026-05-15T03:47:37.910423Z] [notify] [tavern] sent 1/1 (main=1 | quest=0 | category=0 groups=5)
[2026-05-15T03:48:17.174376Z] [notify] [tavern] sent 1/1 (main=1 | quest=0 | category=0 groups=5)
[2026-05-15T03:50:06.471119Z] [notify] [tavern] sent 1/1 (main=1 | quest=0 | category=0 groups=5)
[2026-05-15T03:51:54.124156Z] [notify] [tavern] sent 1/1 (main=1 | quest=0 | category=0 groups=5)
[2026-05-15T03:52:12.464916Z] [notify] [category-routing] group 'chitchat-channel' 全部 webhook URL 都是 placeholder (1 個)，跳過 broadcast
[2026-05-15T03:52:14.166770Z] [notify] [tavern] sent 1/1 (main=1 | quest=0 | category=0 groups=5)
[2026-05-15T03:53:16.095356Z] [notify] [tavern] sent 1/1 (main=1 | quest=0 | category=0 groups=5)
[2026-05-15T03:54:21.513214Z] [notify] [tavern] sent 1/1 (main=1 | quest=0 | category=0 groups=5)
[2026-05-15T03:55:53.965173Z] [notify] [tavern] sent 1/1 (main=1 | quest=0 | category=0 groups=5)
[2026-05-15T03:55:58.565045Z] [notify] [tavern] sent 1/1 (main=1 | quest=0 | category=0 groups=5)
[2026-05-15T03:56:34.940005Z] [notify] [tavern] sent 1/1 (main=1 | quest=0 | category=0 groups=5)
[2026-05-15T03:57:13.770769Z] [notify] [category-routing] group 'chitchat-channel' 全部 webhook URL 都是 placeholder (1 個)，跳過 broadcast
[2026-05-15T03:57:15.032458Z] [notify] [tavern] sent 1/1 (main=1 | quest=0 | category=0 groups=5)
[2026-05-15T03:58:15.165827Z] [notify] [tavern] sent 1/1 (main=1 | quest=0 | category=0 groups=5)
[2026-05-15T04:02:19.179425Z] [notify] [category-routing] group 'chitchat-channel' 全部 webhook URL 都是 placeholder (1 個)，跳過 broadcast
[2026-05-15T04:02:20.391236Z] [notify] [tavern] sent 1/1 (main=1 | quest=0 | category=0 groups=5)
[2026-05-15T04:03:16.115255Z] [notify] [tavern] sent 1/1 (main=1 | quest=0 | category=0 groups=5)
[2026-05-15T04:07:14.724095Z] [notify] [category-routing] group 'chitchat-channel' 全部 webhook URL 都是 placeholder (1 個)，跳過 broadcast
[2026-05-15T04:07:15.888439Z] [notify] [tavern] sent 1/1 (main=1 | quest=0 | category=0 groups=5)
[2026-05-15T04:07:24.819353Z] [notify] [tavern] sent 1/1 (main=1 | quest=0 | category=0 groups=5)
[2026-05-15T04:08:14.977568Z] [notify] [tavern] sent 1/1 (main=1 | quest=0 | category=0 groups=5)
[2026-05-15T04:11:16.878171Z] [notify] [tavern] sent 1/1 (main=1 | quest=0 | category=0 groups=5)
[2026-05-15T04:11:46.146268Z] [notify] [tavern] sent 1/1 (main=1 | quest=0 | category=0 groups=5)
[2026-05-15T04:13:29.213608Z] [notify] [tavern] sent 1/1 (main=1 | quest=0 | category=0 groups=5)
[2026-05-15T04:14:26.917151Z] [notify] [tavern] sent 1/1 (main=1 | quest=0 | category=0 groups=5)
[2026-05-15T04:15:12.715001Z] [notify] [tavern] sent 1/1 (main=1 | quest=0 | category=0 groups=5)
[2026-05-15T04:15:50.460060Z] [notify] [tavern] sent 1/1 (main=1 | quest=0 | category=0 groups=5)
[2026-05-15T04:18:13.944799Z] [notify] [tavern] sent 1/1 (main=1 | quest=0 | category=0 groups=5)
[2026-05-15T04:23:15.298549Z] [notify] [tavern] sent 1/1 (main=1 | quest=0 | category=0 groups=5)
[2026-05-15T04:27:38.652764Z] [notify] [tavern] sent 1/1 (main=1 | quest=0 | category=0 groups=5)
[2026-05-15T04:28:16.065331Z] [notify] [tavern] sent 1/1 (main=1 | quest=0 | category=0 groups=5)
[2026-05-15T04:31:15.606123Z] [notify] [category-routing] group 'chitchat-channel' 全部 webhook URL 都是 placeholder (1 個)，跳過 broadcast
[2026-05-15T04:31:17.057712Z] [notify] [tavern] sent 1/1 (main=1 | quest=0 | category=0 groups=5)
[2026-05-15T04:33:04.153587Z] [notify] [tavern] sent 1/1 (main=1 | quest=0 | category=0 groups=5)
[2026-05-15T04:33:20.637420Z] [notify] [tavern] sent 1/1 (main=1 | quest=0 | category=0 groups=5)
[2026-05-15T04:33:38.653066Z] [notify] [tavern] sent 1/1 (main=1 | quest=0 | category=0 groups=5)
[2026-05-15T04:33:51.598404Z] [notify] [tavern] sent 1/1 (main=1 | quest=0 | category=0 groups=5)
[2026-05-15T04:35:38.168398Z] [notify] [tavern] sent 1/1 (main=1 | quest=0 | category=0 groups=5)
[2026-05-15T04:37:04.331305Z] [notify] [tavern] sent 1/1 (main=1 | quest=0 | category=0 groups=5)
[2026-05-15T04:38:16.364973Z] [notify] [tavern] sent 1/1 (main=1 | quest=0 | category=0 groups=5)
[2026-05-15T04:38:34.856063Z] [notify] [tavern] sent 1/1 (main=1 | quest=0 | category=0 groups=5)
[2026-05-15T04:38:35.613247Z] [notify] [tavern] sent 1/1 (main=1 | quest=0 | category=0 groups=5)
[2026-05-15T04:41:32.436848Z] [notify] [tavern] sent 1/1 (main=1 | quest=0 | category=0 groups=5)
[2026-05-15T04:43:21.451949Z] [notify] [tavern] sent 1/1 (main=1 | quest=0 | category=0 groups=5)
[2026-05-15T04:43:32.130974Z] [notify] [tavern] sent 1/1 (main=1 | quest=0 | category=0 groups=5)
[2026-05-15T04:46:24.516807Z] [notify] [tavern] sent 1/1 (main=1 | quest=0 | category=0 groups=5)
[2026-05-15T04:47:48.606548Z] [notify] [tavern] sent 1/1 (main=1 | quest=0 | category=0 groups=5)
[2026-05-15T04:49:27.313546Z] [notify] [tavern] sent 1/1 (main=1 | quest=0 | category=0 groups=5)
[2026-05-15T04:49:27.370781Z] [notify] [tavern] sent 1/1 (main=1 | quest=0 | category=0 groups=5)
[2026-05-15T04:55:32.436607Z] [notify] [tavern] sent 1/1 (main=1 | quest=0 | category=0 groups=5)
[2026-05-15T04:56:25.115413Z] [notify] [tavern] sent 1/1 (main=1 | quest=0 | category=0 groups=5)
[2026-05-15T04:56:54.506431Z] [notify] [tavern] sent 1/1 (main=1 | quest=0 | category=0 groups=5)
[2026-05-15T04:57:28.710203Z] [notify] [tavern] sent 1/1 (main=1 | quest=0 | category=0 groups=5)
[2026-05-15T04:58:18.580715Z] [notify] [category-routing] group 'chitchat-channel' 全部 webhook URL 都是 placeholder (1 個)，跳過 broadcast
[2026-05-15T04:58:19.825793Z] [notify] [tavern] sent 1/1 (main=1 | quest=0 | category=0 groups=5)
[2026-05-15T05:00:46.792849Z] [notify] [tavern] sent 1/1 (main=1 | quest=0 | category=0 groups=5)
[2026-05-15T05:01:17.242334Z] [notify] [category-routing] group 'chitchat-channel' 全部 webhook URL 都是 placeholder (1 個)，跳過 broadcast
[2026-05-15T05:01:18.909843Z] [notify] [tavern] sent 1/1 (main=1 | quest=0 | category=0 groups=5)
[2026-05-15T05:02:59.789308Z] [notify] [tavern] sent 1/1 (main=1 | quest=0 | category=0 groups=5)
[2026-05-15T05:03:12.729997Z] [notify] [tavern] sent 1/1 (main=1 | quest=0 | category=0 groups=5)
[2026-05-15T05:03:16.493630Z] [notify] [tavern] sent 1/1 (main=1 | quest=0 | category=0 groups=5)
[2026-05-15T05:03:28.620944Z] [notify] [tavern] sent 1/1 (main=1 | quest=0 | category=0 groups=5)
[2026-05-15T05:05:02.924182Z] [notify] [tavern] sent 1/1 (main=1 | quest=0 | category=0 groups=5)
[2026-05-15T05:05:39.908564Z] [notify] [tavern] sent 1/1 (main=1 | quest=0 | category=0 groups=5)
[2026-05-15T05:05:43.471821Z] [notify] [tavern] sent 1/1 (main=1 | quest=0 | category=0 groups=5)
[2026-05-15T05:06:04.317764Z] [notify] [tavern] sent 1/1 (main=1 | quest=0 | category=0 groups=5)
[2026-05-15T05:06:12.261919Z] [notify] [tavern] sent 1/1 (main=1 | quest=0 | category=0 groups=5)
[2026-05-15T05:11:20.002525Z] [notify] [category-routing] group 'lounge-channel' 全部 webhook URL 都是 placeholder (1 個)，跳過 broadcast
[2026-05-15T05:11:21.267720Z] [notify] [tavern] sent 1/1 (main=1 | quest=0 | category=0 groups=5)
[2026-05-15T05:13:24.900075Z] [notify] [tavern] sent 5/5 (main=5 | quest=0 | category=0 groups=5)
[2026-05-15T05:18:12.858780Z] [notify] [tavern] sent 1/1 (main=1 | quest=0 | category=0 groups=5)
[2026-05-15T05:32:23.622647Z] [notify] [category-routing] group 'lounge-channel' 全部 webhook URL 都是 placeholder (1 個)，跳過 broadcast
[2026-05-15T05:32:24.861694Z] [notify] [tavern] sent 1/1 (main=1 | quest=0 | category=0 groups=5)
[2026-05-15T05:37:40.591843Z] [notify] [tavern] sent 1/1 (main=1 | quest=0 | category=0 groups=5)
[2026-05-15T05:40:07.850741Z] [notify] [tavern] sent 1/1 (main=1 | quest=0 | category=0 groups=5)
[2026-05-15T05:40:53.905006Z] [notify] [category-routing] group 'chitchat-channel' 全部 webhook URL 都是 placeholder (1 個)，跳過 broadcast
[2026-05-15T05:40:55.295605Z] [notify] [tavern] sent 1/1 (main=1 | quest=0 | category=0 groups=5)
[2026-05-15T05:42:26.187183Z] [notify] [tavern] sent 1/1 (main=1 | quest=0 | category=0 groups=5)
[2026-05-15T05:42:54.703844Z] [notify] [tavern] sent 1/1 (main=1 | quest=0 | category=0 groups=5)
[2026-05-15T05:43:03.850669Z] [notify] [tavern] sent 1/1 (main=1 | quest=0 | category=0 groups=5)
[2026-05-15T05:43:08.616238Z] [notify] [tavern] sent 1/1 (main=1 | quest=0 | category=0 groups=5)
[2026-05-15T05:43:16.647178Z] [notify] [tavern] sent 1/1 (main=1 | quest=0 | category=0 groups=5)
[2026-05-15T05:43:55.130748Z] [notify] [tavern] sent 1/1 (main=1 | quest=0 | category=0 groups=5)
[2026-05-15T05:44:04.537786Z] [notify] [tavern] sent 1/1 (main=1 | quest=0 | category=0 groups=5)
[2026-05-15T05:44:04.671316Z] [notify] [tavern] sent 1/1 (main=1 | quest=0 | category=0 groups=5)
[2026-05-15T05:47:04.156623Z] [notify] [tavern] sent 1/1 (main=1 | quest=0 | category=0 groups=5)
[2026-05-15T05:48:05.206895Z] [notify] [tavern] sent 1/1 (main=1 | quest=0 | category=0 groups=5)
[2026-05-15T05:48:08.808441Z] [notify] [tavern] sent 1/1 (main=1 | quest=0 | category=0 groups=5)
[2026-05-15T05:48:14.919267Z] [notify] [tavern] sent 2/2 (main=2 | quest=0 | category=0 groups=5)
[2026-05-15T05:48:16.867151Z] [notify] [tavern] sent 2/2 (main=2 | quest=0 | category=0 groups=5)
[2026-05-15T05:48:17.825163Z] [notify] [tavern] sent 2/2 (main=2 | quest=0 | category=0 groups=5)
[2026-05-15T05:48:18.718399Z] [notify] [tavern] sent 1/1 (main=1 | quest=0 | category=0 groups=5)
[2026-05-15T05:53:21.452949Z] [notify] [category-routing] group 'lounge-channel' 全部 webhook URL 都是 placeholder (1 個)，跳過 broadcast
[2026-05-15T05:53:22.825242Z] [notify] [tavern] sent 1/1 (main=1 | quest=0 | category=0 groups=5)
[2026-05-15T05:53:26.902589Z] [notify] [tavern] sent 1/1 (main=1 | quest=0 | category=0 groups=5)
[2026-05-15T05:55:11.064722Z] [notify] [tavern] sent 1/1 (main=1 | quest=0 | category=0 groups=5)
[2026-05-15T05:55:14.766900Z] [notify] [tavern] sent 2/2 (main=2 | quest=0 | category=0 groups=5)
[2026-05-15T05:55:17.321395Z] [notify] [tavern] sent 1/1 (main=1 | quest=0 | category=0 groups=5)
[2026-05-15T05:55:21.774167Z] [notify] [tavern] sent 1/1 (main=1 | quest=0 | category=0 groups=5)
[2026-05-15T05:55:34.877829Z] [notify] [tavern] sent 1/1 (main=1 | quest=0 | category=0 groups=5)
[2026-05-15T05:57:31.277864Z] [notify] [tavern] sent 1/1 (main=1 | quest=0 | category=0 groups=5)
[2026-05-15T05:58:18.722893Z] [notify] [tavern] sent 1/1 (main=1 | quest=0 | category=0 groups=5)
[2026-05-15T06:01:09.201079Z] [notify] [tavern] sent 1/1 (main=1 | quest=0 | category=0 groups=5)
[2026-05-15T06:02:27.776234Z] [notify] [tavern] sent 1/1 (main=1 | quest=0 | category=0 groups=5)
[2026-05-15T06:03:30.245503Z] [notify] [tavern] sent 1/1 (main=1 | quest=0 | category=0 groups=5)
[2026-05-15T06:05:00.782871Z] [notify] [tavern] sent 1/1 (main=1 | quest=0 | category=0 groups=5)
[2026-05-15T06:05:09.094649Z] [notify] [tavern] sent 1/1 (main=1 | quest=0 | category=0 groups=5)
[2026-05-15T06:05:13.926672Z] [notify] [tavern] sent 1/1 (main=1 | quest=0 | category=0 groups=5)
[2026-05-15T06:05:18.729226Z] [notify] [tavern] sent 1/1 (main=1 | quest=0 | category=0 groups=5)
[2026-05-15T06:06:06.366926Z] [notify] [tavern] sent 1/1 (main=1 | quest=0 | category=0 groups=5)
[2026-05-15T06:06:31.917885Z] [notify] [tavern] sent 1/1 (main=1 | quest=0 | category=0 groups=5)
[2026-05-15T06:06:50.088541Z] [notify] [tavern] sent 1/1 (main=1 | quest=0 | category=0 groups=5)
[2026-05-15T06:07:03.681935Z] [notify] [tavern] sent 1/1 (main=1 | quest=0 | category=0 groups=5)
[2026-05-15T06:07:48.485587Z] [notify] [tavern] sent 1/1 (main=1 | quest=0 | category=0 groups=5)
[2026-05-15T06:08:06.592067Z] [notify] [tavern] sent 2/2 (main=2 | quest=0 | category=0 groups=5)
[2026-05-15T06:08:09.815388Z] [notify] [tavern] sent 1/1 (main=1 | quest=0 | category=0 groups=5)
[2026-05-15T06:08:10.507505Z] [notify] [tavern] sent 1/1 (main=1 | quest=0 | category=0 groups=5)
[2026-05-15T06:08:19.422498Z] [notify] [tavern] sent 1/1 (main=1 | quest=0 | category=0 groups=5)
[2026-05-15T06:08:25.601907Z] [notify] [tavern] sent 1/1 (main=1 | quest=0 | category=0 groups=5)
[2026-05-15T06:08:33.363050Z] [notify] [tavern] sent 1/1 (main=1 | quest=0 | category=0 groups=5)
[2026-05-15T06:08:34.158155Z] [notify] [tavern] sent 1/1 (main=1 | quest=0 | category=0 groups=5)
[2026-05-15T06:08:46.913692Z] [notify] [tavern] sent 1/1 (main=1 | quest=0 | category=0 groups=5)
[2026-05-15T06:08:52.322047Z] [notify] [tavern] sent 1/1 (main=1 | quest=0 | category=0 groups=5)
[2026-05-15T06:09:07.745200Z] [notify] [tavern] sent 1/1 (main=1 | quest=0 | category=0 groups=5)
[2026-05-15T06:11:33.026448Z] [notify] [tavern] sent 1/1 (main=1 | quest=0 | category=0 groups=5)
[2026-05-15T06:11:55.659982Z] [notify] [tavern] sent 1/1 (main=1 | quest=0 | category=0 groups=5)
[2026-05-15T09:38:05.435927Z] [notify] [tavern] sent 1/1 (main=1 | quest=0 | category=0 groups=5)
[2026-05-15T09:38:38.457847Z] [notify] [tavern] sent 1/1 (main=1 | quest=0 | category=0 groups=5)
[2026-05-15T09:39:00.512232Z] [notify] [tavern] sent 1/1 (main=1 | quest=0 | category=0 groups=5)
[2026-05-15T09:39:40.446122Z] [notify] [tavern] sent 1/1 (main=1 | quest=0 | category=0 groups=5)
[2026-05-15T09:40:35.429023Z] [notify] [tavern] sent 1/1 (main=1 | quest=0 | category=0 groups=5)
[2026-05-15T09:41:07.325276Z] [notify] [tavern] sent 1/1 (main=1 | quest=0 | category=0 groups=5)
[2026-05-15T09:41:13.300175Z] [notify] [tavern] sent 1/1 (main=1 | quest=0 | category=0 groups=5)
[2026-05-15T09:41:26.140214Z] [notify] [tavern] sent 1/1 (main=1 | quest=0 | category=0 groups=5)
[2026-05-15T09:41:29.890963Z] [notify] [tavern] sent 1/1 (main=1 | quest=0 | category=0 groups=5)
[2026-05-15T09:41:52.554663Z] [notify] [tavern] sent 2/2 (main=2 | quest=0 | category=0 groups=5)
[2026-05-15T09:41:55.898660Z] [notify] [tavern] sent 1/1 (main=1 | quest=0 | category=0 groups=5)
[2026-05-15T09:41:58.746675Z] [notify] [tavern] sent 3/3 (main=3 | quest=0 | category=0 groups=5)
[2026-05-15T09:42:15.813931Z] [notify] [category-routing] group 'lounge-channel' 全部 webhook URL 都是 placeholder (1 個)，跳過 broadcast
[2026-05-15T09:42:19.444391Z] [notify] [tavern] sent 2/2 (main=2 | quest=0 | category=0 groups=5)
[2026-05-15T09:42:39.041336Z] [notify] [tavern] sent 1/1 (main=1 | quest=0 | category=0 groups=5)
[2026-05-15T09:47:39.098490Z] [notify] [tavern] sent 1/1 (main=1 | quest=0 | category=0 groups=5)
[2026-05-15T09:47:48.847661Z] [notify] [tavern] sent 1/1 (main=1 | quest=0 | category=0 groups=5)
[2026-05-15T09:48:01.257953Z] [notify] [tavern] sent 1/1 (main=1 | quest=0 | category=0 groups=5)
[2026-05-15T09:48:31.839402Z] [notify] [tavern] sent 1/1 (main=1 | quest=0 | category=0 groups=5)
[2026-05-15T09:48:39.319048Z] [notify] [tavern] sent 1/1 (main=1 | quest=0 | category=0 groups=5)
[2026-05-15T09:49:34.710686Z] [notify] [tavern] sent 1/1 (main=1 | quest=0 | category=0 groups=5)
[2026-05-15T09:49:51.244656Z] [notify] [tavern] sent 1/1 (main=1 | quest=0 | category=0 groups=5)
[2026-05-15T09:50:11.309554Z] [notify] [tavern] sent 1/1 (main=1 | quest=0 | category=0 groups=5)
[2026-05-15T09:50:37.652604Z] [notify] [tavern] sent 1/1 (main=1 | quest=0 | category=0 groups=5)
[2026-05-15T10:13:23.842811Z] [notify] [category-routing] group 'lounge-channel' 全部 webhook URL 都是 placeholder (1 個)，跳過 broadcast
[2026-05-15T10:13:25.449439Z] [notify] [tavern] sent 1/1 (main=1 | quest=0 | category=0 groups=5)
[2026-05-15T10:44:25.481181Z] [notify] [category-routing] group 'lounge-channel' 全部 webhook URL 都是 placeholder (1 個)，跳過 broadcast
[2026-05-15T10:44:27.341584Z] [notify] [tavern] sent 1/1 (main=1 | quest=0 | category=0 groups=5)
[2026-05-15T11:15:24.742987Z] [notify] [category-routing] group 'lounge-channel' 全部 webhook URL 都是 placeholder (1 個)，跳過 broadcast
[2026-05-15T11:15:26.270158Z] [notify] [tavern] sent 1/1 (main=1 | quest=0 | category=0 groups=5)
[2026-05-15T11:46:24.916161Z] [notify] [category-routing] group 'lounge-channel' 全部 webhook URL 都是 placeholder (1 個)，跳過 broadcast
[2026-05-15T11:46:26.580114Z] [notify] [tavern] sent 1/1 (main=1 | quest=0 | category=0 groups=5)
[2026-05-15T12:17:31.910728Z] [notify] [category-routing] group 'lounge-channel' 全部 webhook URL 都是 placeholder (1 個)，跳過 broadcast
[2026-05-15T12:17:33.757790Z] [notify] [tavern] sent 1/1 (main=1 | quest=0 | category=0 groups=5)
[2026-05-15T12:24:42.392395Z] [notify] [tavern] sent 1/1 (main=1 | quest=0 | category=0 groups=5)
[2026-05-15T12:24:52.731003Z] [notify] [tavern] sent 1/1 (main=1 | quest=0 | category=0 groups=5)
[2026-05-15T12:25:01.372266Z] [notify] [tavern] sent 1/1 (main=1 | quest=0 | category=0 groups=5)
[2026-05-15T12:25:04.512940Z] [notify] [tavern] sent 1/1 (main=1 | quest=0 | category=0 groups=5)
[2026-05-15T12:26:06.907403Z] [notify] [tavern] sent 1/1 (main=1 | quest=0 | category=0 groups=5)
[2026-05-15T12:26:28.622357Z] [notify] [tavern] sent 1/1 (main=1 | quest=0 | category=0 groups=5)
[2026-05-15T12:38:59.528026Z] [notify] [tavern] sent 1/1 (main=1 | quest=0 | category=0 groups=5)
[2026-05-15T12:39:41.836389Z] [notify] [category-routing] group 'lounge-channel' 全部 webhook URL 都是 placeholder (1 個)，跳過 broadcast
[2026-05-15T12:39:43.792857Z] [notify] [tavern] sent 1/1 (main=1 | quest=0 | category=0 groups=5)
[2026-05-15T12:39:56.294805Z] [notify] [category-routing] group 'lounge-channel' 全部 webhook URL 都是 placeholder (1 個)，跳過 broadcast
[2026-05-15T12:39:57.894269Z] [notify] [tavern] sent 1/1 (main=1 | quest=0 | category=0 groups=5)
[2026-05-15T12:44:56.470325Z] [notify] [category-routing] group 'lounge-channel' 全部 webhook URL 都是 placeholder (1 個)，跳過 broadcast
[2026-05-15T12:45:01.067560Z] [notify] [tavern] sent 1/1 (main=1 | quest=0 | category=0 groups=5)
[2026-05-15T12:50:03.341450Z] [notify] [tavern] sent 1/1 (main=1 | quest=0 | category=0 groups=5)
[2026-05-15T12:50:09.185965Z] [notify] [tavern] sent 2/2 (main=2 | quest=0 | category=0 groups=5)
[2026-05-15T12:50:10.410995Z] [notify] [tavern] sent 1/1 (main=1 | quest=0 | category=0 groups=5)
[2026-05-15T12:50:22.860284Z] [notify] [tavern] sent 1/1 (main=1 | quest=0 | category=0 groups=5)
[2026-05-15T12:50:28.671872Z] [notify] [tavern] sent 1/1 (main=1 | quest=0 | category=0 groups=5)
[2026-05-15T12:50:31.713490Z] [notify] [tavern] sent 1/1 (main=1 | quest=0 | category=0 groups=5)
[2026-05-15T12:50:34.821590Z] [notify] [tavern] sent 1/1 (main=1 | quest=0 | category=0 groups=5)
[2026-05-15T12:50:35.323579Z] [notify] [tavern] sent 1/1 (main=1 | quest=0 | category=0 groups=5)
[2026-05-15T12:50:40.527259Z] [notify] [tavern] sent 1/1 (main=1 | quest=0 | category=0 groups=5)
[2026-05-15T12:53:43.285003Z] [notify] [tavern] sent 1/1 (main=1 | quest=0 | category=0 groups=5)
[2026-05-15T12:53:48.640926Z] [notify] [tavern] sent 1/1 (main=1 | quest=0 | category=0 groups=5)
[2026-05-15T13:00:28.451914Z] [notify] [tavern] sent 1/1 (main=1 | quest=0 | category=0 groups=5)
[2026-05-15T13:00:35.940876Z] [notify] [tavern] sent 1/1 (main=1 | quest=0 | category=0 groups=5)
[2026-05-15T13:00:38.370605Z] [notify] [tavern] sent 1/1 (main=1 | quest=0 | category=0 groups=5)
[2026-05-15T13:01:08.239835Z] [notify] [tavern] sent 1/1 (main=1 | quest=0 | category=0 groups=5)
[2026-05-15T13:36:10.557049Z] [notify] [tavern] sent 1/1 (main=1 | quest=0 | category=0 groups=5)
[2026-05-15T13:36:23.158769Z] [notify] [tavern] sent 1/1 (main=1 | quest=0 | category=0 groups=5)
[2026-05-15T14:00:57.397804Z] [notify] [tavern] sent 1/1 (main=1 | quest=0 | category=0 groups=5)
[2026-05-15T14:01:05.553784Z] [notify] [tavern] sent 1/1 (main=1 | quest=0 | category=0 groups=5)
[2026-05-15T14:01:54.413273Z] [notify] [tavern] sent 1/1 (main=1 | quest=0 | category=0 groups=5)
[2026-05-15T14:03:00.951511Z] [notify] [tavern] sent 1/1 (main=1 | quest=0 | category=0 groups=5)
[2026-05-15T14:13:06.002627Z] [notify] [tavern] sent 1/1 (main=1 | quest=0 | category=0 groups=5)
[2026-05-15T14:14:29.056345Z] [notify] [tavern] sent 1/1 (main=1 | quest=0 | category=0 groups=5)
[2026-05-15T14:18:29.188969Z] [notify] [tavern] sent 1/1 (main=1 | quest=0 | category=0 groups=5)
[2026-05-15T14:20:40.515946Z] [notify] [tavern] sent 1/1 (main=1 | quest=0 | category=0 groups=5)
[2026-05-15T14:26:34.440299Z] [notify] [tavern] sent 1/1 (main=1 | quest=0 | category=0 groups=5)
[2026-05-15T14:28:27.740132Z] [notify] [tavern] sent 1/1 (main=1 | quest=0 | category=0 groups=5)
[2026-05-15T14:28:34.522153Z] [notify] [tavern] sent 1/1 (main=1 | quest=0 | category=0 groups=5)
[2026-05-15T14:28:38.181467Z] [notify] [tavern] sent 1/1 (main=1 | quest=0 | category=0 groups=5)
[2026-05-15T14:28:54.375992Z] [notify] [tavern] sent 1/1 (main=1 | quest=0 | category=0 groups=5)
[2026-05-15T14:31:16.187506Z] [notify] [tavern] sent 1/1 (main=1 | quest=0 | category=0 groups=5)
[2026-05-15T14:31:51.356181Z] [notify] [tavern] sent 1/1 (main=1 | quest=0 | category=0 groups=5)
[2026-05-15T14:32:59.201227Z] [notify] [tavern] sent 1/1 (main=0 | quest=0 | category=1 groups=5)
[2026-05-15T14:33:12.820781Z] [notify] [tavern] sent 1/1 (main=0 | quest=0 | category=1 groups=5)
[2026-05-15T14:33:44.862669Z] [notify] [tavern] sent 1/1 (main=0 | quest=0 | category=1 groups=5)
[2026-05-15T14:33:54.683908Z] [notify] [tavern] sent 1/1 (main=0 | quest=0 | category=1 groups=5)
[2026-05-15T14:34:13.163608Z] [notify] [tavern] sent 1/1 (main=0 | quest=0 | category=1 groups=5)
[2026-05-15T14:34:22.416350Z] [notify] [tavern] sent 1/1 (main=0 | quest=0 | category=1 groups=5)
[2026-05-15T14:34:33.142944Z] [notify] [tavern] sent 1/1 (main=0 | quest=0 | category=1 groups=5)
[2026-05-15T14:35:02.711499Z] [notify] [tavern] sent 1/1 (main=0 | quest=0 | category=1 groups=5)
[2026-05-15T14:35:05.823088Z] [notify] [tavern] sent 1/1 (main=0 | quest=0 | category=1 groups=5)
[2026-05-15T14:35:27.939135Z] [notify] [tavern] sent 1/1 (main=0 | quest=0 | category=1 groups=5)
[2026-05-15T14:35:32.822334Z] [notify] [tavern] sent 1/1 (main=0 | quest=0 | category=1 groups=5)
[2026-05-15T14:35:58.919877Z] [notify] [tavern] sent 1/1 (main=0 | quest=0 | category=1 groups=5)
[2026-05-15T14:36:06.085184Z] [notify] [tavern] sent 1/1 (main=0 | quest=0 | category=1 groups=5)
[2026-05-15T14:36:23.338625Z] [notify] [tavern] sent 1/1 (main=0 | quest=0 | category=1 groups=5)
[2026-05-15T14:36:28.579787Z] [notify] [tavern] sent 1/1 (main=0 | quest=0 | category=1 groups=5)
[2026-05-15T14:36:39.870619Z] [notify] [tavern] sent 1/1 (main=0 | quest=0 | category=1 groups=5)
[2026-05-15T14:37:12.740578Z] [notify] [tavern] sent 1/1 (main=1 | quest=0 | category=0 groups=5)
[2026-05-15T14:37:37.183660Z] [notify] [tavern] sent 1/1 (main=0 | quest=0 | category=1 groups=5)
[2026-05-15T14:37:41.486057Z] [notify] [tavern] sent 1/1 (main=0 | quest=0 | category=1 groups=5)
[2026-05-15T14:38:38.761015Z] [notify] [tavern] sent 1/1 (main=1 | quest=0 | category=0 groups=5)
[2026-05-15T14:38:52.089011Z] [notify] [tavern] sent 1/1 (main=1 | quest=0 | category=0 groups=5)
[2026-05-15T14:38:54.658817Z] [notify] [tavern] sent 1/1 (main=0 | quest=0 | category=1 groups=5)
[2026-05-15T14:38:57.864091Z] [notify] [tavern] sent 1/1 (main=0 | quest=0 | category=1 groups=5)
[2026-05-15T14:39:20.726793Z] [notify] all tavern send fail (consecutive=1/5)
[2026-05-15T14:39:48.720319Z] [notify] [tavern] sent 2/2 (main=0 | quest=0 | category=2 groups=5)
[2026-05-15T14:42:03.564507Z] [notify] [tavern] sent 1/1 (main=0 | quest=0 | category=1 groups=5)
[2026-05-15T14:42:35.221261Z] [notify] [tavern] sent 2/2 (main=0 | quest=0 | category=2 groups=5)
[2026-05-15T14:42:40.570223Z] [notify] all tavern send fail (consecutive=1/5)
[2026-05-15T14:42:55.037550Z] [notify] [tavern] sent 3/3 (main=1 | quest=0 | category=2 groups=5)
[2026-05-15T14:42:58.267417Z] [notify] [tavern] sent 2/2 (main=0 | quest=0 | category=2 groups=5)
[2026-05-15T14:42:58.446987Z] [notify] [tavern] sent 3/3 (main=1 | quest=0 | category=2 groups=5)
[2026-05-15T14:43:07.744914Z] [notify] [tavern] sent 4/4 (main=1 | quest=0 | category=3 groups=5)
[2026-05-15T14:43:16.655463Z] [notify] [tavern] sent 2/2 (main=0 | quest=0 | category=2 groups=5)
[2026-05-15T14:43:22.123756Z] [notify] [tavern] sent 2/2 (main=1 | quest=0 | category=1 groups=5)
[2026-05-15T14:43:24.153901Z] [notify] [tavern] sent 3/3 (main=1 | quest=0 | category=2 groups=5)
[2026-05-15T14:43:31.549479Z] [notify] [tavern] sent 1/1 (main=0 | quest=0 | category=1 groups=5)
[2026-05-15T14:43:42.497876Z] [notify] [tavern] sent 1/1 (main=0 | quest=0 | category=1 groups=5)
[2026-05-15T14:44:07.404286Z] [notify] [tavern] sent 1/1 (main=0 | quest=0 | category=1 groups=5)
[2026-05-15T14:44:12.469473Z] [notify] [tavern] sent 1/1 (main=0 | quest=0 | category=1 groups=5)
[2026-05-15T14:44:22.415046Z] [notify] [tavern] sent 1/1 (main=1 | quest=0 | category=0 groups=5)
[2026-05-15T14:44:31.043251Z] [notify] [tavern] sent 1/1 (main=0 | quest=0 | category=1 groups=5)
[2026-05-15T14:44:33.661984Z] [notify] [tavern] sent 1/1 (main=0 | quest=0 | category=1 groups=5)
[2026-05-15T14:44:37.991463Z] [notify] [tavern] sent 1/1 (main=0 | quest=0 | category=1 groups=5)
[2026-05-15T14:44:43.167561Z] [notify] [tavern] sent 1/1 (main=0 | quest=0 | category=1 groups=5)
[2026-05-15T14:45:00.524499Z] [notify] [tavern] sent 1/1 (main=0 | quest=0 | category=1 groups=5)
[2026-05-15T14:45:29.165076Z] [notify] [tavern] sent 1/1 (main=0 | quest=0 | category=1 groups=5)
[2026-05-15T14:45:34.474097Z] [notify] [tavern] sent 1/1 (main=0 | quest=0 | category=1 groups=5)
[2026-05-15T14:46:18.568755Z] [notify] [tavern] sent 1/1 (main=0 | quest=0 | category=1 groups=5)
[2026-05-15T14:46:24.555980Z] [notify] [tavern] sent 1/1 (main=0 | quest=0 | category=1 groups=5)
[2026-05-15T14:46:37.581180Z] [notify] [tavern] sent 1/1 (main=0 | quest=0 | category=1 groups=5)
[2026-05-15T14:46:43.746704Z] [notify] [tavern] sent 1/1 (main=0 | quest=0 | category=1 groups=5)
[2026-05-15T14:46:57.500923Z] [notify] [tavern] sent 1/1 (main=0 | quest=0 | category=1 groups=5)
[2026-05-15T14:46:59.178044Z] [notify] [tavern] sent 1/1 (main=0 | quest=0 | category=1 groups=5)
[2026-05-15T14:47:10.193753Z] [notify] [tavern] sent 1/1 (main=0 | quest=0 | category=1 groups=5)
[2026-05-15T14:47:19.519110Z] [notify] [tavern] sent 1/1 (main=0 | quest=0 | category=1 groups=5)
[2026-05-15T14:47:47.451364Z] [notify] [tavern] sent 1/1 (main=0 | quest=0 | category=1 groups=5)
[2026-05-15T14:47:53.270737Z] [notify] [tavern] sent 1/1 (main=0 | quest=0 | category=1 groups=5)
[2026-05-15T14:48:18.123961Z] [notify] [tavern] sent 1/1 (main=0 | quest=0 | category=1 groups=5)
[2026-05-15T14:48:22.896568Z] [notify] [tavern] sent 1/1 (main=0 | quest=0 | category=1 groups=5)
[2026-05-15T14:48:27.382225Z] [notify] [tavern] sent 1/1 (main=0 | quest=0 | category=1 groups=5)
[2026-05-15T14:48:41.064330Z] [notify] [tavern] sent 1/1 (main=0 | quest=0 | category=1 groups=5)
[2026-05-15T14:48:55.175095Z] [notify] [tavern] sent 1/1 (main=0 | quest=0 | category=1 groups=5)
[2026-05-15T14:49:17.794398Z] [notify] [tavern] sent 1/1 (main=0 | quest=0 | category=1 groups=5)
[2026-05-15T14:49:18.857052Z] [notify] [tavern] sent 2/2 (main=0 | quest=0 | category=2 groups=5)
[2026-05-15T14:49:32.696312Z] [notify] [tavern] sent 1/1 (main=0 | quest=0 | category=1 groups=5)
[2026-05-15T14:49:56.082148Z] [notify] [tavern] sent 1/1 (main=0 | quest=0 | category=1 groups=5)
[2026-05-15T14:50:03.612285Z] [notify] [tavern] sent 1/1 (main=0 | quest=0 | category=1 groups=5)
[2026-05-15T14:50:16.406115Z] [notify] [tavern] sent 1/1 (main=0 | quest=0 | category=1 groups=5)
[2026-05-15T14:50:51.551793Z] [notify] [tavern] sent 1/1 (main=0 | quest=0 | category=1 groups=5)
[2026-05-15T14:50:52.446293Z] [notify] [tavern] sent 2/2 (main=0 | quest=0 | category=2 groups=5)
[2026-05-15T14:50:55.756686Z] [notify] [tavern] sent 1/1 (main=0 | quest=0 | category=1 groups=5)
[2026-05-15T14:51:02.564119Z] [notify] [tavern] sent 1/1 (main=0 | quest=0 | category=1 groups=5)
[2026-05-15T14:51:23.912503Z] [notify] [tavern] sent 1/1 (main=0 | quest=0 | category=1 groups=5)
[2026-05-15T14:51:55.030445Z] [notify] [tavern] sent 1/1 (main=0 | quest=0 | category=1 groups=5)
[2026-05-15T14:51:57.306336Z] [notify] [tavern] sent 1/1 (main=0 | quest=0 | category=1 groups=5)
[2026-05-15T14:52:04.812799Z] [notify] [tavern] sent 1/1 (main=0 | quest=0 | category=1 groups=5)
[2026-05-15T14:52:18.309861Z] [notify] [tavern] sent 1/1 (main=0 | quest=0 | category=1 groups=5)
[2026-05-15T14:52:21.951161Z] [notify] [tavern] sent 1/1 (main=0 | quest=0 | category=1 groups=5)
[2026-05-15T14:52:28.731292Z] [notify] [tavern] sent 1/1 (main=0 | quest=0 | category=1 groups=5)
[2026-05-15T14:52:39.691426Z] [notify] [tavern] sent 1/1 (main=0 | quest=0 | category=1 groups=5)
[2026-05-15T14:52:42.502183Z] [notify] [tavern] sent 1/1 (main=0 | quest=0 | category=1 groups=5)
[2026-05-15T14:53:04.498695Z] [notify] [tavern] sent 1/1 (main=0 | quest=0 | category=1 groups=5)
[2026-05-15T14:53:16.408612Z] [notify] [tavern] sent 1/1 (main=0 | quest=0 | category=1 groups=5)
[2026-05-15T14:53:19.292902Z] [notify] [tavern] sent 1/1 (main=0 | quest=0 | category=1 groups=5)
[2026-05-15T14:54:13.548464Z] [notify] [tavern] sent 1/1 (main=0 | quest=0 | category=1 groups=5)
[2026-05-15T14:54:42.696288Z] [notify] [tavern] sent 1/1 (main=0 | quest=0 | category=1 groups=5)
[2026-05-15T14:54:46.469381Z] [notify] [tavern] sent 1/1 (main=0 | quest=0 | category=1 groups=5)
[2026-05-15T14:55:01.372019Z] [notify] [tavern] sent 1/1 (main=0 | quest=0 | category=1 groups=5)
[2026-05-15T14:55:05.452769Z] [notify] [tavern] sent 1/1 (main=0 | quest=0 | category=1 groups=5)
[2026-05-15T14:55:11.064399Z] [notify] [tavern] sent 1/1 (main=0 | quest=0 | category=1 groups=5)
[2026-05-15T14:55:21.670206Z] [notify] [tavern] sent 1/1 (main=0 | quest=0 | category=1 groups=5)
[2026-05-15T14:55:49.448174Z] [notify] [tavern] sent 1/1 (main=0 | quest=0 | category=1 groups=5)
[2026-05-15T14:55:56.117584Z] [notify] [tavern] sent 1/1 (main=0 | quest=0 | category=1 groups=5)
[2026-05-15T14:56:26.823554Z] [notify] [tavern] sent 1/1 (main=0 | quest=0 | category=1 groups=5)
[2026-05-15T14:58:16.719889Z] [notify] all tavern send fail (consecutive=1/5)
[2026-05-15T14:58:56.905382Z] [notify] [tavern] sent 2/2 (main=0 | quest=0 | category=2 groups=5)
[2026-05-15T14:59:01.357706Z] [notify] [tavern] sent 1/1 (main=0 | quest=0 | category=1 groups=5)
[2026-05-15T14:59:05.743433Z] [notify] [tavern] sent 1/1 (main=0 | quest=0 | category=1 groups=5)
[2026-05-15T14:59:16.864660Z] [notify] [tavern] sent 1/1 (main=0 | quest=0 | category=1 groups=5)
[2026-05-15T15:00:03.468186Z] [notify] [tavern] sent 1/1 (main=0 | quest=0 | category=1 groups=5)
[2026-05-15T15:00:11.784565Z] [notify] [tavern] sent 1/1 (main=0 | quest=0 | category=1 groups=5)
[2026-05-15T15:05:54.988239Z] [notify] [tavern] sent 1/1 (main=1 | quest=0 | category=0 groups=5)
[2026-05-15T15:08:18.800309Z] [notify] [tavern] sent 3/3 (main=2 | quest=0 | category=1 groups=5)
[2026-05-15T15:08:25.662461Z] [notify] [tavern] sent 2/2 (main=2 | quest=0 | category=0 groups=5)
[2026-05-15T15:08:32.092747Z] [notify] [tavern] sent 2/2 (main=1 | quest=0 | category=1 groups=5)
[2026-05-15T15:08:43.507227Z] [notify] [tavern] sent 1/1 (main=0 | quest=0 | category=1 groups=5)
[2026-05-15T15:08:58.872859Z] [notify] [tavern] sent 1/1 (main=0 | quest=0 | category=1 groups=5)
[2026-05-15T15:09:25.606195Z] [notify] [tavern] sent 1/1 (main=0 | quest=0 | category=1 groups=5)
[2026-05-15T15:09:34.752977Z] [notify] [tavern] sent 1/1 (main=0 | quest=0 | category=1 groups=5)
[2026-05-15T15:09:57.628271Z] [notify] [tavern] sent 1/1 (main=0 | quest=0 | category=1 groups=5)
[2026-05-15T15:10:11.222410Z] [notify] [tavern] sent 2/2 (main=1 | quest=0 | category=1 groups=5)
[2026-05-15T15:10:20.295121Z] [notify] [tavern] sent 1/1 (main=0 | quest=0 | category=1 groups=5)
[2026-05-15T15:10:25.858169Z] [notify] [tavern] sent 1/1 (main=0 | quest=0 | category=1 groups=5)
[2026-05-15T15:10:33.115634Z] [notify] [tavern] sent 1/1 (main=0 | quest=0 | category=1 groups=5)
[2026-05-15T15:11:07.110786Z] [notify] [tavern] sent 1/1 (main=0 | quest=0 | category=1 groups=5)
[2026-05-15T15:11:36.920289Z] [notify] [tavern] sent 1/1 (main=0 | quest=0 | category=1 groups=5)
[2026-05-15T15:11:47.294349Z] [notify] [tavern] sent 1/1 (main=0 | quest=0 | category=1 groups=5)
[2026-05-15T15:11:59.963126Z] [notify] [tavern] sent 1/1 (main=0 | quest=0 | category=1 groups=5)
[2026-05-15T15:12:06.606152Z] [notify] [tavern] sent 1/1 (main=0 | quest=0 | category=1 groups=5)
[2026-05-15T15:12:24.376471Z] [notify] [tavern] sent 1/1 (main=0 | quest=0 | category=1 groups=5)
[2026-05-15T15:12:30.931224Z] [notify] [tavern] sent 1/1 (main=0 | quest=0 | category=1 groups=5)
[2026-05-15T15:12:55.366704Z] [notify] [tavern] sent 1/1 (main=0 | quest=0 | category=1 groups=5)
[2026-05-15T15:13:02.634539Z] [notify] [tavern] sent 1/1 (main=0 | quest=0 | category=1 groups=5)
[2026-05-15T15:14:13.558755Z] [notify] [tavern] sent 1/1 (main=0 | quest=0 | category=1 groups=5)
[2026-05-15T15:14:33.356086Z] [notify] [tavern] sent 1/1 (main=0 | quest=0 | category=1 groups=5)
[2026-05-15T15:16:51.696629Z] [notify] [tavern] sent 1/1 (main=1 | quest=0 | category=0 groups=5)
[2026-05-15T15:16:57.906306Z] [notify] [tavern] sent 1/1 (main=1 | quest=0 | category=0 groups=5)
[2026-05-15T15:17:52.786587Z] [notify] [tavern] sent 1/1 (main=0 | quest=0 | category=1 groups=5)
[2026-05-15T15:18:25.219953Z] [notify] [tavern] sent 1/1 (main=1 | quest=0 | category=0 groups=5)
[2026-05-15T15:20:13.820708Z] [notify] [tavern] sent 1/1 (main=1 | quest=0 | category=0 groups=5)
[2026-05-15T15:21:28.553704Z] [notify] [tavern] sent 1/1 (main=1 | quest=0 | category=0 groups=5)
[2026-05-15T15:21:37.231189Z] [notify] [tavern] sent 1/1 (main=0 | quest=0 | category=1 groups=5)
[2026-05-15T15:22:17.296852Z] [notify] [tavern] sent 1/1 (main=1 | quest=0 | category=0 groups=5)
[2026-05-15T15:23:10.806411Z] [notify] [tavern] sent 1/1 (main=1 | quest=0 | category=0 groups=5)
[2026-05-15T15:24:42.369287Z] [notify] [tavern] sent 1/1 (main=1 | quest=0 | category=0 groups=5)
[2026-05-15T15:25:41.907896Z] [notify] [tavern] sent 1/1 (main=0 | quest=0 | category=1 groups=5)
[2026-05-15T15:33:22.725702Z] [notify] [tavern] sent 1/1 (main=1 | quest=0 | category=0 groups=5)
[2026-05-15T15:35:21.606988Z] [notify] [tavern] sent 1/1 (main=1 | quest=0 | category=0 groups=5)
[2026-05-15T15:35:29.382716Z] [notify] [tavern] sent 1/1 (main=1 | quest=0 | category=0 groups=5)
[2026-05-15T15:41:46.845911Z] [notify] [tavern] sent 1/1 (main=1 | quest=0 | category=0 groups=5)
[2026-05-15T15:44:50.339316Z] [notify] [tavern] sent 1/1 (main=1 | quest=0 | category=0 groups=5)
[2026-05-15T15:47:18.266708Z] [notify] [tavern] sent 1/1 (main=1 | quest=0 | category=0 groups=5)
[2026-05-16T01:50:50.963896Z] [notify] [tavern] sent 3/3 (main=3 | quest=0 | category=0 groups=5)
[2026-05-16T02:23:34.487359Z] [notify] [tavern] sent 1/1 (main=1 | quest=0 | category=0 groups=5)
[2026-05-16T02:28:57.666407Z] [notify] [tavern] sent 1/1 (main=1 | quest=0 | category=0 groups=5)
[2026-05-16T02:29:55.341296Z] [notify] [tavern] sent 1/1 (main=1 | quest=0 | category=0 groups=5)
[2026-05-16T02:31:23.151568Z] [notify] [tavern] sent 1/1 (main=1 | quest=0 | category=0 groups=5)
[2026-05-16T02:34:33.410070Z] [notify] [tavern] sent 1/1 (main=1 | quest=0 | category=0 groups=5)
[2026-05-16T02:35:07.964223Z] [notify] [tavern] sent 1/1 (main=1 | quest=0 | category=0 groups=5)
[2026-05-16T02:37:34.209528Z] [notify] [tavern] sent 1/1 (main=1 | quest=0 | category=0 groups=5)
[2026-05-16T02:39:17.336350Z] [notify] [tavern] sent 1/1 (main=1 | quest=0 | category=0 groups=5)
[2026-05-16T02:39:21.737906Z] [notify] [tavern] sent 1/1 (main=1 | quest=0 | category=0 groups=5)
[2026-05-16T02:39:42.066661Z] [notify] [tavern] sent 1/1 (main=1 | quest=0 | category=0 groups=5)
[2026-05-16T02:40:49.350420Z] [notify] [tavern] sent 1/1 (main=1 | quest=0 | category=0 groups=5)
[2026-05-16T02:41:27.953040Z] [notify] [tavern] sent 1/1 (main=1 | quest=0 | category=0 groups=5)
[2026-05-16T02:48:10.269768Z] [notify] [tavern] sent 1/1 (main=1 | quest=0 | category=0 groups=5)
[2026-05-16T02:51:04.671948Z] [notify] [tavern] sent 1/1 (main=1 | quest=0 | category=0 groups=5)
[2026-05-16T02:54:54.489360Z] [notify] [tavern] sent 1/1 (main=1 | quest=0 | category=0 groups=5)
[2026-05-16T02:57:45.587757Z] [notify] [tavern] sent 1/1 (main=1 | quest=0 | category=0 groups=5)
[2026-05-16T02:58:37.000253Z] [notify] [tavern] sent 1/1 (main=1 | quest=0 | category=0 groups=5)
[2026-05-16T02:59:49.402284Z] [notify] [tavern] sent 1/1 (main=1 | quest=0 | category=0 groups=5)
[2026-05-16T03:00:09.044867Z] [notify] [tavern] sent 1/1 (main=1 | quest=0 | category=0 groups=5)
[2026-05-16T03:01:30.269720Z] [notify] [tavern] sent 1/1 (main=1 | quest=0 | category=0 groups=5)
[2026-05-16T03:07:25.132848Z] [notify] [tavern] sent 1/1 (main=1 | quest=0 | category=0 groups=5)
[2026-05-16T03:11:58.770552Z] [notify] [tavern] sent 1/1 (main=1 | quest=0 | category=0 groups=5)
[2026-05-16T03:20:42.504043Z] [notify] [tavern] sent 1/1 (main=1 | quest=0 | category=0 groups=5)
[2026-05-16T03:26:49.281713Z] [notify] [tavern] sent 1/1 (main=1 | quest=0 | category=0 groups=5)
[2026-05-16T03:27:20.314665Z] [notify] [tavern] sent 1/1 (main=1 | quest=0 | category=0 groups=5)
[2026-05-16T03:34:07.027091Z] [notify] [tavern] sent 1/1 (main=1 | quest=0 | category=0 groups=5)
[2026-05-16T03:39:09.070001Z] [notify] [tavern] sent 1/1 (main=1 | quest=0 | category=0 groups=5)
[2026-05-16T03:41:56.182197Z] [notify] [tavern] sent 1/1 (main=1 | quest=0 | category=0 groups=5)
[2026-05-16T03:52:24.795333Z] [notify] [tavern] sent 1/1 (main=1 | quest=0 | category=0 groups=5)
[2026-05-16T03:59:36.765680Z] [notify] [tavern] sent 1/1 (main=1 | quest=0 | category=0 groups=5)
[2026-05-16T04:01:20.987860Z] [notify] [tavern] sent 1/1 (main=1 | quest=0 | category=0 groups=5)
[2026-05-16T04:01:24.645791Z] [notify] [tavern] sent 1/1 (main=1 | quest=0 | category=0 groups=5)
[2026-05-16T04:02:44.019919Z] [notify] [tavern] sent 1/1 (main=1 | quest=0 | category=0 groups=5)
[2026-05-16T04:04:44.587607Z] [notify] [tavern] sent 1/1 (main=1 | quest=0 | category=0 groups=5)
[2026-05-16T04:05:11.692641Z] [notify] [tavern] sent 1/1 (main=1 | quest=0 | category=0 groups=5)
[2026-05-16T04:06:17.413278Z] [notify] [tavern] sent 1/1 (main=1 | quest=0 | category=0 groups=5)
[2026-05-16T04:09:37.571200Z] [notify] [tavern] sent 1/1 (main=1 | quest=0 | category=0 groups=5)
[2026-05-16T04:09:49.726003Z] [notify] [tavern] sent 1/1 (main=1 | quest=0 | category=0 groups=5)
[2026-05-16T04:09:51.268476Z] [notify] [tavern] sent 1/1 (main=1 | quest=0 | category=0 groups=5)
[2026-05-16T04:18:00.218247Z] [notify] [tavern] sent 1/1 (main=1 | quest=0 | category=0 groups=5)
[2026-05-16T04:23:22.199205Z] [notify] [tavern] sent 1/1 (main=1 | quest=0 | category=0 groups=5)
[2026-05-16T06:34:56.050709Z] [notify] [tavern] sent 1/1 (main=1 | quest=0 | category=0 groups=5)
[2026-05-16T06:36:05.390834Z] [notify] [tavern] sent 1/1 (main=1 | quest=0 | category=0 groups=5)
[2026-05-16T06:37:25.832646Z] [notify] [tavern] sent 1/1 (main=1 | quest=0 | category=0 groups=5)
[2026-05-16T06:38:12.394723Z] [notify] [tavern] sent 1/1 (main=1 | quest=0 | category=0 groups=5)
[2026-05-16T06:43:32.052772Z] [notify] [tavern] sent 1/1 (main=1 | quest=0 | category=0 groups=5)
[2026-05-16T06:47:25.347796Z] [notify] [tavern] sent 1/1 (main=1 | quest=0 | category=0 groups=5)
[2026-05-16T06:52:51.941851Z] [notify] [tavern] sent 1/1 (main=1 | quest=0 | category=0 groups=5)
[2026-05-16T06:55:08.707721Z] [notify] [tavern] sent 1/1 (main=1 | quest=0 | category=0 groups=5)
[2026-05-16T06:55:35.006693Z] [notify] [tavern] sent 1/1 (main=1 | quest=0 | category=0 groups=5)
[2026-05-16T06:56:04.529969Z] [notify] [tavern] sent 1/1 (main=1 | quest=0 | category=0 groups=5)
[2026-05-16T06:56:25.479675Z] [notify] [tavern] sent 1/1 (main=1 | quest=0 | category=0 groups=5)
[2026-05-16T06:56:40.797132Z] [notify] [tavern] sent 1/1 (main=1 | quest=0 | category=0 groups=5)
[2026-05-16T06:59:02.293574Z] [notify] [tavern] sent 1/1 (main=1 | quest=0 | category=0 groups=5)
[2026-05-16T06:59:33.586227Z] [notify] [tavern] sent 1/1 (main=1 | quest=0 | category=0 groups=5)
[2026-05-16T06:59:52.965196Z] [notify] [tavern] sent 1/1 (main=1 | quest=0 | category=0 groups=5)
[2026-05-16T07:00:46.224042Z] [notify] [tavern] sent 1/1 (main=1 | quest=0 | category=0 groups=5)
[2026-05-16T07:46:42.673407Z] [notify] [tavern] sent 1/1 (main=1 | quest=0 | category=0 groups=5)
[2026-05-16T07:47:08.701874Z] [notify] [tavern] sent 1/1 (main=1 | quest=0 | category=0 groups=5)
[2026-05-16T07:50:13.320511Z] [notify] [tavern] sent 1/1 (main=1 | quest=0 | category=0 groups=5)
[2026-05-16T07:51:28.298297Z] [notify] [tavern] sent 1/1 (main=1 | quest=0 | category=0 groups=5)
[2026-05-16T07:51:39.173389Z] [notify] [tavern] sent 1/1 (main=1 | quest=0 | category=0 groups=5)
[2026-05-16T07:52:38.929598Z] [notify] [tavern] sent 1/1 (main=1 | quest=0 | category=0 groups=5)
[2026-05-16T07:53:02.310756Z] [notify] [tavern] sent 1/1 (main=1 | quest=0 | category=0 groups=5)
[2026-05-16T07:53:52.546296Z] [notify] [tavern] sent 1/1 (main=1 | quest=0 | category=0 groups=5)
[2026-05-16T07:55:27.130149Z] [notify] [tavern] sent 1/1 (main=1 | quest=0 | category=0 groups=5)
[2026-05-16T07:56:50.623711Z] [notify] [tavern] sent 1/1 (main=1 | quest=0 | category=0 groups=5)
[2026-05-16T08:07:13.011457Z] [notify] [tavern] sent 1/1 (main=1 | quest=0 | category=0 groups=5)
[2026-05-16T08:18:20.974737Z] [notify] [tavern] sent 1/1 (main=1 | quest=0 | category=0 groups=5)
[2026-05-16T08:18:38.694264Z] [notify] [tavern] sent 1/1 (main=1 | quest=0 | category=0 groups=5)
[2026-05-16T08:18:42.148084Z] [notify] [tavern] sent 1/1 (main=1 | quest=0 | category=0 groups=5)
[2026-05-16T08:18:46.429221Z] [notify] [tavern] sent 1/1 (main=1 | quest=0 | category=0 groups=5)
[2026-05-16T08:18:48.199250Z] [notify] [tavern] sent 1/1 (main=1 | quest=0 | category=0 groups=5)
[2026-05-16T08:19:42.686283Z] [notify] [tavern] sent 1/1 (main=1 | quest=0 | category=0 groups=5)
[2026-05-16T08:26:39.959464Z] [notify] [tavern] sent 1/1 (main=1 | quest=0 | category=0 groups=5)
[2026-05-16T08:27:17.668674Z] [notify] [tavern] sent 1/1 (main=1 | quest=0 | category=0 groups=5)
[2026-05-16T08:27:24.225272Z] [notify] [tavern] sent 1/1 (main=1 | quest=0 | category=0 groups=5)
[2026-05-16T08:27:32.017523Z] [notify] [tavern] sent 2/2 (main=2 | quest=0 | category=0 groups=5)
[2026-05-16T08:27:36.806793Z] [notify] [tavern] sent 2/2 (main=2 | quest=0 | category=0 groups=5)
[2026-05-16T08:27:39.432953Z] [notify] [tavern] sent 2/2 (main=2 | quest=0 | category=0 groups=5)
[2026-05-16T08:28:06.032698Z] [notify] [tavern] sent 1/1 (main=1 | quest=0 | category=0 groups=5)
[2026-05-16T08:28:10.841806Z] [notify] [tavern] sent 1/1 (main=1 | quest=0 | category=0 groups=5)
[2026-05-16T08:28:16.237976Z] [notify] [tavern] sent 1/1 (main=1 | quest=0 | category=0 groups=5)
[2026-05-16T08:28:44.997356Z] [notify] [tavern] sent 1/1 (main=1 | quest=0 | category=0 groups=5)
[2026-05-16T08:29:09.654227Z] [notify] [tavern] sent 1/1 (main=1 | quest=0 | category=0 groups=5)
[2026-05-16T08:29:24.534463Z] [notify] [tavern] sent 1/1 (main=1 | quest=0 | category=0 groups=5)
[2026-05-16T08:29:28.002154Z] [notify] [tavern] sent 1/1 (main=1 | quest=0 | category=0 groups=5)
[2026-05-16T08:29:33.670174Z] [notify] [tavern] sent 1/1 (main=1 | quest=0 | category=0 groups=5)
[2026-05-16T08:29:37.842219Z] [notify] [tavern] sent 1/1 (main=1 | quest=0 | category=0 groups=5)
[2026-05-16T08:29:44.111335Z] [notify] [tavern] sent 1/1 (main=1 | quest=0 | category=0 groups=5)
[2026-05-16T08:29:51.524019Z] [notify] [tavern] sent 1/1 (main=1 | quest=0 | category=0 groups=5)
[2026-05-16T08:30:06.518626Z] [notify] [tavern] sent 1/1 (main=1 | quest=0 | category=0 groups=5)
[2026-05-16T08:30:13.755432Z] [notify] [tavern] sent 1/1 (main=1 | quest=0 | category=0 groups=5)
[2026-05-16T08:30:37.803524Z] [notify] [tavern] sent 1/1 (main=1 | quest=0 | category=0 groups=5)
[2026-05-16T08:31:05.909471Z] [notify] [tavern] sent 1/1 (main=1 | quest=0 | category=0 groups=5)
[2026-05-16T08:31:41.984192Z] [notify] [tavern] sent 1/1 (main=1 | quest=0 | category=0 groups=5)
[2026-05-16T08:31:52.346306Z] [notify] [tavern] sent 1/1 (main=1 | quest=0 | category=0 groups=5)
[2026-05-16T08:32:24.368057Z] [notify] [tavern] sent 1/1 (main=1 | quest=0 | category=0 groups=5)
[2026-05-16T08:32:43.560566Z] [notify] [tavern] sent 1/1 (main=1 | quest=0 | category=0 groups=5)
[2026-05-16T08:34:04.164640Z] [notify] [tavern] sent 1/1 (main=1 | quest=0 | category=0 groups=5)
[2026-05-16T08:34:15.858587Z] [notify] [tavern] sent 1/1 (main=1 | quest=0 | category=0 groups=5)
[2026-05-16T08:36:22.772102Z] [notify] [tavern] sent 1/1 (main=1 | quest=0 | category=0 groups=5)
[2026-05-16T08:36:28.526763Z] [notify] [tavern] sent 2/2 (main=2 | quest=0 | category=0 groups=5)
[2026-05-16T08:36:39.088687Z] [notify] [tavern] sent 1/1 (main=1 | quest=0 | category=0 groups=5)
[2026-05-16T08:36:47.116819Z] [notify] [tavern] sent 1/1 (main=1 | quest=0 | category=0 groups=5)
[2026-05-16T08:36:53.892376Z] [notify] [tavern] sent 1/1 (main=1 | quest=0 | category=0 groups=5)
[2026-05-16T08:36:55.302900Z] [notify] [tavern] sent 1/1 (main=1 | quest=0 | category=0 groups=5)
[2026-05-16T08:37:11.319238Z] [notify] [tavern] sent 1/1 (main=1 | quest=0 | category=0 groups=5)
[2026-05-16T08:37:36.352132Z] [notify] [tavern] sent 1/1 (main=1 | quest=0 | category=0 groups=5)
[2026-05-16T08:37:43.214666Z] [notify] [tavern] sent 1/1 (main=1 | quest=0 | category=0 groups=5)
[2026-05-16T08:38:08.352678Z] [notify] [tavern] sent 1/1 (main=1 | quest=0 | category=0 groups=5)
[2026-05-16T08:38:19.733025Z] [notify] [tavern] sent 1/1 (main=1 | quest=0 | category=0 groups=5)
[2026-05-16T08:38:27.226790Z] [notify] [tavern] sent 1/1 (main=1 | quest=0 | category=0 groups=5)
[2026-05-16T08:38:31.735744Z] [notify] [tavern] sent 1/1 (main=1 | quest=0 | category=0 groups=5)
[2026-05-16T08:38:35.453927Z] [notify] [tavern] sent 1/1 (main=1 | quest=0 | category=0 groups=5)
[2026-05-16T08:38:41.555030Z] [notify] [tavern] sent 1/1 (main=1 | quest=0 | category=0 groups=5)
[2026-05-16T08:38:43.705482Z] [notify] [tavern] sent 1/1 (main=1 | quest=0 | category=0 groups=5)
[2026-05-16T08:39:06.465683Z] [notify] [tavern] sent 1/1 (main=1 | quest=0 | category=0 groups=5)
[2026-05-16T08:39:12.983074Z] [notify] [tavern] sent 2/2 (main=2 | quest=0 | category=0 groups=5)
[2026-05-16T08:39:15.068760Z] [notify] [tavern] sent 2/2 (main=2 | quest=0 | category=0 groups=5)
[2026-05-16T08:39:33.933202Z] [notify] [tavern] sent 1/1 (main=1 | quest=0 | category=0 groups=5)
[2026-05-16T08:39:59.475427Z] [notify] [tavern] sent 1/1 (main=1 | quest=0 | category=0 groups=5)
[2026-05-16T08:40:21.241092Z] [notify] [tavern] sent 1/1 (main=1 | quest=0 | category=0 groups=5)
[2026-05-16T08:41:32.588041Z] [notify] [tavern] sent 1/1 (main=1 | quest=0 | category=0 groups=5)
[2026-05-16T08:41:48.688444Z] [notify] [tavern] sent 1/1 (main=1 | quest=0 | category=0 groups=5)
[2026-05-16T08:42:07.903886Z] [notify] [tavern] sent 1/1 (main=1 | quest=0 | category=0 groups=5)
[2026-05-16T08:42:36.113298Z] [notify] [tavern] sent 1/1 (main=1 | quest=0 | category=0 groups=5)
[2026-05-16T08:42:40.737194Z] [notify] [tavern] sent 1/1 (main=1 | quest=0 | category=0 groups=5)
[2026-05-16T08:42:57.315452Z] [notify] [tavern] sent 1/1 (main=1 | quest=0 | category=0 groups=5)
[2026-05-16T08:45:42.421499Z] [notify] [tavern] sent 1/1 (main=1 | quest=0 | category=0 groups=5)
[2026-05-16T08:47:23.736338Z] [notify] [tavern] sent 1/1 (main=1 | quest=0 | category=0 groups=5)
[2026-05-16T08:47:27.838618Z] [notify] [tavern] sent 1/1 (main=1 | quest=0 | category=0 groups=5)
[2026-05-16T08:51:03.029031Z] [notify] [tavern] sent 1/1 (main=1 | quest=0 | category=0 groups=5)
[2026-05-16T08:51:45.623171Z] [notify] [tavern] sent 1/1 (main=1 | quest=0 | category=0 groups=5)
[2026-05-16T08:52:23.891620Z] [notify] [tavern] sent 1/1 (main=1 | quest=0 | category=0 groups=5)
[2026-05-16T08:52:27.046894Z] [notify] [tavern] sent 1/1 (main=1 | quest=0 | category=0 groups=5)
[2026-05-16T08:52:45.696713Z] [notify] [tavern] sent 1/1 (main=1 | quest=0 | category=0 groups=5)
[2026-05-16T08:53:09.105284Z] [notify] [tavern] sent 1/1 (main=1 | quest=0 | category=0 groups=5)
[2026-05-16T08:56:22.308503Z] [notify] [tavern] sent 1/1 (main=1 | quest=0 | category=0 groups=5)
[2026-05-16T08:59:50.500609Z] [notify] [tavern] sent 1/1 (main=1 | quest=0 | category=0 groups=5)
[2026-05-16T09:00:09.411345Z] [notify] [tavern] sent 1/1 (main=1 | quest=0 | category=0 groups=5)
[2026-05-16T09:12:55.064999Z] [notify] [tavern] sent 1/1 (main=1 | quest=0 | category=0 groups=5)
[2026-05-16T09:14:52.293367Z] [notify] [tavern] sent 1/1 (main=1 | quest=0 | category=0 groups=5)
[2026-05-16T09:17:08.382172Z] [notify] [tavern] sent 1/1 (main=1 | quest=0 | category=0 groups=5)
[2026-05-16T09:17:28.223662Z] [notify] [tavern] sent 1/1 (main=1 | quest=0 | category=0 groups=5)
[2026-05-16T09:18:11.427513Z] [notify] [tavern] sent 1/1 (main=0 | quest=0 | category=1 groups=5)
[2026-05-16T09:18:42.602752Z] [notify] [tavern] sent 1/1 (main=0 | quest=0 | category=1 groups=5)
[2026-05-16T09:19:00.998454Z] [notify] [tavern] sent 1/1 (main=0 | quest=0 | category=1 groups=5)
[2026-05-16T09:19:17.201958Z] [notify] [tavern] sent 1/1 (main=0 | quest=0 | category=1 groups=5)
[2026-05-16T09:24:17.234957Z] [notify] [tavern] sent 1/1 (main=1 | quest=0 | category=0 groups=5)
[2026-05-16T09:28:13.228538Z] [notify] [tavern] sent 1/1 (main=1 | quest=0 | category=0 groups=5)
[2026-05-16T09:28:18.114423Z] [notify] [tavern] sent 1/1 (main=1 | quest=0 | category=0 groups=5)
[2026-05-16T09:29:12.784588Z] [notify] [tavern] sent 1/1 (main=1 | quest=0 | category=0 groups=5)
[2026-05-16T09:37:22.578575Z] [notify] [tavern] sent 1/1 (main=1 | quest=0 | category=0 groups=5)
[2026-05-16T09:42:17.779995Z] [notify] [tavern] sent 1/1 (main=1 | quest=0 | category=0 groups=5)
[2026-05-16T09:47:21.279030Z] [notify] [tavern] sent 1/1 (main=1 | quest=0 | category=0 groups=5)
[2026-05-16T10:02:58.640417Z] [notify] [tavern] sent 1/1 (main=1 | quest=0 | category=0 groups=5)
[2026-05-16T10:04:06.913087Z] [notify] [tavern] sent 1/1 (main=1 | quest=0 | category=0 groups=5)
[2026-05-16T10:06:10.304027Z] [notify] [tavern] sent 1/1 (main=1 | quest=0 | category=0 groups=5)
[2026-05-16T10:06:28.498762Z] [notify] [tavern] sent 1/1 (main=1 | quest=0 | category=0 groups=5)
[2026-05-16T10:06:40.752190Z] [notify] [tavern] sent 1/1 (main=1 | quest=0 | category=0 groups=5)
[2026-05-16T10:06:44.209599Z] [notify] [tavern] sent 1/1 (main=1 | quest=0 | category=0 groups=5)
[2026-05-16T10:07:18.372836Z] [notify] [tavern] sent 1/1 (main=1 | quest=0 | category=0 groups=5)
[2026-05-16T10:07:22.091419Z] [notify] [tavern] sent 1/1 (main=1 | quest=0 | category=0 groups=5)
[2026-05-16T10:07:49.888809Z] [notify] [tavern] sent 1/1 (main=1 | quest=0 | category=0 groups=5)
[2026-05-16T10:08:06.811081Z] [notify] [tavern] sent 1/1 (main=1 | quest=0 | category=0 groups=5)
[2026-05-16T10:08:12.628509Z] [notify] [tavern] sent 1/1 (main=1 | quest=0 | category=0 groups=5)
[2026-05-16T10:08:16.883020Z] [notify] [tavern] sent 1/1 (main=1 | quest=0 | category=0 groups=5)
[2026-05-16T10:08:26.441795Z] [notify] [tavern] sent 1/1 (main=1 | quest=0 | category=0 groups=5)
[2026-05-16T10:08:30.427113Z] [notify] [tavern] sent 1/1 (main=1 | quest=0 | category=0 groups=5)
[2026-05-16T10:08:36.849064Z] [notify] [tavern] sent 1/1 (main=1 | quest=0 | category=0 groups=5)
[2026-05-16T10:08:47.942510Z] [notify] [tavern] sent 1/1 (main=1 | quest=0 | category=0 groups=5)
[2026-05-16T10:08:50.773355Z] [notify] [tavern] sent 1/1 (main=1 | quest=0 | category=0 groups=5)
[2026-05-16T10:08:54.055764Z] [notify] [tavern] sent 1/1 (main=1 | quest=0 | category=0 groups=5)
[2026-05-16T10:09:27.916963Z] [notify] [tavern] sent 1/1 (main=1 | quest=0 | category=0 groups=5)
[2026-05-16T10:09:50.909858Z] [notify] [tavern] sent 1/1 (main=1 | quest=0 | category=0 groups=5)
[2026-05-16T10:10:11.604325Z] [notify] [tavern] sent 1/1 (main=1 | quest=0 | category=0 groups=5)
[2026-05-16T10:10:25.834056Z] [notify] [tavern] sent 1/1 (main=1 | quest=0 | category=0 groups=5)
[2026-05-16T10:10:47.834997Z] [notify] [tavern] sent 1/1 (main=1 | quest=0 | category=0 groups=5)
[2026-05-16T13:03:37.519647Z] [notify] [tavern] sent 1/1 (main=1 | quest=0 | category=0 groups=5)
[2026-05-16T13:11:26.026559Z] [notify] [tavern] sent 1/1 (main=1 | quest=0 | category=0 groups=5)
[2026-05-16T13:12:12.403555Z] [notify] [tavern] sent 1/1 (main=1 | quest=0 | category=0 groups=5)
[2026-05-16T13:16:59.699464Z] [notify] [tavern] sent 1/1 (main=1 | quest=0 | category=0 groups=5)
[2026-05-16T13:19:00.838472Z] [notify] [tavern] sent 1/1 (main=1 | quest=0 | category=0 groups=5)
[2026-05-16T13:24:40.407342Z] [notify] [tavern] sent 1/1 (main=1 | quest=0 | category=0 groups=5)
[2026-05-16T13:38:25.143170Z] [notify] [tavern] sent 1/1 (main=1 | quest=0 | category=0 groups=5)
[2026-05-16T13:51:50.168724Z] [notify] [tavern] sent 1/1 (main=1 | quest=0 | category=0 groups=5)
[2026-05-16T14:25:12.296805Z] [notify] [tavern] sent 1/1 (main=1 | quest=0 | category=0 groups=5)
[2026-05-16T14:32:36.641568Z] [notify] [tavern] sent 1/1 (main=1 | quest=0 | category=0 groups=5)
[2026-05-16T14:32:43.810476Z] [notify] [tavern] sent 2/2 (main=2 | quest=0 | category=0 groups=5)
[2026-05-16T14:53:52.227697Z] [notify] [tavern] sent 1/1 (main=1 | quest=0 | category=0 groups=5)
[2026-05-16T14:54:42.766517Z] [notify] [tavern] sent 1/1 (main=1 | quest=0 | category=0 groups=5)
[2026-05-16T15:01:39.650862Z] [notify] [tavern] sent 1/1 (main=1 | quest=0 | category=0 groups=5)
[2026-05-16T15:03:11.488056Z] [notify] [tavern] sent 1/1 (main=1 | quest=0 | category=0 groups=5)
[2026-05-16T15:03:19.280046Z] [notify] [tavern] sent 2/2 (main=2 | quest=0 | category=0 groups=5)
[2026-05-16T15:03:24.599376Z] [notify] [tavern] sent 2/2 (main=2 | quest=0 | category=0 groups=5)
[2026-05-16T15:03:27.349786Z] [notify] [tavern] sent 2/2 (main=2 | quest=0 | category=0 groups=5)
[2026-05-16T15:03:48.768489Z] [notify] [tavern] sent 2/2 (main=2 | quest=0 | category=0 groups=5)
[2026-05-16T15:04:17.994135Z] [notify] [tavern] sent 1/1 (main=1 | quest=0 | category=0 groups=5)
[2026-05-16T15:04:34.464964Z] [notify] [tavern] sent 2/2 (main=2 | quest=0 | category=0 groups=5)
[2026-05-16T15:05:37.652503Z] [notify] [tavern] sent 1/1 (main=1 | quest=0 | category=0 groups=5)
[2026-05-16T15:06:30.808862Z] [notify] [tavern] sent 1/1 (main=1 | quest=0 | category=0 groups=5)
[2026-05-16T15:06:36.583349Z] [notify] [tavern] sent 2/2 (main=2 | quest=0 | category=0 groups=5)
[2026-05-16T15:14:06.121917Z] [notify] [tavern] sent 1/1 (main=1 | quest=0 | category=0 groups=5)
[2026-05-16T15:18:47.194977Z] [notify] [tavern] sent 1/1 (main=1 | quest=0 | category=0 groups=5)
[2026-05-16T15:50:05.355376Z] [notify] [tavern] sent 1/1 (main=1 | quest=0 | category=0 groups=5)
[2026-05-16T15:57:44.518726Z] [notify] [tavern] sent 1/1 (main=1 | quest=0 | category=0 groups=5)
[2026-05-16T15:57:48.210845Z] [notify] [tavern] sent 1/1 (main=1 | quest=0 | category=0 groups=5)
[2026-05-16T16:00:18.136503Z] [notify] [tavern] sent 1/1 (main=1 | quest=0 | category=0 groups=5)
[2026-05-16T16:00:23.544392Z] [notify] [tavern] sent 2/2 (main=2 | quest=0 | category=0 groups=5)
[2026-05-18T00:38:40.784157Z] [notify] [tavern] sent 1/1 (main=1 | quest=0 | category=0 groups=5)
[2026-05-18T00:39:24.339693Z] [notify] [tavern] sent 1/1 (main=1 | quest=0 | category=0 groups=5)
[2026-05-18T01:48:14.686648Z] [notify] [tavern] sent 1/1 (main=1 | quest=0 | category=0 groups=5)
[2026-05-18T01:48:29.273535Z] [notify] [tavern] sent 1/1 (main=1 | quest=0 | category=0 groups=5)
[2026-05-18T01:57:54.616583Z] [notify] [tavern] sent 1/1 (main=1 | quest=0 | category=0 groups=5)
[2026-05-18T02:00:09.232087Z] [notify] [tavern] sent 2/2 (main=2 | quest=0 | category=0 groups=5)
[2026-05-18T02:00:16.911960Z] [notify] [tavern] sent 1/1 (main=1 | quest=0 | category=0 groups=5)
[2026-05-18T02:02:11.618491Z] [notify] [tavern] sent 1/1 (main=1 | quest=0 | category=0 groups=5)
[2026-05-18T02:02:51.135428Z] [notify] [tavern] sent 1/1 (main=1 | quest=0 | category=0 groups=5)
[2026-05-18T02:11:23.443283Z] [notify] [tavern] sent 1/1 (main=1 | quest=0 | category=0 groups=5)
[2026-05-18T02:11:42.843927Z] [notify] [tavern] sent 1/1 (main=1 | quest=0 | category=0 groups=5)
[2026-05-18T02:13:11.363070Z] [notify] [tavern] sent 1/1 (main=1 | quest=0 | category=0 groups=5)
[2026-05-18T02:16:02.990146Z] [notify] [tavern] sent 1/1 (main=1 | quest=0 | category=0 groups=5)
[2026-05-18T02:16:46.984381Z] [notify] [tavern] sent 1/1 (main=1 | quest=0 | category=0 groups=5)
[2026-05-18T02:19:58.076379Z] [notify] [tavern] sent 1/1 (main=1 | quest=0 | category=0 groups=5)
[2026-05-18T02:27:29.509643Z] [notify] [tavern] sent 1/1 (main=1 | quest=0 | category=0 groups=5)
[2026-05-18T02:28:19.895980Z] [notify] [tavern] sent 1/1 (main=1 | quest=0 | category=0 groups=5)
[2026-05-18T02:28:58.406051Z] [notify] [tavern] sent 1/1 (main=1 | quest=0 | category=0 groups=5)
[2026-05-18T02:29:44.395557Z] [notify] [tavern] sent 1/1 (main=1 | quest=0 | category=0 groups=5)
[2026-05-18T02:30:45.535201Z] [notify] [tavern] sent 1/1 (main=1 | quest=0 | category=0 groups=5)
[2026-05-18T02:49:06.668672Z] [notify] [tavern] sent 1/1 (main=1 | quest=0 | category=0 groups=5)
[2026-05-18T02:54:45.191390Z] [notify] [tavern] sent 1/1 (main=1 | quest=0 | category=0 groups=5)
[2026-05-18T02:56:29.311555Z] [notify] [tavern] sent 1/1 (main=1 | quest=0 | category=0 groups=5)
[2026-05-18T03:00:03.274651Z] [notify] [tavern] sent 1/1 (main=1 | quest=0 | category=0 groups=5)
[2026-05-18T03:02:00.418281Z] [notify] [tavern] sent 1/1 (main=1 | quest=0 | category=0 groups=5)
[2026-05-18T03:02:21.140329Z] [notify] [tavern] sent 1/1 (main=1 | quest=0 | category=0 groups=5)
[2026-05-18T03:09:30.226593Z] [notify] [tavern] sent 1/1 (main=1 | quest=0 | category=0 groups=5)
[2026-05-18T03:12:06.854452Z] [notify] [tavern] sent 1/1 (main=1 | quest=0 | category=0 groups=5)
[2026-05-18T03:14:25.728572Z] [notify] [tavern] sent 1/1 (main=1 | quest=0 | category=0 groups=5)
[2026-05-18T04:00:02.927376Z] [notify] [tavern] sent 1/1 (main=1 | quest=0 | category=0 groups=5)
[2026-05-18T05:00:04.602086Z] [notify] [tavern] sent 1/1 (main=1 | quest=0 | category=0 groups=5)
[2026-05-18T05:56:37.879968Z] [notify] [tavern] sent 1/1 (main=1 | quest=0 | category=0 groups=5)
[2026-05-18T05:59:09.010219Z] [notify] [tavern] sent 1/1 (main=1 | quest=0 | category=0 groups=5)
[2026-05-18T06:00:06.888405Z] [notify] [tavern] sent 1/1 (main=1 | quest=0 | category=0 groups=5)
[2026-05-18T06:01:04.375949Z] [notify] [tavern] sent 1/1 (main=1 | quest=0 | category=0 groups=5)
[2026-05-18T06:48:38.772087Z] [notify] [tavern] sent 1/1 (main=1 | quest=0 | category=0 groups=5)
[2026-05-18T06:50:43.460103Z] [notify] [tavern] sent 1/1 (main=1 | quest=0 | category=0 groups=5)
[2026-05-18T06:51:59.618307Z] [notify] [tavern] sent 1/1 (main=1 | quest=0 | category=0 groups=5)
[2026-05-18T06:53:04.977153Z] [notify] [tavern] sent 1/1 (main=1 | quest=0 | category=0 groups=5)
[2026-05-18T06:53:42.638313Z] [notify] [tavern] sent 1/1 (main=1 | quest=0 | category=0 groups=5)
[2026-05-18T07:00:04.447624Z] [notify] [tavern] sent 1/1 (main=1 | quest=0 | category=0 groups=5)
[2026-05-18T07:43:21.485341Z] [notify] [tavern] sent 1/1 (main=1 | quest=0 | category=0 groups=5)
[2026-05-18T07:48:18.083917Z] [notify] [tavern] sent 1/1 (main=1 | quest=0 | category=0 groups=5)
[2026-05-18T07:49:16.835527Z] [notify] [tavern] sent 1/1 (main=1 | quest=0 | category=0 groups=5)
[2026-05-18T07:50:10.123784Z] [notify] [tavern] sent 1/1 (main=1 | quest=0 | category=0 groups=5)
[2026-05-18T07:53:18.435637Z] [notify] [tavern] sent 1/1 (main=1 | quest=0 | category=0 groups=5)
[2026-05-18T08:00:03.686645Z] [notify] [tavern] sent 1/1 (main=1 | quest=0 | category=0 groups=5)
[2026-05-18T08:00:11.766171Z] [notify] [tavern] sent 1/1 (main=1 | quest=0 | category=0 groups=5)
[2026-05-18T08:00:25.978605Z] [notify] [tavern] sent 1/1 (main=1 | quest=0 | category=0 groups=5)
[2026-05-18T08:01:16.456895Z] [notify] [tavern] sent 1/1 (main=1 | quest=0 | category=0 groups=5)
[2026-05-18T08:01:45.186765Z] [notify] [tavern] sent 1/1 (main=1 | quest=0 | category=0 groups=5)
[2026-05-18T08:04:02.307219Z] [notify] [tavern] sent 1/1 (main=1 | quest=0 | category=0 groups=5)
[2026-05-18T08:06:24.232124Z] [notify] [tavern] sent 1/1 (main=1 | quest=0 | category=0 groups=5)
[2026-05-18T08:11:59.611527Z] [notify] [tavern] sent 1/1 (main=0 | quest=0 | category=1 groups=5)
[2026-05-18T08:12:06.614603Z] [notify] [tavern] sent 1/1 (main=0 | quest=0 | category=1 groups=5)
[2026-05-18T08:12:27.602646Z] [notify] [tavern] sent 1/1 (main=0 | quest=0 | category=1 groups=5)
[2026-05-18T08:12:31.777153Z] [notify] [tavern] sent 1/1 (main=1 | quest=0 | category=0 groups=5)
[2026-05-18T08:12:51.145948Z] [notify] [tavern] sent 1/1 (main=0 | quest=0 | category=1 groups=5)
[2026-05-18T08:13:26.488239Z] [notify] [tavern] sent 1/1 (main=0 | quest=0 | category=1 groups=5)
[2026-05-18T08:13:37.989284Z] [notify] [tavern] sent 1/1 (main=0 | quest=0 | category=1 groups=5)
[2026-05-18T08:13:53.175016Z] [notify] [tavern] sent 1/1 (main=1 | quest=0 | category=0 groups=5)
[2026-05-18T08:13:58.231658Z] [notify] [tavern] sent 1/1 (main=0 | quest=0 | category=1 groups=5)
[2026-05-18T08:14:02.189132Z] [notify] [tavern] sent 1/1 (main=1 | quest=0 | category=0 groups=5)
[2026-05-18T08:14:25.104923Z] [notify] [tavern] sent 1/1 (main=0 | quest=0 | category=1 groups=5)
[2026-05-18T08:15:01.571416Z] [notify] [tavern] sent 1/1 (main=0 | quest=0 | category=1 groups=5)
[2026-05-18T08:15:09.831904Z] [notify] [tavern] sent 1/1 (main=0 | quest=0 | category=1 groups=5)
[2026-05-18T08:15:27.391730Z] [notify] [tavern] sent 1/1 (main=0 | quest=0 | category=1 groups=5)
[2026-05-18T08:15:30.360232Z] [notify] [tavern] sent 1/1 (main=0 | quest=0 | category=1 groups=5)
[2026-05-18T08:15:50.838364Z] [notify] [tavern] sent 1/1 (main=0 | quest=0 | category=1 groups=5)
[2026-05-18T08:15:54.898591Z] [notify] [tavern] sent 1/1 (main=0 | quest=0 | category=1 groups=5)
[2026-05-18T08:16:07.695809Z] [notify] [tavern] sent 1/1 (main=0 | quest=0 | category=1 groups=5)
[2026-05-18T08:16:11.778961Z] [notify] [tavern] sent 1/1 (main=0 | quest=0 | category=1 groups=5)
[2026-05-18T08:16:38.690331Z] [notify] [tavern] sent 1/1 (main=0 | quest=0 | category=1 groups=5)
[2026-05-18T08:16:43.591183Z] [notify] [tavern] sent 1/1 (main=0 | quest=0 | category=1 groups=5)
[2026-05-18T08:16:50.985071Z] [notify] [tavern] sent 1/1 (main=0 | quest=0 | category=1 groups=5)
[2026-05-18T08:17:06.459399Z] [notify] [tavern] sent 1/1 (main=0 | quest=0 | category=1 groups=5)
[2026-05-18T08:17:12.185504Z] [notify] [tavern] sent 1/1 (main=0 | quest=0 | category=1 groups=5)
[2026-05-18T08:17:15.116452Z] [notify] [tavern] sent 1/1 (main=0 | quest=0 | category=1 groups=5)
[2026-05-18T08:17:32.400008Z] [notify] [tavern] sent 1/1 (main=0 | quest=0 | category=1 groups=5)
[2026-05-18T08:17:36.411046Z] [notify] [tavern] sent 1/1 (main=0 | quest=0 | category=1 groups=5)
[2026-05-18T08:17:48.991383Z] [notify] [tavern] sent 1/1 (main=0 | quest=0 | category=1 groups=5)
[2026-05-18T08:17:54.012118Z] [notify] [tavern] sent 1/1 (main=0 | quest=0 | category=1 groups=5)
[2026-05-18T08:18:01.925469Z] [notify] [tavern] sent 1/1 (main=0 | quest=0 | category=1 groups=5)
[2026-05-18T08:18:12.238458Z] [notify] [tavern] sent 1/1 (main=0 | quest=0 | category=1 groups=5)
[2026-05-18T08:18:19.353788Z] [notify] [tavern] sent 1/1 (main=0 | quest=0 | category=1 groups=5)
[2026-05-18T08:18:23.813923Z] [notify] [tavern] sent 1/1 (main=0 | quest=0 | category=1 groups=5)
[2026-05-18T08:18:42.730761Z] [notify] [tavern] sent 1/1 (main=0 | quest=0 | category=1 groups=5)
[2026-05-18T08:18:46.012890Z] [notify] [tavern] sent 1/1 (main=0 | quest=0 | category=1 groups=5)
[2026-05-18T08:19:07.131609Z] [notify] [tavern] sent 1/1 (main=0 | quest=0 | category=1 groups=5)
[2026-05-18T08:19:09.155786Z] [notify] [tavern] sent 1/1 (main=0 | quest=0 | category=1 groups=5)
[2026-05-18T08:19:16.529939Z] [notify] [tavern] sent 1/1 (main=0 | quest=0 | category=1 groups=5)
[2026-05-18T08:19:19.745493Z] [notify] [tavern] sent 1/1 (main=0 | quest=0 | category=1 groups=5)
[2026-05-18T08:19:52.284918Z] [notify] [tavern] sent 1/1 (main=0 | quest=0 | category=1 groups=5)
[2026-05-18T08:19:56.004008Z] [notify] [tavern] sent 1/1 (main=0 | quest=0 | category=1 groups=5)
[2026-05-18T08:20:01.534179Z] [notify] [tavern] sent 1/1 (main=0 | quest=0 | category=1 groups=5)
[2026-05-18T08:20:15.954034Z] [notify] [tavern] sent 1/1 (main=0 | quest=0 | category=1 groups=5)
[2026-05-18T08:20:20.185128Z] [notify] [tavern] sent 1/1 (main=0 | quest=0 | category=1 groups=5)
[2026-05-18T08:20:36.491287Z] [notify] [tavern] sent 1/1 (main=0 | quest=0 | category=1 groups=5)
[2026-05-18T08:20:41.667328Z] [notify] [tavern] sent 1/1 (main=0 | quest=0 | category=1 groups=5)
[2026-05-18T08:21:18.650639Z] [notify] [tavern] sent 1/1 (main=1 | quest=0 | category=0 groups=5)
[2026-05-18T08:21:48.175814Z] [notify] [tavern] sent 1/1 (main=0 | quest=0 | category=1 groups=5)
[2026-05-18T08:22:35.464744Z] [notify] [tavern] sent 1/1 (main=0 | quest=0 | category=1 groups=5)
[2026-05-18T08:22:40.523948Z] [notify] [tavern] sent 1/1 (main=0 | quest=0 | category=1 groups=5)
[2026-05-18T08:22:45.645249Z] [notify] [tavern] sent 1/1 (main=0 | quest=0 | category=1 groups=5)
[2026-05-18T08:23:16.322827Z] [notify] [tavern] sent 1/1 (main=0 | quest=0 | category=1 groups=5)
[2026-05-18T08:23:21.627077Z] [notify] [tavern] sent 1/1 (main=0 | quest=0 | category=1 groups=5)
[2026-05-18T08:23:27.425762Z] [notify] [tavern] sent 1/1 (main=0 | quest=0 | category=1 groups=5)
[2026-05-18T08:23:30.427912Z] [notify] [tavern] sent 1/1 (main=0 | quest=0 | category=1 groups=5)
[2026-05-18T08:23:47.840668Z] [notify] [tavern] sent 1/1 (main=0 | quest=0 | category=1 groups=5)
[2026-05-18T08:23:51.895533Z] [notify] [tavern] sent 1/1 (main=0 | quest=0 | category=1 groups=5)
[2026-05-18T08:24:07.086407Z] [notify] [tavern] sent 1/1 (main=0 | quest=0 | category=1 groups=5)
[2026-05-18T08:24:12.439439Z] [notify] [tavern] sent 1/1 (main=0 | quest=0 | category=1 groups=5)
[2026-05-18T08:24:15.441447Z] [notify] [tavern] sent 1/1 (main=0 | quest=0 | category=1 groups=5)
[2026-05-18T08:24:23.038454Z] [notify] [tavern] sent 1/1 (main=0 | quest=0 | category=1 groups=5)
[2026-05-18T08:24:27.096902Z] [notify] [tavern] sent 1/1 (main=0 | quest=0 | category=1 groups=5)
[2026-05-18T08:24:50.556310Z] [notify] [tavern] sent 1/1 (main=0 | quest=0 | category=1 groups=5)
[2026-05-18T08:24:56.328443Z] [notify] [tavern] sent 1/1 (main=0 | quest=0 | category=1 groups=5)
[2026-05-18T08:24:58.700233Z] [notify] [tavern] sent 1/1 (main=0 | quest=0 | category=1 groups=5)
[2026-05-18T08:25:06.588153Z] [notify] [tavern] sent 1/1 (main=0 | quest=0 | category=1 groups=5)
[2026-05-18T08:25:09.972859Z] [notify] [tavern] sent 1/1 (main=0 | quest=0 | category=1 groups=5)
[2026-05-18T08:25:30.307317Z] [notify] [tavern] sent 1/1 (main=0 | quest=0 | category=1 groups=5)
[2026-05-18T08:25:34.602551Z] [notify] [tavern] sent 1/1 (main=0 | quest=0 | category=1 groups=5)
[2026-05-18T08:25:37.297401Z] [notify] [tavern] sent 1/1 (main=0 | quest=0 | category=1 groups=5)
[2026-05-18T08:26:00.973270Z] [notify] [tavern] sent 1/1 (main=0 | quest=0 | category=1 groups=5)
[2026-05-18T08:26:09.509977Z] [notify] [tavern] sent 1/1 (main=0 | quest=0 | category=1 groups=5)
[2026-05-18T08:27:19.745267Z] [notify] [tavern] sent 1/1 (main=0 | quest=0 | category=1 groups=5)
[2026-05-18T08:27:25.021890Z] [notify] [tavern] sent 1/1 (main=0 | quest=0 | category=1 groups=5)
[2026-05-18T08:27:29.561612Z] [notify] [tavern] sent 1/1 (main=0 | quest=0 | category=1 groups=5)
[2026-05-18T08:27:53.258778Z] [notify] [tavern] sent 1/1 (main=0 | quest=0 | category=1 groups=5)
[2026-05-18T08:27:59.194267Z] [notify] [tavern] sent 1/1 (main=1 | quest=0 | category=0 groups=5)
[2026-05-18T08:28:00.691364Z] [notify] [tavern] sent 1/1 (main=0 | quest=0 | category=1 groups=5)
[2026-05-18T08:28:03.576123Z] [notify] [tavern] sent 1/1 (main=0 | quest=0 | category=1 groups=5)
[2026-05-18T08:28:11.491527Z] [notify] [tavern] sent 1/1 (main=0 | quest=0 | category=1 groups=5)
[2026-05-18T08:28:15.937805Z] [notify] [tavern] sent 1/1 (main=0 | quest=0 | category=1 groups=5)
[2026-05-18T08:28:34.279924Z] [notify] [tavern] sent 1/1 (main=0 | quest=0 | category=1 groups=5)
[2026-05-18T08:28:38.506402Z] [notify] [tavern] sent 1/1 (main=0 | quest=0 | category=1 groups=5)
[2026-05-18T08:28:55.276996Z] [notify] [tavern] sent 1/1 (main=0 | quest=0 | category=1 groups=5)
[2026-05-18T08:28:58.178133Z] [notify] [tavern] sent 1/1 (main=0 | quest=0 | category=1 groups=5)
[2026-05-18T08:29:15.675729Z] [notify] [tavern] sent 1/1 (main=0 | quest=0 | category=1 groups=5)
[2026-05-18T08:29:20.560012Z] [notify] [tavern] sent 1/1 (main=0 | quest=0 | category=1 groups=5)
[2026-05-18T08:29:23.740214Z] [notify] [tavern] sent 1/1 (main=0 | quest=0 | category=1 groups=5)
[2026-05-18T08:29:31.816506Z] [notify] [tavern] sent 1/1 (main=0 | quest=0 | category=1 groups=5)
[2026-05-18T08:29:36.133265Z] [notify] [tavern] sent 1/1 (main=0 | quest=0 | category=1 groups=5)
[2026-05-18T08:29:54.902545Z] [notify] [tavern] sent 1/1 (main=0 | quest=0 | category=1 groups=5)
[2026-05-18T08:29:57.666997Z] [notify] [tavern] sent 1/1 (main=0 | quest=0 | category=1 groups=5)
[2026-05-18T08:30:12.963913Z] [notify] [tavern] sent 1/1 (main=0 | quest=0 | category=1 groups=5)
[2026-05-18T08:30:17.414061Z] [notify] [tavern] sent 1/1 (main=0 | quest=0 | category=1 groups=5)
[2026-05-18T08:30:20.510180Z] [notify] [tavern] sent 1/1 (main=0 | quest=0 | category=1 groups=5)
[2026-05-18T08:30:28.505978Z] [notify] [tavern] sent 1/1 (main=0 | quest=0 | category=1 groups=5)
[2026-05-18T08:30:32.715515Z] [notify] [tavern] sent 1/1 (main=0 | quest=0 | category=1 groups=5)
[2026-05-18T08:30:52.578559Z] [notify] [tavern] sent 1/1 (main=0 | quest=0 | category=1 groups=5)
[2026-05-18T08:30:55.319594Z] [notify] [tavern] sent 1/1 (main=0 | quest=0 | category=1 groups=5)
[2026-05-18T08:31:15.582459Z] [notify] [tavern] sent 1/1 (main=0 | quest=0 | category=1 groups=5)
[2026-05-18T08:31:18.351953Z] [notify] [tavern] sent 1/1 (main=0 | quest=0 | category=1 groups=5)
[2026-05-18T08:31:26.399120Z] [notify] [tavern] sent 1/1 (main=0 | quest=0 | category=1 groups=5)
[2026-05-18T08:31:30.566586Z] [notify] [tavern] sent 1/1 (main=0 | quest=0 | category=1 groups=5)
[2026-05-18T08:31:47.612435Z] [notify] [tavern] sent 1/1 (main=0 | quest=0 | category=1 groups=5)
[2026-05-18T08:31:50.386843Z] [notify] [tavern] sent 1/1 (main=0 | quest=0 | category=1 groups=5)
[2026-05-18T08:32:02.534173Z] [notify] [tavern] sent 1/1 (main=0 | quest=0 | category=1 groups=5)
[2026-05-18T08:32:05.501558Z] [notify] [tavern] sent 1/1 (main=0 | quest=0 | category=1 groups=5)
[2026-05-18T08:32:22.091523Z] [notify] [tavern] sent 1/1 (main=0 | quest=0 | category=1 groups=5)
[2026-05-18T08:32:26.963077Z] [notify] [tavern] sent 1/1 (main=0 | quest=0 | category=1 groups=5)
[2026-05-18T08:32:30.129443Z] [notify] [tavern] sent 1/1 (main=0 | quest=0 | category=1 groups=5)
[2026-05-18T08:32:38.209430Z] [notify] [tavern] sent 1/1 (main=0 | quest=0 | category=1 groups=5)
[2026-05-18T08:32:42.245423Z] [notify] [tavern] sent 1/1 (main=0 | quest=0 | category=1 groups=5)
[2026-05-18T08:33:07.755078Z] [notify] [tavern] sent 1/1 (main=0 | quest=0 | category=1 groups=5)
[2026-05-18T08:33:12.304851Z] [notify] [tavern] sent 1/1 (main=0 | quest=0 | category=1 groups=5)
[2026-05-18T08:33:50.305099Z] [notify] [tavern] sent 1/1 (main=0 | quest=0 | category=1 groups=5)
[2026-05-18T08:34:19.028737Z] [notify] [tavern] sent 1/1 (main=0 | quest=0 | category=1 groups=5)
[2026-05-18T08:34:25.041547Z] [notify] [tavern] sent 1/1 (main=0 | quest=0 | category=1 groups=5)
[2026-05-18T08:34:29.040559Z] [notify] [tavern] sent 1/1 (main=0 | quest=0 | category=1 groups=5)
[2026-05-18T08:34:31.918926Z] [notify] [tavern] sent 1/1 (main=0 | quest=0 | category=1 groups=5)
[2026-05-18T08:34:40.298432Z] [notify] [tavern] sent 1/1 (main=0 | quest=0 | category=1 groups=5)
[2026-05-18T08:34:44.290634Z] [notify] [tavern] sent 1/1 (main=0 | quest=0 | category=1 groups=5)
[2026-05-18T08:35:02.512551Z] [notify] [tavern] sent 1/1 (main=0 | quest=0 | category=1 groups=5)
[2026-05-18T08:39:56.993347Z] [notify] [tavern] sent 1/1 (main=0 | quest=0 | category=1 groups=5)
[2026-05-18T08:40:13.447584Z] [notify] [tavern] sent 1/1 (main=0 | quest=0 | category=1 groups=5)
[2026-05-18T08:40:18.706610Z] [notify] [tavern] sent 1/1 (main=0 | quest=0 | category=1 groups=5)
[2026-05-18T08:40:23.791482Z] [notify] [tavern] sent 1/1 (main=0 | quest=0 | category=1 groups=5)
[2026-05-18T08:40:26.704110Z] [notify] [tavern] sent 1/1 (main=0 | quest=0 | category=1 groups=5)
[2026-05-18T08:40:36.106992Z] [notify] [tavern] sent 1/1 (main=0 | quest=0 | category=1 groups=5)
[2026-05-18T08:40:40.907336Z] [notify] [tavern] sent 1/1 (main=0 | quest=0 | category=1 groups=5)
[2026-05-18T08:40:53.571410Z] [notify] [tavern] sent 1/1 (main=0 | quest=0 | category=1 groups=5)
[2026-05-18T08:40:56.798999Z] [notify] [tavern] sent 1/1 (main=0 | quest=0 | category=1 groups=5)
[2026-05-18T08:41:09.001505Z] [notify] [tavern] sent 1/1 (main=0 | quest=0 | category=1 groups=5)
[2026-05-18T08:41:11.713900Z] [notify] [tavern] sent 1/1 (main=0 | quest=0 | category=1 groups=5)
[2026-05-18T08:41:14.707283Z] [notify] [tavern] sent 1/1 (main=1 | quest=0 | category=0 groups=5)
[2026-05-18T08:41:16.772791Z] [notify] [tavern] sent 1/1 (main=0 | quest=0 | category=1 groups=5)
[2026-05-18T08:41:24.063049Z] [notify] [tavern] sent 1/1 (main=0 | quest=0 | category=1 groups=5)
[2026-05-18T08:41:29.091726Z] [notify] [tavern] sent 1/1 (main=0 | quest=0 | category=1 groups=5)
[2026-05-18T08:41:50.507317Z] [notify] [tavern] sent 1/1 (main=0 | quest=0 | category=1 groups=5)
[2026-05-18T08:41:54.179301Z] [notify] [tavern] sent 1/1 (main=0 | quest=0 | category=1 groups=5)
[2026-05-18T08:42:14.341655Z] [notify] [tavern] sent 1/1 (main=0 | quest=0 | category=1 groups=5)
[2026-05-18T08:42:18.218361Z] [notify] [tavern] sent 1/1 (main=0 | quest=0 | category=1 groups=5)
[2026-05-18T08:42:21.772386Z] [notify] [tavern] sent 1/1 (main=0 | quest=0 | category=1 groups=5)
[2026-05-18T08:42:29.256306Z] [notify] [tavern] sent 1/1 (main=0 | quest=0 | category=1 groups=5)
[2026-05-18T08:42:33.038415Z] [notify] [tavern] sent 1/1 (main=0 | quest=0 | category=1 groups=5)
[2026-05-18T08:42:49.804739Z] [notify] [tavern] sent 1/1 (main=0 | quest=0 | category=1 groups=5)
[2026-05-18T08:42:53.553967Z] [notify] [tavern] sent 1/1 (main=0 | quest=0 | category=1 groups=5)
[2026-05-18T08:42:57.564055Z] [notify] [tavern] sent 1/1 (main=0 | quest=0 | category=1 groups=5)
[2026-05-18T08:43:03.879278Z] [notify] [tavern] sent 1/1 (main=0 | quest=0 | category=1 groups=5)
[2026-05-18T08:43:33.879363Z] [notify] [tavern] sent 1/1 (main=0 | quest=0 | category=1 groups=5)
[2026-05-18T08:43:38.132436Z] [notify] [tavern] sent 1/1 (main=0 | quest=0 | category=1 groups=5)
[2026-05-18T08:43:41.114006Z] [notify] [tavern] sent 1/1 (main=0 | quest=0 | category=1 groups=5)
[2026-05-18T08:43:49.142766Z] [notify] [tavern] sent 1/1 (main=0 | quest=0 | category=1 groups=5)
[2026-05-18T08:44:41.459270Z] [notify] [tavern] sent 1/1 (main=0 | quest=0 | category=1 groups=5)
[2026-05-18T08:44:54.062116Z] [notify] [tavern] sent 1/1 (main=0 | quest=0 | category=1 groups=5)
[2026-05-18T08:44:58.847890Z] [notify] [tavern] sent 1/1 (main=0 | quest=0 | category=1 groups=5)
[2026-05-18T08:45:22.120307Z] [notify] [tavern] sent 1/1 (main=0 | quest=0 | category=1 groups=5)
[2026-05-18T08:45:24.905419Z] [notify] [tavern] sent 1/1 (main=0 | quest=0 | category=1 groups=5)
[2026-05-18T08:45:35.901576Z] [notify] [tavern] sent 1/1 (main=0 | quest=0 | category=1 groups=5)
[2026-05-18T08:45:38.867807Z] [notify] [tavern] sent 1/1 (main=0 | quest=0 | category=1 groups=5)
[2026-05-18T08:45:50.755692Z] [notify] [tavern] sent 1/1 (main=0 | quest=0 | category=1 groups=5)
[2026-05-18T08:45:54.022319Z] [notify] [tavern] sent 1/1 (main=0 | quest=0 | category=1 groups=5)
[2026-05-18T08:46:02.088483Z] [notify] [tavern] sent 1/1 (main=0 | quest=0 | category=1 groups=5)
[2026-05-18T08:46:06.201170Z] [notify] [tavern] sent 1/1 (main=0 | quest=0 | category=1 groups=5)
[2026-05-18T08:46:20.172617Z] [notify] [tavern] sent 1/1 (main=0 | quest=0 | category=1 groups=5)
[2026-05-18T08:46:23.368568Z] [notify] [tavern] sent 1/1 (main=0 | quest=0 | category=1 groups=5)
[2026-05-18T08:46:35.949088Z] [notify] [tavern] sent 1/1 (main=0 | quest=0 | category=1 groups=5)
[2026-05-18T08:46:39.010281Z] [notify] [tavern] sent 1/1 (main=0 | quest=0 | category=1 groups=5)
[2026-05-18T08:46:47.301592Z] [notify] [tavern] sent 1/1 (main=0 | quest=0 | category=1 groups=5)
[2026-05-18T08:46:52.109757Z] [notify] [tavern] sent 1/1 (main=0 | quest=0 | category=1 groups=5)
[2026-05-18T08:47:07.924820Z] [notify] [tavern] sent 1/1 (main=0 | quest=0 | category=1 groups=5)
[2026-05-18T08:47:12.024253Z] [notify] [tavern] sent 1/1 (main=0 | quest=0 | category=1 groups=5)
[2026-05-18T08:47:14.745026Z] [notify] [tavern] sent 1/1 (main=0 | quest=0 | category=1 groups=5)
[2026-05-18T08:47:26.727310Z] [notify] [tavern] sent 1/1 (main=0 | quest=0 | category=1 groups=5)
[2026-05-18T08:47:29.545522Z] [notify] [tavern] sent 1/1 (main=0 | quest=0 | category=1 groups=5)
[2026-05-18T08:47:44.352528Z] [notify] [tavern] sent 1/1 (main=0 | quest=0 | category=1 groups=5)
[2026-05-18T08:47:52.438092Z] [notify] [tavern] sent 1/1 (main=0 | quest=0 | category=1 groups=5)
[2026-05-18T08:47:56.607154Z] [notify] [tavern] sent 1/1 (main=0 | quest=0 | category=1 groups=5)
[2026-05-18T08:48:13.472251Z] [notify] [tavern] sent 1/1 (main=0 | quest=0 | category=1 groups=5)
[2026-05-18T08:48:16.549845Z] [notify] [tavern] sent 1/1 (main=0 | quest=0 | category=1 groups=5)
[2026-05-18T08:48:26.821779Z] [notify] [tavern] sent 1/1 (main=0 | quest=0 | category=1 groups=5)
[2026-05-18T08:48:31.761789Z] [notify] [tavern] sent 1/1 (main=0 | quest=0 | category=1 groups=5)
[2026-05-18T08:48:34.977396Z] [notify] [tavern] sent 1/1 (main=0 | quest=0 | category=1 groups=5)
[2026-05-18T08:48:47.566094Z] [notify] [tavern] sent 1/1 (main=0 | quest=0 | category=1 groups=5)
[2026-05-18T08:48:52.422864Z] [notify] [tavern] sent 1/1 (main=0 | quest=0 | category=1 groups=5)
[2026-05-18T08:49:43.024993Z] [notify] [tavern] sent 1/1 (main=1 | quest=0 | category=0 groups=5)
[2026-05-18T09:00:02.948611Z] [notify] [tavern] sent 1/1 (main=1 | quest=0 | category=0 groups=5)
[2026-05-18T10:00:06.614267Z] [notify] [tavern] sent 1/1 (main=1 | quest=0 | category=0 groups=5)
[2026-05-18T10:43:50.871657Z] [notify] [tavern] sent 1/1 (main=1 | quest=0 | category=0 groups=5)
[2026-05-18T10:44:56.750520Z] [notify] [tavern] sent 1/1 (main=1 | quest=0 | category=0 groups=5)
[2026-05-18T10:54:05.751161Z] [notify] [tavern] sent 1/1 (main=1 | quest=0 | category=0 groups=5)
[2026-05-18T11:00:05.718688Z] [notify] [tavern] sent 1/1 (main=1 | quest=0 | category=0 groups=5)
[2026-05-18T11:26:43.768275Z] [notify] [tavern] sent 1/1 (main=1 | quest=0 | category=0 groups=5)
[2026-05-18T11:27:26.110557Z] [notify] [tavern] sent 1/1 (main=1 | quest=0 | category=0 groups=5)
[2026-05-18T11:27:44.160057Z] [notify] [tavern] sent 1/1 (main=1 | quest=0 | category=0 groups=5)
[2026-05-18T11:34:03.374526Z] [notify] [tavern] sent 1/1 (main=1 | quest=0 | category=0 groups=5)
[2026-05-18T11:48:30.626467Z] [notify] [tavern] sent 1/1 (main=1 | quest=0 | category=0 groups=5)
[2026-05-18T11:50:57.279781Z] [notify] [tavern] sent 1/1 (main=1 | quest=0 | category=0 groups=5)
[2026-05-18T11:58:28.484237Z] [notify] [tavern] sent 1/1 (main=1 | quest=0 | category=0 groups=5)
[2026-05-18T12:00:03.308675Z] [notify] [tavern] sent 1/1 (main=1 | quest=0 | category=0 groups=5)
[2026-05-18T12:11:11.035511Z] [notify] [tavern] sent 1/1 (main=1 | quest=0 | category=0 groups=5)
[2026-05-18T12:20:22.703726Z] [notify] [tavern] sent 1/1 (main=1 | quest=0 | category=0 groups=5)
[2026-05-18T12:40:02.182684Z] [notify] [tavern] sent 1/1 (main=1 | quest=0 | category=0 groups=5)
[2026-05-18T12:53:55.482601Z] [notify] [tavern] sent 1/1 (main=1 | quest=0 | category=0 groups=5)
[2026-05-18T13:00:04.837760Z] [notify] [tavern] sent 1/1 (main=1 | quest=0 | category=0 groups=5)
[2026-05-18T13:05:03.529745Z] [notify] [tavern] sent 1/1 (main=1 | quest=0 | category=0 groups=5)
[2026-05-18T13:10:46.815420Z] [notify] [tavern] sent 1/1 (main=1 | quest=0 | category=0 groups=5)
[2026-05-18T13:56:28.819489Z] [notify] [tavern] sent 1/1 (main=1 | quest=0 | category=0 groups=5)
[2026-05-18T14:00:03.288136Z] [notify] [tavern] sent 1/1 (main=1 | quest=0 | category=0 groups=5)
[2026-05-18T15:00:05.652426Z] [notify] [tavern] sent 1/1 (main=1 | quest=0 | category=0 groups=5)
[2026-05-18T15:03:12.910479Z] [notify] [tavern] sent 1/1 (main=1 | quest=0 | category=0 groups=5)
[2026-05-18T15:04:45.257375Z] [notify] [tavern] sent 1/1 (main=1 | quest=0 | category=0 groups=5)
[2026-05-18T15:04:48.324429Z] [notify] [tavern] sent 1/1 (main=1 | quest=0 | category=0 groups=5)
[2026-05-18T15:04:51.950376Z] [notify] [tavern] sent 1/1 (main=1 | quest=0 | category=0 groups=5)
[2026-05-18T15:05:00.462381Z] [notify] [tavern] sent 1/1 (main=1 | quest=0 | category=0 groups=5)
[2026-05-18T15:05:02.014541Z] [notify] [tavern] sent 1/1 (main=1 | quest=0 | category=0 groups=5)
[2026-05-18T15:06:23.624647Z] [notify] [tavern] sent 1/1 (main=1 | quest=0 | category=0 groups=5)
[2026-05-18T15:08:35.322366Z] [notify] [tavern] sent 1/1 (main=1 | quest=0 | category=0 groups=5)
[2026-05-18T15:09:15.584220Z] [notify] [tavern] sent 1/1 (main=1 | quest=0 | category=0 groups=5)
[2026-05-18T15:10:07.829868Z] [notify] [tavern] sent 1/1 (main=1 | quest=0 | category=0 groups=5)
[2026-05-18T15:10:20.720285Z] [notify] [tavern] sent 1/1 (main=1 | quest=0 | category=0 groups=5)
[2026-05-18T15:11:20.832085Z] [notify] [tavern] sent 1/1 (main=1 | quest=0 | category=0 groups=5)
[2026-05-18T15:17:31.032265Z] [notify] [tavern] sent 1/1 (main=1 | quest=0 | category=0 groups=5)
[2026-05-19T13:55:42.276932Z] [notify] [tavern] sent 14/14 (main=14 | quest=0 | category=0 groups=5)
[2026-05-19T13:56:08.858099Z] [notify] [tavern] sent 15/15 (main=15 | quest=0 | category=0 groups=5)
[2026-05-19T14:00:06.144364Z] [notify] [tavern] sent 1/1 (main=1 | quest=0 | category=0 groups=5)
[2026-05-19T14:02:29.668202Z] [notify] [tavern] sent 1/1 (main=1 | quest=0 | category=0 groups=5)
[2026-05-20T14:03:21.812340Z] [notify] [tavern] sent 4/4 (main=4 | quest=0 | category=0 groups=5)
[2026-05-20T14:08:23.318628Z] [notify] [tavern] sent 4/4 (main=4 | quest=0 | category=0 groups=5)
[2026-05-20T14:09:34.923264Z] [notify] [tavern] sent 1/1 (main=1 | quest=0 | category=0 groups=5)
[2026-05-20T14:11:29.290818Z] [notify] [tavern] sent 1/1 (main=1 | quest=0 | category=0 groups=5)
[2026-05-20T14:12:29.060667Z] [notify] [tavern] sent 1/1 (main=1 | quest=0 | category=0 groups=5)
[2026-05-20T14:36:24.111899Z] [notify] [tavern] sent 1/1 (main=1 | quest=0 | category=0 groups=5)
[2026-05-20T14:43:45.481109Z] [notify] [tavern] sent 1/1 (main=1 | quest=0 | category=0 groups=5)
[2026-05-20T14:46:00.459154Z] [notify] [tavern] sent 1/1 (main=1 | quest=0 | category=0 groups=5)
[2026-05-20T14:49:45.953482Z] [notify] [tavern] sent 1/1 (main=1 | quest=0 | category=0 groups=5)
[2026-05-20T14:53:39.330797Z] [notify] [tavern] sent 1/1 (main=1 | quest=0 | category=0 groups=5)
[2026-05-20T14:58:23.466937Z] [notify] [tavern] sent 1/1 (main=1 | quest=0 | category=0 groups=5)
[2026-05-20T15:00:07.365455Z] [notify] [tavern] sent 1/1 (main=1 | quest=0 | category=0 groups=5)
[2026-05-20T15:00:43.875794Z] [notify] [tavern] sent 1/1 (main=1 | quest=0 | category=0 groups=5)
[2026-05-20T15:02:50.564923Z] [notify] [tavern] sent 1/1 (main=1 | quest=0 | category=0 groups=5)
[2026-05-20T15:06:52.648322Z] [notify] [tavern] sent 1/1 (main=1 | quest=0 | category=0 groups=5)
[2026-05-20T15:09:49.643353Z] [notify] [tavern] sent 1/1 (main=1 | quest=0 | category=0 groups=5)
[2026-05-20T15:12:53.620507Z] [notify] [tavern] sent 1/1 (main=1 | quest=0 | category=0 groups=5)
[2026-05-20T15:14:23.247035Z] [notify] [tavern] sent 1/1 (main=1 | quest=0 | category=0 groups=5)
[2026-05-20T15:23:12.914033Z] [notify] [tavern] sent 1/1 (main=1 | quest=0 | category=0 groups=5)
[2026-05-20T15:26:55.828769Z] [notify] [tavern] sent 1/1 (main=1 | quest=0 | category=0 groups=5)
[2026-05-20T15:28:29.086238Z] [notify] [tavern] sent 1/1 (main=1 | quest=0 | category=0 groups=5)
[2026-05-20T15:28:33.642887Z] [notify] [tavern] sent 2/2 (main=2 | quest=0 | category=0 groups=5)
[2026-05-20T15:30:29.574249Z] [notify] [tavern] sent 1/1 (main=1 | quest=0 | category=0 groups=5)
[2026-05-20T15:34:30.149618Z] [notify] [tavern] sent 1/1 (main=1 | quest=0 | category=0 groups=5)
[2026-05-20T15:50:04.383968Z] [notify] [tavern] sent 1/1 (main=1 | quest=0 | category=0 groups=5)
[2026-05-20T15:53:00.785939Z] [notify] [tavern] sent 1/1 (main=1 | quest=0 | category=0 groups=5)
[2026-05-20T15:53:37.806562Z] [notify] [tavern] sent 1/1 (main=1 | quest=0 | category=0 groups=5)
[2026-05-20T16:00:15.233356Z] [notify] [tavern] sent 1/1 (main=1 | quest=0 | category=0 groups=5)
[2026-05-21T01:12:46.536588Z] [notify] [tavern] sent 1/1 (main=1 | quest=0 | category=0 groups=5)
[2026-05-21T01:13:57.627349Z] [notify] [tavern] sent 1/1 (main=1 | quest=0 | category=0 groups=5)
[2026-05-21T01:14:46.534356Z] [notify] [tavern] sent 1/1 (main=1 | quest=0 | category=0 groups=5)
[2026-05-21T01:15:46.361348Z] [notify] [tavern] sent 1/1 (main=1 | quest=0 | category=0 groups=5)
[2026-05-21T01:16:35.244587Z] [notify] sent（contexts=1, max_seq=0, source=config:notify_config.json, detail=[...OEgGCMP3z7yY=OK]）
[2026-05-21T02:00:07.192059Z] [notify] [tavern] sent 2/2 (main=2 | quest=0 | category=0 groups=5)
[2026-05-21T03:00:07.991103Z] [notify] [tavern] sent 1/1 (main=1 | quest=0 | category=0 groups=5)
[2026-05-21T04:00:05.329085Z] [notify] [tavern] sent 1/1 (main=1 | quest=0 | category=0 groups=5)
[2026-05-21T05:00:03.632606Z] [notify] [tavern] sent 1/1 (main=1 | quest=0 | category=0 groups=5)
[2026-05-21T06:00:03.606073Z] [notify] [tavern] sent 1/1 (main=1 | quest=0 | category=0 groups=5)
[2026-05-21T07:00:07.951410Z] [notify] [tavern] sent 1/1 (main=1 | quest=0 | category=0 groups=5)
[2026-05-21T08:00:05.796720Z] [notify] [tavern] sent 1/1 (main=1 | quest=0 | category=0 groups=5)
[2026-05-21T08:25:35.731996Z] [notify] [tavern] sent 1/1 (main=1 | quest=0 | category=0 groups=5)
[2026-05-21T09:00:04.181476Z] [notify] [tavern] sent 1/1 (main=1 | quest=0 | category=0 groups=5)
[2026-05-21T09:10:26.430153Z] [notify] [tavern] sent 1/1 (main=1 | quest=0 | category=0 groups=5)
[2026-05-21T10:00:05.140529Z] [notify] [tavern] sent 1/1 (main=1 | quest=0 | category=0 groups=5)
[2026-05-21T10:00:15.958414Z] [notify] [tavern] sent 1/1 (main=1 | quest=0 | category=0 groups=5)
[2026-05-21T10:16:13.614702Z] [notify] [tavern] sent 1/1 (main=1 | quest=0 | category=0 groups=5)
[2026-05-21T10:17:20.629678Z] [notify] [tavern] sent 1/1 (main=1 | quest=0 | category=0 groups=5)
[2026-05-21T11:00:04.317164Z] [notify] [tavern] sent 1/1 (main=1 | quest=0 | category=0 groups=5)
[2026-05-21T12:00:04.119253Z] [notify] [tavern] sent 1/1 (main=1 | quest=0 | category=0 groups=5)
[2026-05-21T12:20:50.684000Z] [notify] [tavern] sent 1/1 (main=1 | quest=0 | category=0 groups=5)
[2026-05-21T13:00:07.519036Z] [notify] [tavern] sent 1/1 (main=1 | quest=0 | category=0 groups=5)
[2026-05-21T13:01:22.197810Z] [notify] [tavern] sent 1/1 (main=1 | quest=0 | category=0 groups=5)
[2026-05-21T14:00:04.286914Z] [notify] [tavern] sent 1/1 (main=1 | quest=0 | category=0 groups=5)
[2026-05-21T14:06:34.290162Z] [notify] [tavern] sent 1/1 (main=1 | quest=0 | category=0 groups=5)
[2026-05-21T15:00:05.863941Z] [notify] [tavern] sent 1/1 (main=1 | quest=0 | category=0 groups=5)
[2026-05-21T15:37:12.633458Z] [notify] [tavern] sent 1/1 (main=1 | quest=0 | category=0 groups=5)
[2026-05-21T15:50:03.963414Z] [notify] [tavern] sent 1/1 (main=1 | quest=0 | category=0 groups=5)
[2026-05-21T16:00:18.538857Z] [notify] [tavern] sent 1/1 (main=1 | quest=0 | category=0 groups=5)
[2026-05-21T16:03:42.555184Z] [notify] [tavern] sent 1/1 (main=1 | quest=0 | category=0 groups=5)
[2026-05-22T01:45:32.112402Z] [notify] [tavern] sent 1/1 (main=1 | quest=0 | category=0 groups=5)
[2026-05-22T02:00:06.787047Z] [notify] [tavern] sent 2/2 (main=2 | quest=0 | category=0 groups=5)
[2026-05-22T02:13:31.928881Z] [notify] [tavern] sent 1/1 (main=1 | quest=0 | category=0 groups=5)
[2026-05-22T02:18:20.184107Z] [notify] [tavern] sent 1/1 (main=1 | quest=0 | category=0 groups=5)
[2026-05-22T02:19:06.166992Z] [notify] [tavern] sent 1/1 (main=1 | quest=0 | category=0 groups=5)
[2026-05-22T02:53:55.093438Z] [notify] [tavern] sent 1/1 (main=1 | quest=0 | category=0 groups=5)
[2026-05-22T03:00:06.652989Z] [notify] [tavern] sent 1/1 (main=1 | quest=0 | category=0 groups=5)
[2026-05-22T03:16:44.904914Z] [notify] [tavern] sent 1/1 (main=1 | quest=0 | category=0 groups=5)
[2026-05-22T04:00:04.020748Z] [notify] [tavern] sent 1/1 (main=1 | quest=0 | category=0 groups=5)
[2026-05-22T04:01:35.432586Z] [notify] [tavern] sent 1/1 (main=1 | quest=0 | category=0 groups=5)
[2026-05-22T05:00:03.909817Z] [notify] [tavern] sent 1/1 (main=1 | quest=0 | category=0 groups=5)
[2026-05-22T05:20:34.708641Z] [notify] [tavern] sent 1/1 (main=1 | quest=0 | category=0 groups=5)
[2026-05-22T05:22:24.254283Z] [notify] [tavern] sent 1/1 (main=1 | quest=0 | category=0 groups=5)
[2026-05-22T06:00:05.746849Z] [notify] [tavern] sent 1/1 (main=1 | quest=0 | category=0 groups=5)
[2026-05-22T07:00:04.535346Z] [notify] [tavern] sent 1/1 (main=1 | quest=0 | category=0 groups=5)
[2026-05-22T07:01:18.188298Z] [notify] [tavern] sent 1/1 (main=1 | quest=0 | category=0 groups=5)
[2026-05-22T07:18:55.679867Z] [notify] [tavern] sent 1/1 (main=1 | quest=0 | category=0 groups=5)
[2026-05-22T07:20:44.993008Z] [notify] [tavern] sent 1/1 (main=1 | quest=0 | category=0 groups=5)
[2026-05-22T07:57:17.382839Z] [notify] [tavern] sent 1/1 (main=1 | quest=0 | category=0 groups=5)
[2026-05-22T07:57:39.298541Z] [notify] [tavern] sent 1/1 (main=1 | quest=0 | category=0 groups=5)
[2026-05-22T08:00:05.949174Z] [notify] [tavern] sent 1/1 (main=1 | quest=0 | category=0 groups=5)
[2026-05-22T08:00:48.806409Z] [notify] [tavern] sent 1/1 (main=1 | quest=0 | category=0 groups=5)
[2026-05-22T08:01:18.541677Z] [notify] [tavern] sent 1/1 (main=1 | quest=0 | category=0 groups=5)
[2026-05-22T08:05:01.776769Z] [notify] [tavern] sent 1/1 (main=1 | quest=0 | category=0 groups=5)
[2026-05-22T08:09:00.691796Z] [notify] [tavern] sent 1/1 (main=1 | quest=0 | category=0 groups=5)
[2026-05-22T08:58:05.469977Z] [notify] [tavern] sent 1/1 (main=1 | quest=0 | category=0 groups=5)
[2026-05-22T08:58:11.902714Z] [notify] [tavern] sent 1/1 (main=1 | quest=0 | category=0 groups=5)
[2026-05-22T08:58:30.714125Z] [notify] [tavern] sent 1/1 (main=1 | quest=0 | category=0 groups=5)
[2026-05-22T08:59:05.236285Z] [notify] [tavern] sent 1/1 (main=1 | quest=0 | category=0 groups=5)
[2026-05-22T09:00:04.711949Z] [notify] [tavern] sent 1/1 (main=1 | quest=0 | category=0 groups=5)
[2026-05-22T09:07:21.028160Z] [notify] [tavern] sent 1/1 (main=1 | quest=0 | category=0 groups=5)
[2026-05-22T09:31:38.376540Z] [notify] [tavern] sent 1/1 (main=1 | quest=0 | category=0 groups=5)
[2026-05-22T09:33:27.576024Z] [notify] [tavern] sent 1/1 (main=1 | quest=0 | category=0 groups=5)
[2026-05-22T09:33:38.652881Z] [notify] [tavern] sent 1/1 (main=1 | quest=0 | category=0 groups=5)
[2026-05-22T09:35:23.691870Z] [notify] [tavern] sent 1/1 (main=1 | quest=0 | category=0 groups=5)
[2026-05-22T09:35:44.114358Z] [notify] [tavern] sent 1/1 (main=1 | quest=0 | category=0 groups=5)
[2026-05-22T09:35:53.861591Z] [notify] [tavern] sent 1/1 (main=1 | quest=0 | category=0 groups=5)
[2026-05-22T09:37:41.377188Z] [notify] [tavern] sent 1/1 (main=0 | quest=0 | category=1 groups=5)
[2026-05-22T09:39:08.034158Z] [notify] [tavern] sent 1/1 (main=1 | quest=0 | category=0 groups=5)
[2026-05-22T09:42:38.177465Z] [notify] [tavern] sent 1/1 (main=1 | quest=0 | category=0 groups=5)
[2026-05-22T09:45:35.737507Z] [notify] [tavern] sent 1/1 (main=1 | quest=0 | category=0 groups=5)
[2026-05-22T09:46:52.602416Z] [notify] [tavern] sent 1/1 (main=1 | quest=0 | category=0 groups=5)
[2026-05-22T09:55:18.838026Z] [notify] [tavern] sent 1/1 (main=1 | quest=0 | category=0 groups=5)
[2026-05-22T09:58:06.093935Z] [notify] [tavern] sent 1/1 (main=0 | quest=0 | category=1 groups=5)
[2026-05-22T09:58:44.407780Z] [notify] [tavern] sent 1/1 (main=0 | quest=0 | category=1 groups=5)
[2026-05-22T09:59:37.635667Z] [notify] [tavern] sent 1/1 (main=1 | quest=0 | category=0 groups=5)
[2026-05-22T10:00:05.262211Z] [notify] [tavern] sent 1/1 (main=1 | quest=0 | category=0 groups=5)
[2026-05-22T10:00:10.488188Z] [notify] [tavern] sent 1/1 (main=0 | quest=0 | category=1 groups=5)
[2026-05-22T10:01:38.086643Z] [notify] [tavern] sent 1/1 (main=0 | quest=0 | category=1 groups=5)
[2026-05-22T10:03:05.745762Z] [notify] [tavern] sent 1/1 (main=0 | quest=0 | category=1 groups=5)
[2026-05-22T10:04:48.384992Z] [notify] [tavern] sent 1/1 (main=0 | quest=0 | category=1 groups=5)
[2026-05-22T10:05:39.892031Z] [notify] [tavern] sent 1/1 (main=1 | quest=0 | category=0 groups=5)
[2026-05-22T10:09:21.748436Z] [notify] [tavern] sent 1/1 (main=0 | quest=0 | category=1 groups=5)
[2026-05-22T10:09:54.830491Z] [notify] [tavern] sent 1/1 (main=0 | quest=0 | category=1 groups=5)
[2026-05-22T10:10:27.626748Z] [notify] [tavern] sent 1/1 (main=0 | quest=0 | category=1 groups=5)
[2026-05-22T10:11:28.992359Z] [notify] [tavern] sent 1/1 (main=1 | quest=0 | category=0 groups=5)
[2026-05-22T10:12:50.385833Z] [notify] [tavern] sent 1/1 (main=0 | quest=0 | category=1 groups=5)
[2026-05-22T10:13:23.551458Z] [notify] [tavern] sent 1/1 (main=1 | quest=0 | category=0 groups=5)
[2026-05-22T10:15:37.249797Z] [notify] [tavern] sent 1/1 (main=1 | quest=0 | category=0 groups=5)
[2026-05-22T10:29:38.891787Z] [notify] [tavern] sent 1/1 (main=1 | quest=0 | category=0 groups=5)
[2026-05-22T10:33:54.459303Z] [notify] [tavern] sent 1/1 (main=1 | quest=0 | category=0 groups=5)
[2026-05-22T10:40:49.564702Z] [notify] [tavern] sent 1/1 (main=1 | quest=0 | category=0 groups=5)
[2026-05-22T10:41:35.932072Z] [notify] [tavern] sent 1/1 (main=1 | quest=0 | category=0 groups=5)
[2026-05-22T11:00:04.975509Z] [notify] [tavern] sent 1/1 (main=1 | quest=0 | category=0 groups=5)
[2026-05-22T12:00:04.335765Z] [notify] [tavern] sent 1/1 (main=1 | quest=0 | category=0 groups=5)
[2026-05-22T13:00:08.323287Z] [notify] [tavern] sent 1/1 (main=1 | quest=0 | category=0 groups=5)
[2026-05-22T14:00:06.759008Z] [notify] [tavern] sent 1/1 (main=1 | quest=0 | category=0 groups=5)
[2026-05-22T14:42:15.685147Z] [notify] [tavern] sent 1/1 (main=1 | quest=0 | category=0 groups=5)
[2026-05-22T14:57:32.596213Z] [notify] [tavern] sent 1/1 (main=1 | quest=0 | category=0 groups=5)
[2026-05-22T15:00:06.707827Z] [notify] [tavern] sent 1/1 (main=1 | quest=0 | category=0 groups=5)
[2026-05-22T15:05:55.579003Z] [notify] [tavern] sent 1/1 (main=1 | quest=0 | category=0 groups=5)
[2026-05-22T15:19:08.941986Z] [notify] [tavern] sent 1/1 (main=1 | quest=0 | category=0 groups=5)
[2026-05-22T15:20:52.946669Z] [notify] [tavern] sent 1/1 (main=1 | quest=0 | category=0 groups=5)
[2026-05-22T15:22:49.598137Z] [notify] [tavern] sent 1/1 (main=1 | quest=0 | category=0 groups=5)
[2026-05-22T15:25:24.185419Z] [notify] [tavern] sent 1/1 (main=1 | quest=0 | category=0 groups=5)
[2026-05-22T15:26:50.121921Z] [notify] [tavern] sent 1/1 (main=1 | quest=0 | category=0 groups=5)
[2026-05-22T15:28:22.096718Z] [notify] [tavern] sent 1/1 (main=1 | quest=0 | category=0 groups=5)
[2026-05-22T15:30:05.312113Z] [notify] [tavern] sent 1/1 (main=1 | quest=0 | category=0 groups=5)
[2026-05-22T15:50:05.117228Z] [notify] [tavern] sent 1/1 (main=1 | quest=0 | category=0 groups=5)
[2026-05-22T15:51:14.379087Z] [notify] [tavern] sent 1/1 (main=1 | quest=0 | category=0 groups=5)
[2026-05-22T15:52:31.514566Z] [notify] [tavern] sent 1/1 (main=1 | quest=0 | category=0 groups=5)
[2026-05-22T15:53:37.714567Z] [notify] [tavern] sent 1/1 (main=1 | quest=0 | category=0 groups=5)
[2026-05-22T15:55:05.405091Z] [notify] [tavern] sent 1/1 (main=1 | quest=0 | category=0 groups=5)
[2026-05-22T16:00:20.789802Z] [notify] [tavern] sent 1/1 (main=1 | quest=0 | category=0 groups=5)
[2026-05-22T16:09:29.211071Z] [notify] [tavern] sent 1/1 (main=1 | quest=0 | category=0 groups=5)
[2026-05-22T16:11:25.711815Z] [notify] [tavern] sent 1/1 (main=1 | quest=0 | category=0 groups=5)
[2026-05-22T16:18:06.008879Z] [notify] [tavern] sent 1/1 (main=1 | quest=0 | category=0 groups=5)
[2026-05-23T00:18:09.606667Z] [notify] [tavern] sent 1/1 (main=1 | quest=0 | category=0 groups=5)
[2026-05-23T00:21:12.103405Z] [notify] [tavern] sent 1/1 (main=1 | quest=0 | category=0 groups=5)
[2026-05-23T00:22:33.606227Z] [notify] [tavern] sent 1/1 (main=1 | quest=0 | category=0 groups=5)
[2026-05-23T00:23:03.002974Z] [notify] [tavern] sent 1/1 (main=1 | quest=0 | category=0 groups=5)
[2026-05-23T00:27:34.715900Z] [notify] [tavern] sent 1/1 (main=1 | quest=0 | category=0 groups=5)
[2026-05-23T00:36:32.543048Z] [notify] [tavern] sent 1/1 (main=1 | quest=0 | category=0 groups=5)
[2026-05-23T00:55:11.938558Z] [notify] [tavern] sent 1/1 (main=1 | quest=0 | category=0 groups=5)
[2026-05-23T00:56:38.576296Z] [notify] [tavern] sent 1/1 (main=1 | quest=0 | category=0 groups=5)
[2026-05-23T00:57:05.346330Z] [notify] [tavern] sent 1/1 (main=1 | quest=0 | category=0 groups=5)
[2026-05-23T01:00:04.010736Z] [notify] [tavern] sent 1/1 (main=1 | quest=0 | category=0 groups=5)
[2026-05-23T01:00:09.455539Z] [notify] [tavern] sent 1/1 (main=1 | quest=0 | category=0 groups=5)
[2026-05-23T01:00:48.091847Z] [notify] [tavern] sent 1/1 (main=1 | quest=0 | category=0 groups=5)
[2026-05-23T01:00:59.464885Z] [notify] [tavern] sent 1/1 (main=1 | quest=0 | category=0 groups=5)
[2026-05-23T01:02:13.188110Z] [notify] [tavern] sent 1/1 (main=1 | quest=0 | category=0 groups=5)
[2026-05-23T01:02:16.709739Z] [notify] [tavern] sent 1/1 (main=1 | quest=0 | category=0 groups=5)
[2026-05-23T01:04:18.937995Z] [notify] [tavern] sent 1/1 (main=1 | quest=0 | category=0 groups=5)
[2026-05-23T01:05:42.919227Z] [notify] [tavern] sent 1/1 (main=1 | quest=0 | category=0 groups=5)
[2026-05-23T01:06:12.313382Z] [notify] [tavern] sent 1/1 (main=1 | quest=0 | category=0 groups=5)
[2026-05-23T01:10:11.859970Z] [notify] [tavern] sent 1/1 (main=1 | quest=0 | category=0 groups=5)
[2026-05-23T01:11:01.634754Z] [notify] [tavern] sent 1/1 (main=1 | quest=0 | category=0 groups=5)
[2026-05-23T01:13:10.656008Z] [notify] [tavern] sent 1/1 (main=1 | quest=0 | category=0 groups=5)
[2026-05-23T01:13:14.212541Z] [notify] [tavern] sent 1/1 (main=1 | quest=0 | category=0 groups=5)
[2026-05-23T01:19:25.825886Z] [notify] [tavern] sent 1/1 (main=1 | quest=0 | category=0 groups=5)
[2026-05-23T01:20:39.788632Z] [notify] [tavern] sent 1/1 (main=1 | quest=0 | category=0 groups=5)
[2026-05-23T01:30:31.207772Z] [notify] [tavern] sent 1/1 (main=1 | quest=0 | category=0 groups=5)
[2026-05-23T01:32:02.994398Z] [notify] [tavern] sent 1/1 (main=1 | quest=0 | category=0 groups=5)
[2026-05-23T01:42:34.364118Z] [notify] [tavern] sent 1/1 (main=1 | quest=0 | category=0 groups=5)
[2026-05-23T02:00:06.347347Z] [notify] [tavern] sent 2/2 (main=2 | quest=0 | category=0 groups=5)
[2026-05-23T02:00:44.272183Z] [notify] [tavern] sent 1/1 (main=1 | quest=0 | category=0 groups=5)
[2026-05-23T02:01:11.581208Z] [notify] [tavern] sent 1/1 (main=1 | quest=0 | category=0 groups=5)
[2026-05-23T03:00:06.652026Z] [notify] [tavern] sent 1/1 (main=1 | quest=0 | category=0 groups=5)
[2026-05-23T04:00:08.407553Z] [notify] [tavern] sent 1/1 (main=1 | quest=0 | category=0 groups=5)
[2026-05-23T05:00:06.048919Z] [notify] [tavern] sent 1/1 (main=1 | quest=0 | category=0 groups=5)
[2026-05-23T06:00:06.001557Z] [notify] [tavern] sent 1/1 (main=1 | quest=0 | category=0 groups=5)
[2026-05-23T07:00:04.879107Z] [notify] [tavern] sent 1/1 (main=1 | quest=0 | category=0 groups=5)
[2026-05-23T08:00:05.535568Z] [notify] [tavern] sent 1/1 (main=1 | quest=0 | category=0 groups=5)
[2026-05-23T08:42:05.478656Z] [notify] [tavern] sent 1/1 (main=1 | quest=0 | category=0 groups=5)
[2026-05-23T08:46:08.910059Z] [notify] [tavern] sent 1/1 (main=1 | quest=0 | category=0 groups=5)
[2026-05-23T08:49:58.758701Z] [notify] [tavern] sent 1/1 (main=1 | quest=0 | category=0 groups=5)
[2026-05-23T08:53:43.667622Z] [notify] [tavern] sent 1/1 (main=1 | quest=0 | category=0 groups=5)
[2026-05-23T08:56:26.865727Z] [notify] [tavern] sent 1/1 (main=1 | quest=0 | category=0 groups=5)
[2026-05-23T08:58:41.770057Z] [notify] [tavern] sent 1/1 (main=1 | quest=0 | category=0 groups=5)
[2026-05-23T09:00:05.175953Z] [notify] [tavern] sent 1/1 (main=1 | quest=0 | category=0 groups=5)
[2026-05-23T09:23:42.926153Z] [notify] [tavern] sent 1/1 (main=1 | quest=0 | category=0 groups=5)
[2026-05-23T09:28:01.361266Z] [notify] [tavern] sent 1/1 (main=1 | quest=0 | category=0 groups=5)
[2026-05-23T09:30:32.485874Z] [notify] [tavern] sent 1/1 (main=1 | quest=0 | category=0 groups=5)
[2026-05-23T09:35:36.744458Z] [notify] [tavern] sent 1/1 (main=1 | quest=0 | category=0 groups=5)
[2026-05-23T09:38:48.891204Z] [notify] [tavern] sent 1/1 (main=1 | quest=0 | category=0 groups=5)
[2026-05-23T09:45:01.733634Z] [notify] [tavern] sent 1/1 (main=1 | quest=0 | category=0 groups=5)
[2026-05-23T09:46:08.738354Z] [notify] [tavern] sent 1/1 (main=1 | quest=0 | category=0 groups=5)
[2026-05-23T09:47:45.119040Z] [notify] [tavern] sent 1/1 (main=1 | quest=0 | category=0 groups=5)
[2026-05-23T09:49:10.665803Z] [notify] [tavern] sent 1/1 (main=1 | quest=0 | category=0 groups=5)
[2026-05-23T09:51:45.596095Z] [notify] [tavern] sent 1/1 (main=1 | quest=0 | category=0 groups=5)
[2026-05-23T10:00:04.076590Z] [notify] [tavern] sent 1/1 (main=1 | quest=0 | category=0 groups=5)
[2026-05-23T11:00:05.223849Z] [notify] [tavern] sent 1/1 (main=1 | quest=0 | category=0 groups=5)
[2026-05-23T12:00:08.271943Z] [notify] [tavern] sent 1/1 (main=1 | quest=0 | category=0 groups=5)
[2026-05-23T12:48:16.650088Z] [notify] [tavern] sent 1/1 (main=1 | quest=0 | category=0 groups=5)
[2026-05-23T12:50:13.971666Z] [notify] [tavern] sent 1/1 (main=1 | quest=0 | category=0 groups=5)
[2026-05-23T12:57:22.563645Z] [notify] [tavern] sent 1/1 (main=1 | quest=0 | category=0 groups=5)
[2026-05-23T12:58:51.413362Z] [notify] [tavern] sent 1/1 (main=1 | quest=0 | category=0 groups=5)
[2026-05-23T13:00:04.437892Z] [notify] [tavern] sent 1/1 (main=1 | quest=0 | category=0 groups=5)
[2026-05-23T13:04:02.665328Z] [notify] [tavern] sent 1/1 (main=1 | quest=0 | category=0 groups=5)
[2026-05-23T13:06:08.984342Z] [notify] [tavern] sent 1/1 (main=1 | quest=0 | category=0 groups=5)
[2026-05-23T13:58:36.070484Z] [notify] [tavern] sent 1/1 (main=1 | quest=0 | category=0 groups=5)
[2026-05-23T14:00:05.751340Z] [notify] [tavern] sent 1/1 (main=1 | quest=0 | category=0 groups=5)
[2026-05-23T14:34:52.145290Z] [notify] [tavern] sent 1/1 (main=1 | quest=0 | category=0 groups=5)
[2026-05-23T14:36:08.599357Z] [notify] [tavern] sent 1/1 (main=1 | quest=0 | category=0 groups=5)
[2026-05-23T15:00:05.293068Z] [notify] [tavern] sent 1/1 (main=1 | quest=0 | category=0 groups=5)
[2026-05-23T15:41:48.117237Z] [notify] [tavern] sent 1/1 (main=1 | quest=0 | category=0 groups=5)
[2026-05-23T23:34:28.074927Z] [notify] [tavern] sent 1/1 (main=1 | quest=0 | category=0 groups=5)
[2026-05-23T23:40:04.873747Z] [notify] [tavern] sent 1/1 (main=1 | quest=0 | category=0 groups=5)
[2026-05-23T23:41:45.146168Z] [notify] [tavern] sent 1/1 (main=1 | quest=0 | category=0 groups=5)
[2026-05-23T23:41:55.836416Z] [notify] [tavern] sent 1/1 (main=1 | quest=0 | category=0 groups=5)
[2026-05-23T23:53:40.035956Z] [notify] [tavern] sent 1/1 (main=1 | quest=0 | category=0 groups=5)
[2026-05-23T23:54:33.537560Z] [notify] [tavern] sent 1/1 (main=1 | quest=0 | category=0 groups=5)
[2026-05-23T23:57:17.660244Z] [notify] [tavern] sent 1/1 (main=1 | quest=0 | category=0 groups=5)
[2026-05-23T23:59:56.422234Z] [notify] [tavern] sent 1/1 (main=1 | quest=0 | category=0 groups=5)
[2026-05-24T00:10:57.176175Z] [notify] [tavern] sent 1/1 (main=1 | quest=0 | category=0 groups=5)
[2026-05-24T00:18:11.136710Z] [notify] [tavern] sent 1/1 (main=1 | quest=0 | category=0 groups=5)
[2026-05-24T00:23:35.471135Z] [notify] [tavern] sent 1/1 (main=1 | quest=0 | category=0 groups=5)
[2026-05-24T00:25:02.687985Z] [notify] [tavern] sent 1/1 (main=1 | quest=0 | category=0 groups=5)
[2026-05-24T01:00:07.736956Z] [notify] [tavern] sent 1/1 (main=1 | quest=0 | category=0 groups=5)
[2026-05-24T02:00:06.974030Z] [notify] [tavern] sent 2/2 (main=2 | quest=0 | category=0 groups=5)
[2026-05-24T02:28:03.898144Z] [notify] [tavern] sent 1/1 (main=1 | quest=0 | category=0 groups=5)
[2026-05-24T02:40:58.435505Z] [notify] [tavern] sent 1/1 (main=1 | quest=0 | category=0 groups=5)
[2026-05-24T02:59:20.681131Z] [notify] [tavern] sent 1/1 (main=1 | quest=0 | category=0 groups=5)
[2026-05-24T03:00:05.502967Z] [notify] [tavern] sent 1/1 (main=1 | quest=0 | category=0 groups=5)
[2026-05-24T03:16:26.749095Z] [notify] [tavern] sent 1/1 (main=1 | quest=0 | category=0 groups=5)
[2026-05-24T03:24:22.398282Z] [notify] [tavern] sent 1/1 (main=1 | quest=0 | category=0 groups=5)
[2026-05-24T03:27:45.232886Z] [notify] [tavern] sent 1/1 (main=1 | quest=0 | category=0 groups=5)
[2026-05-24T03:29:27.142719Z] [notify] [tavern] sent 1/1 (main=1 | quest=0 | category=0 groups=5)
[2026-05-24T03:57:03.450219Z] [notify] [tavern] sent 1/1 (main=1 | quest=0 | category=0 groups=5)
[2026-05-24T04:00:06.322545Z] [notify] [tavern] sent 1/1 (main=1 | quest=0 | category=0 groups=5)
[2026-05-24T04:02:03.246393Z] [notify] [tavern] sent 1/1 (main=1 | quest=0 | category=0 groups=5)
[2026-05-24T04:47:18.301868Z] [notify] [tavern] sent 1/1 (main=1 | quest=0 | category=0 groups=5)
[2026-05-24T04:49:44.423000Z] [notify] [tavern] sent 1/1 (main=1 | quest=0 | category=0 groups=5)
[2026-05-24T04:52:57.711263Z] [notify] [tavern] sent 1/1 (main=1 | quest=0 | category=0 groups=5)
[2026-05-24T04:59:26.554193Z] [notify] [tavern] sent 1/1 (main=1 | quest=0 | category=0 groups=5)
[2026-05-24T05:00:05.503524Z] [notify] [tavern] sent 1/1 (main=1 | quest=0 | category=0 groups=5)
[2026-05-24T05:06:53.499572Z] [notify] [tavern] sent 1/1 (main=1 | quest=0 | category=0 groups=5)
[2026-05-24T05:09:40.477311Z] [notify] [tavern] sent 1/1 (main=1 | quest=0 | category=0 groups=5)
[2026-05-24T05:15:16.853322Z] [notify] [tavern] sent 1/1 (main=1 | quest=0 | category=0 groups=5)
[2026-05-24T05:28:11.965656Z] [notify] [tavern] sent 1/1 (main=1 | quest=0 | category=0 groups=5)
[2026-05-24T05:35:21.939735Z] [notify] [tavern] sent 1/1 (main=1 | quest=0 | category=0 groups=5)
[2026-05-24T05:42:37.895975Z] [notify] [tavern] sent 1/1 (main=1 | quest=0 | category=0 groups=5)
[2026-05-24T05:49:47.806171Z] [notify] [tavern] sent 1/1 (main=1 | quest=0 | category=0 groups=5)
[2026-05-24T06:00:06.175605Z] [notify] [tavern] sent 1/1 (main=1 | quest=0 | category=0 groups=5)
[2026-05-24T07:00:08.369095Z] [notify] [tavern] sent 1/1 (main=1 | quest=0 | category=0 groups=5)
[2026-05-24T08:00:07.415695Z] [notify] [tavern] sent 1/1 (main=1 | quest=0 | category=0 groups=5)
[2026-05-24T08:23:27.381391Z] [notify] [tavern] sent 1/1 (main=1 | quest=0 | category=0 groups=5)
[2026-05-24T08:31:59.096383Z] [notify] [tavern] sent 1/1 (main=1 | quest=0 | category=0 groups=5)
[2026-05-24T08:44:05.456598Z] [notify] [tavern] sent 1/1 (main=1 | quest=0 | category=0 groups=5)
[2026-05-24T09:00:03.574735Z] [notify] [tavern] sent 1/1 (main=1 | quest=0 | category=0 groups=5)
[2026-05-24T09:27:45.847354Z] [notify] [tavern] sent 1/1 (main=1 | quest=0 | category=0 groups=5)
[2026-05-24T09:34:26.613385Z] [notify] [tavern] sent 1/1 (main=1 | quest=0 | category=0 groups=5)
[2026-05-24T09:41:00.877320Z] [notify] [tavern] sent 1/1 (main=1 | quest=0 | category=0 groups=5)
[2026-05-24T09:46:51.253174Z] [notify] [tavern] sent 1/1 (main=1 | quest=0 | category=0 groups=5)
[2026-05-24T09:52:45.097144Z] [notify] [tavern] sent 1/1 (main=1 | quest=0 | category=0 groups=5)
[2026-05-24T09:57:42.865820Z] [notify] [tavern] sent 1/1 (main=1 | quest=0 | category=0 groups=5)
[2026-05-24T10:00:07.741544Z] [notify] [tavern] sent 1/1 (main=1 | quest=0 | category=0 groups=5)
[2026-05-24T11:00:05.460501Z] [notify] [tavern] sent 1/1 (main=1 | quest=0 | category=0 groups=5)
[2026-05-24T11:40:54.017782Z] [notify] [tavern] sent 1/1 (main=1 | quest=0 | category=0 groups=5)
[2026-05-24T11:41:48.846500Z] [notify] [tavern] sent 1/1 (main=1 | quest=0 | category=0 groups=5)
[2026-05-24T11:46:30.086971Z] [notify] [tavern] sent 1/1 (main=1 | quest=0 | category=0 groups=5)
[2026-05-24T11:47:05.148816Z] [notify] [tavern] sent 1/1 (main=1 | quest=0 | category=0 groups=5)
[2026-05-24T11:49:13.970250Z] [notify] [tavern] sent 1/1 (main=1 | quest=0 | category=0 groups=5)
[2026-05-24T11:50:45.297148Z] [notify] [tavern] sent 1/1 (main=1 | quest=0 | category=0 groups=5)
[2026-05-24T12:00:06.558617Z] [notify] [tavern] sent 1/1 (main=1 | quest=0 | category=0 groups=5)
[2026-05-24T12:15:32.581881Z] [notify] [tavern] sent 1/1 (main=1 | quest=0 | category=0 groups=5)
[2026-05-24T12:30:55.652602Z] [notify] [tavern] sent 1/1 (main=1 | quest=0 | category=0 groups=5)
[2026-05-24T12:32:26.089144Z] [notify] [tavern] sent 1/1 (main=1 | quest=0 | category=0 groups=5)
[2026-05-24T12:35:54.133459Z] [notify] [tavern] sent 1/1 (main=1 | quest=0 | category=0 groups=5)
[2026-05-24T12:36:22.200690Z] [notify] [tavern] sent 1/1 (main=1 | quest=0 | category=0 groups=5)
[2026-05-24T12:45:23.904950Z] [notify] [tavern] sent 1/1 (main=1 | quest=0 | category=0 groups=5)
[2026-05-24T12:45:33.635823Z] [notify] [tavern] sent 1/1 (main=1 | quest=0 | category=0 groups=5)
[2026-05-24T12:52:02.790367Z] [notify] [tavern] sent 1/1 (main=1 | quest=0 | category=0 groups=5)
[2026-05-24T12:58:20.753370Z] [notify] [tavern] sent 1/1 (main=1 | quest=0 | category=0 groups=5)
[2026-05-24T13:00:05.768155Z] [notify] [tavern] sent 1/1 (main=1 | quest=0 | category=0 groups=5)
[2026-05-24T13:05:32.152806Z] [notify] [tavern] sent 1/1 (main=1 | quest=0 | category=0 groups=5)
[2026-05-24T13:12:21.472149Z] [notify] [tavern] sent 1/1 (main=1 | quest=0 | category=0 groups=5)
[2026-05-24T13:19:16.209708Z] [notify] [tavern] sent 1/1 (main=1 | quest=0 | category=0 groups=5)
[2026-05-24T13:26:16.034816Z] [notify] [tavern] sent 1/1 (main=1 | quest=0 | category=0 groups=5)
[2026-05-24T13:33:29.773492Z] [notify] [tavern] sent 1/1 (main=1 | quest=0 | category=0 groups=5)
[2026-05-24T13:40:13.195363Z] [notify] [tavern] sent 1/1 (main=1 | quest=0 | category=0 groups=5)
[2026-05-24T13:47:01.272758Z] [notify] [tavern] sent 1/1 (main=1 | quest=0 | category=0 groups=5)
[2026-05-24T13:53:39.875138Z] [notify] [tavern] sent 1/1 (main=1 | quest=0 | category=0 groups=5)
[2026-05-24T14:00:03.292981Z] [notify] [tavern] sent 1/1 (main=1 | quest=0 | category=0 groups=5)
[2026-05-24T14:01:29.944654Z] [notify] [tavern] sent 1/1 (main=1 | quest=0 | category=0 groups=5)
[2026-05-24T14:51:33.789329Z] [notify] [tavern] sent 1/1 (main=1 | quest=0 | category=0 groups=5)
[2026-05-24T15:00:05.946661Z] [notify] [tavern] sent 1/1 (main=1 | quest=0 | category=0 groups=5)
[2026-05-24T15:02:34.717598Z] [notify] [tavern] sent 1/1 (main=1 | quest=0 | category=0 groups=5)
[2026-05-24T15:12:08.836851Z] [notify] [tavern] sent 1/1 (main=1 | quest=0 | category=0 groups=5)
[2026-05-24T15:14:01.716892Z] [notify] [tavern] sent 1/1 (main=1 | quest=0 | category=0 groups=5)
[2026-05-24T15:33:26.264280Z] [notify] [tavern] sent 1/1 (main=1 | quest=0 | category=0 groups=5)
[2026-05-24T15:42:24.565475Z] [notify] [tavern] sent 1/1 (main=1 | quest=0 | category=0 groups=5)
[2026-05-24T15:43:02.208397Z] [notify] [tavern] sent 1/1 (main=1 | quest=0 | category=0 groups=5)
[2026-05-24T15:44:27.919351Z] [notify] [tavern] sent 1/1 (main=1 | quest=0 | category=0 groups=5)
[2026-05-24T15:49:57.567240Z] [notify] [tavern] sent 1/1 (main=1 | quest=0 | category=0 groups=5)
[2026-05-24T15:50:02.642189Z] [notify] [tavern] sent 1/1 (main=1 | quest=0 | category=0 groups=5)
[2026-05-24T23:55:34.833569Z] [notify] [tavern] sent 1/1 (main=1 | quest=0 | category=0 groups=5)
[2026-05-25T00:17:35.396948Z] [notify] [tavern] sent 1/1 (main=1 | quest=0 | category=0 groups=5)
[2026-05-25T00:55:21.737368Z] [notify] [tavern] sent 1/1 (main=1 | quest=0 | category=0 groups=5)
[2026-05-25T00:55:25.283014Z] [notify] [tavern] sent 1/1 (main=1 | quest=0 | category=0 groups=5)
[2026-05-25T00:56:54.414002Z] [notify] [tavern] sent 1/1 (main=1 | quest=0 | category=0 groups=5)
[2026-05-25T01:00:05.717132Z] [notify] [tavern] sent 1/1 (main=1 | quest=0 | category=0 groups=5)
[2026-05-25T01:00:33.502194Z] [notify] [tavern] sent 1/1 (main=1 | quest=0 | category=0 groups=5)
[2026-05-25T01:01:26.719061Z] [notify] [tavern] sent 1/1 (main=1 | quest=0 | category=0 groups=5)
[2026-05-25T01:03:37.045640Z] [notify] [tavern] sent 1/1 (main=1 | quest=0 | category=0 groups=5)
[2026-05-25T01:04:14.902420Z] [notify] [tavern] sent 1/1 (main=1 | quest=0 | category=0 groups=5)
[2026-05-25T01:04:21.069941Z] [notify] [tavern] sent 1/1 (main=1 | quest=0 | category=0 groups=5)
[2026-05-25T01:05:11.972595Z] [notify] [tavern] sent 1/1 (main=1 | quest=0 | category=0 groups=5)
[2026-05-25T01:10:42.919221Z] [notify] [tavern] sent 1/1 (main=1 | quest=0 | category=0 groups=5)
[2026-05-25T01:11:42.118252Z] [notify] [tavern] sent 1/1 (main=1 | quest=0 | category=0 groups=5)
[2026-05-25T01:11:59.588009Z] [notify] [tavern] sent 1/1 (main=1 | quest=0 | category=0 groups=5)
[2026-05-25T01:12:02.091848Z] [notify] [tavern] sent 1/1 (main=1 | quest=0 | category=0 groups=5)
[2026-05-25T01:14:40.923676Z] [notify] [tavern] sent 1/1 (main=1 | quest=0 | category=0 groups=5)
[2026-05-25T01:14:55.890176Z] [notify] [tavern] sent 1/1 (main=1 | quest=0 | category=0 groups=5)
[2026-05-25T01:16:27.566725Z] [notify] [tavern] sent 1/1 (main=1 | quest=0 | category=0 groups=5)
[2026-05-25T01:18:03.552660Z] [notify] [tavern] sent 1/1 (main=1 | quest=0 | category=0 groups=5)
[2026-05-25T01:23:41.771915Z] [notify] [tavern] sent 1/1 (main=1 | quest=0 | category=0 groups=5)
[2026-05-25T01:29:07.454563Z] [notify] [tavern] sent 1/1 (main=1 | quest=0 | category=0 groups=5)
[2026-05-25T01:29:21.279595Z] [notify] [tavern] sent 1/1 (main=1 | quest=0 | category=0 groups=5)
[2026-05-25T01:32:40.070302Z] [notify] [tavern] sent 1/1 (main=1 | quest=0 | category=0 groups=5)
[2026-05-25T01:32:49.946609Z] [notify] [tavern] sent 1/1 (main=1 | quest=0 | category=0 groups=5)
[2026-05-25T01:44:07.278277Z] [notify] [tavern] sent 1/1 (main=1 | quest=0 | category=0 groups=5)
[2026-05-25T01:55:45.086648Z] [notify] [tavern] sent 1/1 (main=1 | quest=0 | category=0 groups=5)
[2026-05-25T02:00:09.019895Z] [notify] [tavern] sent 2/2 (main=2 | quest=0 | category=0 groups=5)
[2026-05-25T02:32:51.508855Z] [notify] [tavern] sent 1/1 (main=1 | quest=0 | category=0 groups=5)
[2026-05-25T03:00:04.526964Z] [notify] [tavern] sent 1/1 (main=1 | quest=0 | category=0 groups=5)
[2026-05-25T03:00:39.283987Z] [notify] [tavern] sent 1/1 (main=1 | quest=0 | category=0 groups=5)
[2026-05-25T03:13:54.283701Z] [notify] [tavern] sent 1/1 (main=1 | quest=0 | category=0 groups=5)
[2026-05-25T03:16:54.392223Z] [notify] [tavern] sent 1/1 (main=1 | quest=0 | category=0 groups=5)
[2026-05-25T03:40:47.633827Z] [notify] [tavern] sent 1/1 (main=1 | quest=0 | category=0 groups=5)
[2026-05-25T03:44:03.835822Z] [notify] [tavern] sent 1/1 (main=1 | quest=0 | category=0 groups=5)
[2026-05-25T04:00:05.379153Z] [notify] [tavern] sent 1/1 (main=1 | quest=0 | category=0 groups=5)
[2026-05-25T05:00:05.852887Z] [notify] [tavern] sent 1/1 (main=1 | quest=0 | category=0 groups=5)
[2026-05-25T06:00:03.553811Z] [notify] [tavern] sent 1/1 (main=1 | quest=0 | category=0 groups=5)
[2026-05-25T07:00:06.733514Z] [notify] [tavern] sent 1/1 (main=1 | quest=0 | category=0 groups=5)
[2026-05-25T07:18:05.057275Z] [notify] [tavern] sent 1/1 (main=1 | quest=0 | category=0 groups=5)
[2026-05-25T07:55:43.135095Z] [notify] [tavern] sent 1/1 (main=1 | quest=0 | category=0 groups=5)
[2026-05-25T08:00:03.763997Z] [notify] [tavern] sent 1/1 (main=1 | quest=0 | category=0 groups=5)
[2026-05-25T08:01:38.489622Z] [notify] [tavern] sent 1/1 (main=1 | quest=0 | category=0 groups=5)
[2026-05-25T08:02:45.414732Z] [notify] [tavern] sent 1/1 (main=1 | quest=0 | category=0 groups=5)
[2026-05-25T08:05:38.149896Z] [notify] [tavern] sent 1/1 (main=1 | quest=0 | category=0 groups=5)
[2026-05-25T08:12:36.787246Z] [notify] [tavern] sent 1/1 (main=1 | quest=0 | category=0 groups=5)
[2026-05-25T08:20:12.710655Z] [notify] [tavern] sent 1/1 (main=1 | quest=0 | category=0 groups=5)
[2026-05-25T08:37:59.712714Z] [notify] [tavern] sent 1/1 (main=1 | quest=0 | category=0 groups=5)
[2026-05-25T08:42:14.032387Z] [notify] [tavern] sent 1/1 (main=1 | quest=0 | category=0 groups=5)
[2026-05-25T08:50:41.533596Z] [notify] [tavern] sent 1/1 (main=1 | quest=0 | category=0 groups=5)
[2026-05-25T08:52:02.138585Z] [notify] [tavern] sent 1/1 (main=1 | quest=0 | category=0 groups=5)
[2026-05-25T09:00:05.208860Z] [notify] [tavern] sent 1/1 (main=1 | quest=0 | category=0 groups=5)
[2026-05-25T09:14:59.848645Z] [notify] [tavern] sent 1/1 (main=1 | quest=0 | category=0 groups=5)
[2026-05-25T10:00:06.692735Z] [notify] [tavern] sent 1/1 (main=1 | quest=0 | category=0 groups=5)
[2026-05-25T11:00:06.349633Z] [notify] [tavern] sent 1/1 (main=1 | quest=0 | category=0 groups=5)
[2026-05-25T12:00:05.848319Z] [notify] [tavern] sent 1/1 (main=1 | quest=0 | category=0 groups=5)
[2026-05-25T12:39:04.833531Z] [notify] [tavern] sent 1/1 (main=1 | quest=0 | category=0 groups=5)
[2026-05-25T12:39:10.741386Z] [notify] [tavern] sent 1/1 (main=1 | quest=0 | category=0 groups=5)
[2026-05-25T13:00:06.478241Z] [notify] [tavern] sent 1/1 (main=1 | quest=0 | category=0 groups=5)
[2026-05-25T14:00:07.271840Z] [notify] [tavern] sent 1/1 (main=1 | quest=0 | category=0 groups=5)
[2026-05-26T00:40:33.932509Z] [notify] [tavern] sent 1/1 (main=1 | quest=0 | category=0 groups=5)
[2026-05-26T00:58:43.490159Z] [notify] [tavern] sent 1/1 (main=1 | quest=0 | category=0 groups=5)
[2026-05-26T00:59:04.984654Z] [notify] [tavern] sent 1/1 (main=1 | quest=0 | category=0 groups=5)
[2026-05-26T00:59:40.714042Z] [notify] [tavern] sent 1/1 (main=1 | quest=0 | category=0 groups=5)
[2026-05-26T01:00:04.752190Z] [notify] [tavern] sent 1/1 (main=1 | quest=0 | category=0 groups=5)
[2026-05-26T01:00:09.469609Z] [notify] [tavern] sent 1/1 (main=1 | quest=0 | category=0 groups=5)
[2026-05-26T01:09:46.243710Z] [notify] [tavern] sent 1/1 (main=1 | quest=0 | category=0 groups=5)
[2026-05-26T01:45:51.089709Z] [notify] [tavern] sent 1/1 (main=1 | quest=0 | category=0 groups=5)
[2026-05-26T02:00:07.655446Z] [notify] [tavern] sent 2/2 (main=2 | quest=0 | category=0 groups=5)
[2026-05-26T02:19:16.026980Z] [notify] [tavern] sent 1/1 (main=1 | quest=0 | category=0 groups=5)
[2026-05-26T03:00:07.005312Z] [notify] [tavern] sent 1/1 (main=1 | quest=0 | category=0 groups=5)
[2026-05-26T03:17:35.912604Z] [notify] [tavern] sent 1/1 (main=1 | quest=0 | category=0 groups=5)
[2026-05-26T03:28:24.345904Z] [notify] [tavern] sent 1/1 (main=1 | quest=0 | category=0 groups=5)
[2026-05-26T04:00:05.009004Z] [notify] [tavern] sent 1/1 (main=1 | quest=0 | category=0 groups=5)
[2026-05-26T05:00:03.649103Z] [notify] [tavern] sent 1/1 (main=1 | quest=0 | category=0 groups=5)
[2026-05-26T05:35:04.221522Z] [notify] [tavern] sent 1/1 (main=1 | quest=0 | category=0 groups=5)
[2026-05-26T05:36:22.285474Z] [notify] [tavern] sent 1/1 (main=1 | quest=0 | category=0 groups=5)
[2026-05-26T05:38:24.231465Z] [notify] [tavern] sent 1/1 (main=1 | quest=0 | category=0 groups=5)
[2026-05-26T05:45:00.329028Z] [notify] [tavern] sent 1/1 (main=1 | quest=0 | category=0 groups=5)
[2026-05-26T05:48:09.218992Z] [notify] [tavern] sent 1/1 (main=1 | quest=0 | category=0 groups=5)
[2026-05-26T05:53:42.303564Z] [notify] [tavern] sent 1/1 (main=1 | quest=0 | category=0 groups=5)
[2026-05-26T05:55:30.453836Z] [notify] [tavern] sent 1/1 (main=1 | quest=0 | category=0 groups=5)
[2026-05-26T05:56:52.301774Z] [notify] [tavern] sent 1/1 (main=1 | quest=0 | category=0 groups=5)
[2026-05-26T05:58:16.831410Z] [notify] [tavern] sent 1/1 (main=1 | quest=0 | category=0 groups=5)
[2026-05-26T05:59:25.566255Z] [notify] [tavern] sent 1/1 (main=1 | quest=0 | category=0 groups=5)
[2026-05-26T06:00:04.747788Z] [notify] [tavern] sent 1/1 (main=1 | quest=0 | category=0 groups=5)
[2026-05-26T06:02:16.244757Z] [notify] [tavern] sent 1/1 (main=1 | quest=0 | category=0 groups=5)
[2026-05-26T06:03:09.210591Z] [notify] [tavern] sent 1/1 (main=1 | quest=0 | category=0 groups=5)
[2026-05-26T06:04:11.074839Z] [notify] [tavern] sent 1/1 (main=1 | quest=0 | category=0 groups=5)
[2026-05-26T06:07:37.313847Z] [notify] [tavern] sent 1/1 (main=1 | quest=0 | category=0 groups=5)
[2026-05-26T06:08:17.543825Z] [notify] [tavern] sent 1/1 (main=1 | quest=0 | category=0 groups=5)
[2026-05-26T06:08:22.182663Z] [notify] [tavern] sent 1/1 (main=1 | quest=0 | category=0 groups=5)
[2026-05-26T06:08:28.481850Z] [notify] [tavern] sent 1/1 (main=1 | quest=0 | category=0 groups=5)
[2026-05-26T06:16:30.247056Z] [notify] [tavern] sent 1/1 (main=1 | quest=0 | category=0 groups=5)
[2026-05-26T06:17:33.631626Z] [notify] [tavern] sent 1/1 (main=1 | quest=0 | category=0 groups=5)
[2026-05-26T06:18:41.374804Z] [notify] [tavern] sent 1/1 (main=1 | quest=0 | category=0 groups=5)
[2026-05-26T06:20:36.803064Z] [notify] [tavern] sent 1/1 (main=1 | quest=0 | category=0 groups=5)
[2026-05-26T06:21:57.972192Z] [notify] [tavern] sent 1/1 (main=1 | quest=0 | category=0 groups=5)
[2026-05-26T06:23:20.827024Z] [notify] [tavern] sent 1/1 (main=1 | quest=0 | category=0 groups=5)
[2026-05-26T06:24:04.850826Z] [notify] [tavern] sent 1/1 (main=1 | quest=0 | category=0 groups=5)
[2026-05-26T06:24:29.989652Z] [notify] [tavern] sent 1/1 (main=1 | quest=0 | category=0 groups=5)
[2026-05-26T06:26:47.533908Z] [notify] [tavern] sent 1/1 (main=1 | quest=0 | category=0 groups=5)
[2026-05-26T06:26:56.251852Z] [notify] [tavern] sent 1/1 (main=1 | quest=0 | category=0 groups=5)
[2026-05-26T06:27:28.974554Z] [notify] [tavern] sent 1/1 (main=1 | quest=0 | category=0 groups=5)
[2026-05-26T06:27:55.174649Z] [notify] [tavern] sent 1/1 (main=1 | quest=0 | category=0 groups=5)
[2026-05-26T06:53:00.297006Z] [notify] [tavern] sent 1/1 (main=1 | quest=0 | category=0 groups=5)
[2026-05-26T06:55:58.816873Z] [notify] [tavern] sent 1/1 (main=1 | quest=0 | category=0 groups=5)
[2026-05-26T06:57:03.539769Z] [notify] [tavern] sent 1/1 (main=1 | quest=0 | category=0 groups=5)
[2026-05-26T07:00:03.758779Z] [notify] [tavern] sent 1/1 (main=1 | quest=0 | category=0 groups=5)
[2026-05-26T07:05:52.260924Z] [notify] [tavern] sent 1/1 (main=1 | quest=0 | category=0 groups=5)
[2026-05-26T07:06:24.126892Z] [notify] [tavern] sent 1/1 (main=1 | quest=0 | category=0 groups=5)
[2026-05-26T07:20:23.854768Z] [notify] [tavern] sent 1/1 (main=1 | quest=0 | category=0 groups=5)
[2026-05-26T08:00:04.571944Z] [notify] [tavern] sent 1/1 (main=1 | quest=0 | category=0 groups=5)
[2026-05-26T08:01:39.800373Z] [notify] [tavern] sent 1/1 (main=1 | quest=0 | category=0 groups=5)
[2026-05-26T09:00:05.240933Z] [notify] [tavern] sent 1/1 (main=1 | quest=0 | category=0 groups=5)
[2026-05-26T09:44:26.958743Z] [notify] [tavern] sent 1/1 (main=1 | quest=0 | category=0 groups=5)
[2026-05-26T10:00:06.664364Z] [notify] [tavern] sent 1/1 (main=1 | quest=0 | category=0 groups=5)
[2026-05-26T11:00:03.955789Z] [notify] [tavern] sent 1/1 (main=1 | quest=0 | category=0 groups=5)
[2026-05-26T12:00:06.926025Z] [notify] [tavern] sent 1/1 (main=1 | quest=0 | category=0 groups=5)
[2026-05-26T12:42:57.271065Z] [notify] [tavern] sent 1/1 (main=1 | quest=0 | category=0 groups=5)
[2026-05-26T13:00:05.055474Z] [notify] [tavern] sent 1/1 (main=1 | quest=0 | category=0 groups=5)
[2026-05-26T14:00:10.400837Z] [notify] [tavern] sent 1/1 (main=1 | quest=0 | category=0 groups=5)
[2026-05-26T15:00:50.673520Z] [notify] [tavern] sent 1/1 (main=1 | quest=0 | category=0 groups=5)
[2026-05-26T15:01:21.350306Z] [notify] [tavern] sent 1/1 (main=1 | quest=0 | category=0 groups=5)
[2026-05-26T15:01:24.468705Z] [notify] [tavern] sent 1/1 (main=1 | quest=0 | category=0 groups=5)
[2026-05-26T15:04:59.993235Z] [notify] [tavern] sent 1/1 (main=1 | quest=0 | category=0 groups=5)
[2026-05-26T15:10:46.468918Z] [notify] [tavern] sent 1/1 (main=1 | quest=0 | category=0 groups=5)
[2026-05-26T15:12:19.001253Z] [notify] [tavern] sent 1/1 (main=1 | quest=0 | category=0 groups=5)
[2026-05-26T15:37:10.064553Z] [notify] [tavern] sent 1/1 (main=1 | quest=0 | category=0 groups=5)
[2026-05-26T15:37:39.909134Z] [notify] [tavern] sent 1/1 (main=1 | quest=0 | category=0 groups=5)
[2026-05-26T15:50:06.182283Z] [notify] [tavern] sent 1/1 (main=1 | quest=0 | category=0 groups=5)
[2026-05-26T15:52:15.038803Z] [notify] [tavern] sent 1/1 (main=1 | quest=0 | category=0 groups=5)
[2026-05-26T15:55:42.492255Z] [notify] [tavern] sent 1/1 (main=1 | quest=0 | category=0 groups=5)
[2026-05-26T15:59:44.425358Z] [notify] [tavern] sent 1/1 (main=1 | quest=0 | category=0 groups=5)
[2026-05-26T16:00:13.839763Z] [notify] [tavern] sent 1/1 (main=1 | quest=0 | category=0 groups=5)
[2026-05-26T16:05:31.239573Z] [notify] [tavern] sent 1/1 (main=1 | quest=0 | category=0 groups=5)
[2026-05-27T01:00:06.718905Z] [notify] [tavern] sent 1/1 (main=1 | quest=0 | category=0 groups=5)
[2026-05-27T01:13:44.896899Z] [notify] [tavern] sent 1/1 (main=1 | quest=0 | category=0 groups=5)
[2026-05-27T01:21:11.133550Z] [notify] [tavern] sent 1/1 (main=1 | quest=0 | category=0 groups=5)
[2026-05-27T01:21:35.190920Z] [notify] [tavern] sent 1/1 (main=1 | quest=0 | category=0 groups=5)
[2026-05-27T01:35:15.281759Z] [notify] [tavern] sent 1/1 (main=1 | quest=0 | category=0 groups=5)
[2026-05-27T02:00:11.413807Z] [notify] [tavern] sent 2/2 (main=2 | quest=0 | category=0 groups=5)
[2026-05-27T02:31:15.104999Z] [notify] [tavern] sent 1/1 (main=1 | quest=0 | category=0 groups=5)
[2026-05-27T02:35:02.738232Z] [notify] [tavern] sent 1/1 (main=1 | quest=0 | category=0 groups=5)
[2026-05-27T02:35:59.962801Z] [notify] [tavern] sent 1/1 (main=1 | quest=0 | category=0 groups=5)
[2026-05-27T02:38:34.791390Z] [notify] [tavern] sent 1/1 (main=1 | quest=0 | category=0 groups=5)
[2026-05-27T02:40:57.502525Z] [notify] [tavern] sent 1/1 (main=1 | quest=0 | category=0 groups=5)
[2026-05-27T02:49:45.739033Z] [notify] [tavern] sent 1/1 (main=1 | quest=0 | category=0 groups=5)
[2026-05-27T03:00:07.169010Z] [notify] [tavern] sent 1/1 (main=1 | quest=0 | category=0 groups=5)
[2026-05-27T03:53:11.584962Z] [notify] [tavern] sent 1/1 (main=1 | quest=0 | category=0 groups=5)
[2026-05-27T03:53:32.124356Z] [notify] [tavern] sent 1/1 (main=1 | quest=0 | category=0 groups=5)
[2026-05-27T03:53:37.499472Z] [notify] [tavern] sent 1/1 (main=1 | quest=0 | category=0 groups=5)
[2026-05-27T04:00:04.794510Z] [notify] [tavern] sent 1/1 (main=1 | quest=0 | category=0 groups=5)
[2026-05-27T05:00:08.894672Z] [notify] [tavern] sent 1/1 (main=1 | quest=0 | category=0 groups=5)
[2026-05-27T05:24:35.595518Z] [notify] [tavern] sent 1/1 (main=1 | quest=0 | category=0 groups=5)
[2026-05-27T05:26:47.941707Z] [notify] [tavern] sent 1/1 (main=1 | quest=0 | category=0 groups=5)
[2026-05-27T05:28:27.996892Z] [notify] [tavern] sent 1/1 (main=1 | quest=0 | category=0 groups=5)
[2026-05-27T05:29:17.272973Z] [notify] [tavern] sent 1/1 (main=1 | quest=0 | category=0 groups=5)
[2026-05-27T05:33:38.119618Z] [notify] [tavern] sent 1/1 (main=1 | quest=0 | category=0 groups=5)
[2026-05-27T05:35:27.764438Z] [notify] [tavern] sent 1/1 (main=1 | quest=0 | category=0 groups=5)
[2026-05-27T05:38:33.702976Z] [notify] [tavern] sent 1/1 (main=1 | quest=0 | category=0 groups=5)
[2026-05-27T05:44:16.344769Z] [notify] [tavern] sent 1/1 (main=1 | quest=0 | category=0 groups=5)
[2026-05-27T05:51:04.193484Z] [notify] [tavern] sent 1/1 (main=1 | quest=0 | category=0 groups=5)
[2026-05-27T05:52:55.373305Z] [notify] [tavern] sent 1/1 (main=1 | quest=0 | category=0 groups=5)
[2026-05-27T05:53:07.083781Z] [notify] [tavern] sent 1/1 (main=1 | quest=0 | category=0 groups=5)
[2026-05-27T05:53:19.389100Z] [notify] [tavern] sent 1/1 (main=1 | quest=0 | category=0 groups=5)
[2026-05-27T05:53:27.762366Z] [notify] [tavern] sent 1/1 (main=1 | quest=0 | category=0 groups=5)
[2026-05-27T05:53:32.342124Z] [notify] [tavern] sent 1/1 (main=1 | quest=0 | category=0 groups=5)
[2026-05-27T05:53:57.793449Z] [notify] [tavern] sent 1/1 (main=1 | quest=0 | category=0 groups=5)
[2026-05-27T05:54:16.487175Z] [notify] [tavern] sent 1/1 (main=1 | quest=0 | category=0 groups=5)
[2026-05-27T05:55:56.641282Z] [notify] [tavern] sent 1/1 (main=1 | quest=0 | category=0 groups=5)
[2026-05-27T05:56:22.052487Z] [notify] [tavern] sent 1/1 (main=1 | quest=0 | category=0 groups=5)
[2026-05-27T06:00:04.985130Z] [notify] [tavern] sent 1/1 (main=1 | quest=0 | category=0 groups=5)
[2026-05-27T06:01:33.612808Z] [notify] [tavern] sent 1/1 (main=1 | quest=0 | category=0 groups=5)
[2026-05-27T06:01:56.231124Z] [notify] [tavern] sent 1/1 (main=1 | quest=0 | category=0 groups=5)
[2026-05-27T06:02:31.662148Z] [notify] [tavern] sent 1/1 (main=1 | quest=0 | category=0 groups=5)
[2026-05-27T06:03:54.923362Z] [notify] [tavern] sent 1/1 (main=1 | quest=0 | category=0 groups=5)
[2026-05-27T06:07:49.292037Z] [notify] [tavern] sent 1/1 (main=1 | quest=0 | category=0 groups=5)
[2026-05-27T06:14:01.263812Z] [notify] [tavern] sent 1/1 (main=1 | quest=0 | category=0 groups=5)
[2026-05-27T06:18:43.165725Z] [notify] [tavern] sent 1/1 (main=1 | quest=0 | category=0 groups=5)
[2026-05-27T06:20:42.530858Z] [notify] [tavern] sent 1/1 (main=1 | quest=0 | category=0 groups=5)
[2026-05-27T06:21:32.052187Z] [notify] [tavern] sent 1/1 (main=1 | quest=0 | category=0 groups=5)
[2026-05-27T06:21:35.412706Z] [notify] [tavern] sent 1/1 (main=1 | quest=0 | category=0 groups=5)
[2026-05-27T06:23:45.216898Z] [notify] [tavern] sent 1/1 (main=1 | quest=0 | category=0 groups=5)
[2026-05-27T06:25:06.505524Z] [notify] [tavern] sent 1/1 (main=1 | quest=0 | category=0 groups=5)
[2026-05-27T06:26:35.284243Z] [notify] [tavern] sent 1/1 (main=1 | quest=0 | category=0 groups=5)
[2026-05-27T06:28:42.778366Z] [notify] [tavern] sent 1/1 (main=1 | quest=0 | category=0 groups=5)
[2026-05-27T06:32:28.888140Z] [notify] [tavern] sent 1/1 (main=1 | quest=0 | category=0 groups=5)
[2026-05-27T06:34:07.849108Z] [notify] [tavern] sent 1/1 (main=1 | quest=0 | category=0 groups=5)
[2026-05-27T06:38:21.990902Z] [notify] [tavern] sent 1/1 (main=1 | quest=0 | category=0 groups=5)
[2026-05-27T06:39:51.062072Z] [notify] [tavern] sent 1/1 (main=1 | quest=0 | category=0 groups=5)
[2026-05-27T06:50:40.124312Z] [notify] [tavern] sent 1/1 (main=1 | quest=0 | category=0 groups=5)
[2026-05-27T06:54:38.385203Z] [notify] [tavern] sent 1/1 (main=1 | quest=0 | category=0 groups=5)
[2026-05-27T07:00:06.021484Z] [notify] [tavern] sent 1/1 (main=1 | quest=0 | category=0 groups=5)
[2026-05-27T07:02:29.354501Z] [notify] [tavern] sent 1/1 (main=1 | quest=0 | category=0 groups=5)
[2026-05-27T07:14:24.967165Z] [notify] [tavern] sent 1/1 (main=1 | quest=0 | category=0 groups=5)
[2026-05-27T07:26:18.830997Z] [notify] [tavern] sent 1/1 (main=1 | quest=0 | category=0 groups=5)
[2026-05-27T07:38:11.977926Z] [notify] [tavern] sent 1/1 (main=1 | quest=0 | category=0 groups=5)
[2026-05-27T07:51:32.440498Z] [notify] [tavern] sent 1/1 (main=1 | quest=0 | category=0 groups=5)
[2026-05-27T08:00:06.331238Z] [notify] [tavern] sent 1/1 (main=1 | quest=0 | category=0 groups=5)
[2026-05-27T08:02:27.675163Z] [notify] [tavern] sent 1/1 (main=1 | quest=0 | category=0 groups=5)
[2026-05-27T09:00:04.243236Z] [notify] [tavern] sent 1/1 (main=1 | quest=0 | category=0 groups=5)
[2026-05-27T09:14:24.572916Z] [notify] [tavern] sent 1/1 (main=1 | quest=0 | category=0 groups=5)
[2026-05-27T10:00:07.812167Z] [notify] [tavern] sent 1/1 (main=1 | quest=0 | category=0 groups=5)
[2026-05-27T11:00:04.042413Z] [notify] [tavern] sent 1/1 (main=1 | quest=0 | category=0 groups=5)
[2026-05-27T12:00:04.924989Z] [notify] [tavern] sent 1/1 (main=1 | quest=0 | category=0 groups=5)
[2026-05-27T13:00:05.990233Z] [notify] [tavern] sent 1/1 (main=1 | quest=0 | category=0 groups=5)
[2026-05-27T14:00:07.754925Z] [notify] [tavern] sent 1/1 (main=1 | quest=0 | category=0 groups=5)
[2026-05-27T15:00:04.243214Z] [notify] [tavern] sent 1/1 (main=1 | quest=0 | category=0 groups=5)
[2026-05-27T15:01:11.930255Z] [notify] [tavern] sent 1/1 (main=1 | quest=0 | category=0 groups=5)
[2026-05-27T15:01:48.089609Z] [notify] [tavern] sent 1/1 (main=1 | quest=0 | category=0 groups=5)
[2026-05-27T15:01:56.256881Z] [notify] [tavern] sent 1/1 (main=1 | quest=0 | category=0 groups=5)
[2026-05-27T15:02:46.236024Z] [notify] [tavern] sent 1/1 (main=1 | quest=0 | category=0 groups=5)
[2026-05-27T15:03:13.938562Z] [notify] [tavern] sent 1/1 (main=1 | quest=0 | category=0 groups=5)
[2026-05-27T15:03:28.009876Z] [notify] [tavern] sent 1/1 (main=1 | quest=0 | category=0 groups=5)
[2026-05-27T15:08:57.729662Z] [notify] [tavern] sent 1/1 (main=1 | quest=0 | category=0 groups=5)
[2026-05-27T15:15:30.223906Z] [notify] [tavern] sent 1/1 (main=1 | quest=0 | category=0 groups=5)
[2026-05-27T15:18:39.535430Z] [notify] [tavern] sent 1/1 (main=1 | quest=0 | category=0 groups=5)
[2026-05-27T15:27:28.398641Z] [notify] [tavern] sent 1/1 (main=1 | quest=0 | category=0 groups=5)
[2026-05-27T15:35:01.529873Z] [notify] [tavern] sent 1/1 (main=1 | quest=0 | category=0 groups=5)
[2026-05-27T15:39:48.866746Z] [notify] [tavern] sent 1/1 (main=1 | quest=0 | category=0 groups=5)
[2026-05-27T15:50:03.305093Z] [notify] [tavern] sent 1/1 (main=1 | quest=0 | category=0 groups=5)
[2026-05-27T15:52:33.693429Z] [notify] [tavern] sent 1/1 (main=1 | quest=0 | category=0 groups=5)
[2026-05-27T15:54:00.399534Z] [notify] [tavern] sent 1/1 (main=1 | quest=0 | category=0 groups=5)
[2026-05-27T15:54:05.860791Z] [notify] [tavern] sent 1/1 (main=1 | quest=0 | category=0 groups=5)
[2026-05-27T15:55:17.159963Z] [notify] [tavern] sent 1/1 (main=1 | quest=0 | category=0 groups=5)
[2026-05-28T00:50:46.813461Z] [notify] [tavern] sent 1/1 (main=1 | quest=0 | category=0 groups=5)
[2026-05-28T01:00:06.847317Z] [notify] [tavern] sent 1/1 (main=1 | quest=0 | category=0 groups=5)
[2026-05-28T01:12:44.345338Z] [notify] [tavern] sent 1/1 (main=1 | quest=0 | category=0 groups=5)
[2026-05-28T01:13:25.866990Z] [notify] [tavern] sent 1/1 (main=1 | quest=0 | category=0 groups=5)
[2026-05-28T01:18:21.522361Z] [notify] [tavern] sent 1/1 (main=1 | quest=0 | category=0 groups=5)
[2026-05-28T01:28:35.968355Z] [notify] [tavern] sent 1/1 (main=1 | quest=0 | category=0 groups=5)
[2026-05-28T01:29:02.053597Z] [notify] [tavern] sent 1/1 (main=1 | quest=0 | category=0 groups=5)
[2026-05-28T01:30:14.175259Z] [notify] [category-routing] group 'lounge-channel' 全部 webhook URL 都是 placeholder (1 個)，跳過 broadcast
[2026-05-28T01:30:18.581481Z] [notify] [tavern] sent 1/1 (main=1 | quest=0 | category=0 groups=5)
[2026-05-28T01:30:25.233043Z] [notify] [category-routing] group 'lounge-channel' 全部 webhook URL 都是 placeholder (1 個)，跳過 broadcast
[2026-05-28T01:30:28.915234Z] [notify] [tavern] sent 1/1 (main=1 | quest=0 | category=0 groups=5)
[2026-05-28T01:30:52.479155Z] [notify] [tavern] sent 1/1 (main=1 | quest=0 | category=0 groups=5)
[2026-05-28T02:00:08.222652Z] [notify] [tavern] sent 2/2 (main=2 | quest=0 | category=0 groups=5)
[2026-05-28T02:00:56.076095Z] [notify] [tavern] sent 1/1 (main=1 | quest=0 | category=0 groups=5)
[2026-05-28T02:01:02.168047Z] [notify] [tavern] sent 1/1 (main=1 | quest=0 | category=0 groups=5)
[2026-05-28T02:22:22.746852Z] [notify] [tavern] sent 1/1 (main=1 | quest=0 | category=0 groups=5)
[2026-05-28T02:23:37.731258Z] [notify] [tavern] sent 1/1 (main=1 | quest=0 | category=0 groups=5)
[2026-05-28T02:25:44.672491Z] [notify] [tavern] sent 1/1 (main=1 | quest=0 | category=0 groups=5)
[2026-05-28T02:30:11.951772Z] [notify] [tavern] sent 1/1 (main=1 | quest=0 | category=0 groups=5)
[2026-05-28T03:00:07.120196Z] [notify] [tavern] sent 1/1 (main=1 | quest=0 | category=0 groups=5)
[2026-05-28T03:02:53.459909Z] [notify] [tavern] sent 1/1 (main=1 | quest=0 | category=0 groups=5)
[2026-05-28T04:00:04.599923Z] [notify] [tavern] sent 1/1 (main=1 | quest=0 | category=0 groups=5)
[2026-05-28T05:00:04.270838Z] [notify] [tavern] sent 1/1 (main=1 | quest=0 | category=0 groups=5)
[2026-05-28T06:00:07.568362Z] [notify] [tavern] sent 1/1 (main=1 | quest=0 | category=0 groups=5)
[2026-05-28T06:37:31.239704Z] [notify] [tavern] sent 1/1 (main=1 | quest=0 | category=0 groups=5)
[2026-05-28T06:38:12.284491Z] [notify] [tavern] sent 1/1 (main=1 | quest=0 | category=0 groups=5)
[2026-05-28T06:44:50.584280Z] [notify] [tavern] sent 1/1 (main=1 | quest=0 | category=0 groups=5)
[2026-05-28T06:46:27.970962Z] [notify] [tavern] sent 1/1 (main=1 | quest=0 | category=0 groups=5)
[2026-05-28T06:48:38.950523Z] [notify] [tavern] sent 1/1 (main=1 | quest=0 | category=0 groups=5)
[2026-05-28T07:00:04.977014Z] [notify] [tavern] sent 1/1 (main=1 | quest=0 | category=0 groups=5)
[2026-05-28T07:02:54.215130Z] [notify] [tavern] sent 1/1 (main=1 | quest=0 | category=0 groups=5)
[2026-05-28T07:03:35.421109Z] [notify] [tavern] sent 1/1 (main=1 | quest=0 | category=0 groups=5)
[2026-05-28T07:04:54.568169Z] [notify] [tavern] sent 1/1 (main=1 | quest=0 | category=0 groups=5)
[2026-05-28T07:06:48.579396Z] [notify] [tavern] sent 1/1 (main=1 | quest=0 | category=0 groups=5)
[2026-05-28T07:10:55.067167Z] [notify] [tavern] sent 1/1 (main=1 | quest=0 | category=0 groups=5)
[2026-05-28T07:12:11.830181Z] [notify] [tavern] sent 1/1 (main=1 | quest=0 | category=0 groups=5)
[2026-05-28T07:16:31.611820Z] [notify] [tavern] sent 1/1 (main=1 | quest=0 | category=0 groups=5)
[2026-05-28T07:16:41.922504Z] [notify] [tavern] sent 1/1 (main=1 | quest=0 | category=0 groups=5)
[2026-05-28T07:18:06.704122Z] [notify] [tavern] sent 1/1 (main=1 | quest=0 | category=0 groups=5)
[2026-05-28T07:31:33.650071Z] [notify] [tavern] sent 1/1 (main=1 | quest=0 | category=0 groups=5)
[2026-05-28T07:46:06.723441Z] [notify] [tavern] sent 1/1 (main=1 | quest=0 | category=0 groups=5)
[2026-05-28T07:47:32.827085Z] [notify] [tavern] sent 1/1 (main=1 | quest=0 | category=0 groups=5)
[2026-05-28T07:59:55.287820Z] [notify] [tavern] sent 1/1 (main=1 | quest=0 | category=0 groups=5)
[2026-05-28T08:00:07.075386Z] [notify] [tavern] sent 1/1 (main=1 | quest=0 | category=0 groups=5)
[2026-05-28T08:04:30.455463Z] [notify] [tavern] sent 1/1 (main=1 | quest=0 | category=0 groups=5)
[2026-05-28T08:14:47.963399Z] [notify] [tavern] sent 1/1 (main=1 | quest=0 | category=0 groups=5)
[2026-05-28T09:00:05.490830Z] [notify] [tavern] sent 1/1 (main=1 | quest=0 | category=0 groups=5)
[2026-05-28T09:34:45.809877Z] [notify] [tavern] sent 1/1 (main=1 | quest=0 | category=0 groups=5)
[2026-05-28T09:36:06.694727Z] [notify] [tavern] sent 1/1 (main=1 | quest=0 | category=0 groups=5)
[2026-05-28T09:43:23.257529Z] [notify] [tavern] sent 1/1 (main=1 | quest=0 | category=0 groups=5)
[2026-05-28T10:00:07.919785Z] [notify] [tavern] sent 1/1 (main=1 | quest=0 | category=0 groups=5)
[2026-05-28T10:06:28.980419Z] [notify] [tavern] sent 1/1 (main=1 | quest=0 | category=0 groups=5)
[2026-05-28T10:15:12.518978Z] [notify] [tavern] sent 1/1 (main=1 | quest=0 | category=0 groups=5)
[2026-05-28T11:00:07.805790Z] [notify] [tavern] sent 1/1 (main=1 | quest=0 | category=0 groups=5)
[2026-05-28T11:43:24.131483Z] [notify] [tavern] sent 1/1 (main=1 | quest=0 | category=0 groups=5)
[2026-05-28T11:44:21.444944Z] [notify] [tavern] sent 1/1 (main=1 | quest=0 | category=0 groups=5)
[2026-05-28T11:47:05.867062Z] [notify] [tavern] sent 1/1 (main=1 | quest=0 | category=0 groups=5)
[2026-05-28T11:47:24.571718Z] [notify] [tavern] sent 1/1 (main=1 | quest=0 | category=0 groups=5)
[2026-05-28T11:48:06.697739Z] [notify] [tavern] sent 1/1 (main=1 | quest=0 | category=0 groups=5)
[2026-05-28T11:48:23.912630Z] [notify] [tavern] sent 1/1 (main=1 | quest=0 | category=0 groups=5)
[2026-05-28T11:49:46.824545Z] [notify] [tavern] sent 1/1 (main=1 | quest=0 | category=0 groups=5)
[2026-05-28T11:53:40.463413Z] [notify] [tavern] sent 1/1 (main=1 | quest=0 | category=0 groups=5)
[2026-05-28T11:59:26.660383Z] [notify] [tavern] sent 1/1 (main=1 | quest=0 | category=0 groups=5)
[2026-05-28T12:00:05.319891Z] [notify] [tavern] sent 1/1 (main=1 | quest=0 | category=0 groups=5)
[2026-05-28T12:01:24.995867Z] [notify] [tavern] sent 1/1 (main=1 | quest=0 | category=0 groups=5)
[2026-05-28T12:14:26.989586Z] [notify] [tavern] sent 1/1 (main=1 | quest=0 | category=0 groups=5)
[2026-05-28T12:27:13.151101Z] [notify] [tavern] sent 1/1 (main=1 | quest=0 | category=0 groups=5)
[2026-05-28T12:40:21.365442Z] [notify] [tavern] sent 1/1 (main=1 | quest=0 | category=0 groups=5)
[2026-05-28T12:52:56.778570Z] [notify] [tavern] sent 1/1 (main=1 | quest=0 | category=0 groups=5)
[2026-05-28T13:00:03.838645Z] [notify] [tavern] sent 1/1 (main=1 | quest=0 | category=0 groups=5)
[2026-05-28T13:05:41.436173Z] [notify] [tavern] sent 1/1 (main=1 | quest=0 | category=0 groups=5)
[2026-05-28T13:17:54.894323Z] [notify] [tavern] sent 1/1 (main=1 | quest=0 | category=0 groups=5)
[2026-05-28T13:32:19.499558Z] [notify] [tavern] sent 1/1 (main=1 | quest=0 | category=0 groups=5)
[2026-05-28T13:33:10.044889Z] [notify] [tavern] sent 1/1 (main=1 | quest=0 | category=0 groups=5)
[2026-05-28T13:45:08.252377Z] [notify] [tavern] sent 1/1 (main=1 | quest=0 | category=0 groups=5)
[2026-05-28T14:00:04.568646Z] [notify] [tavern] sent 1/1 (main=1 | quest=0 | category=0 groups=5)
[2026-05-28T15:00:04.305813Z] [notify] [tavern] sent 1/1 (main=1 | quest=0 | category=0 groups=5)
[2026-05-28T15:50:04.459169Z] [notify] [tavern] sent 1/1 (main=1 | quest=0 | category=0 groups=5)
[2026-05-28T16:00:21.516739Z] [notify] [tavern] sent 1/1 (main=1 | quest=0 | category=0 groups=5)
[2026-05-28T16:01:00.482347Z] [notify] [tavern] sent 1/1 (main=1 | quest=0 | category=0 groups=5)
[2026-05-28T16:02:06.051819Z] [notify] [tavern] sent 1/1 (main=1 | quest=0 | category=0 groups=5)
[2026-05-28T16:05:07.404215Z] [notify] [tavern] sent 1/1 (main=1 | quest=0 | category=0 groups=5)
[2026-05-28T16:06:32.153916Z] [notify] [tavern] sent 1/1 (main=1 | quest=0 | category=0 groups=5)
[2026-05-29T00:40:19.492647Z] [notify] [tavern] sent 1/1 (main=1 | quest=0 | category=0 groups=5)
[2026-05-29T00:41:54.154067Z] [notify] [tavern] sent 1/1 (main=1 | quest=0 | category=0 groups=5)
[2026-05-29T00:42:06.528852Z] [notify] [tavern] sent 1/1 (main=1 | quest=0 | category=0 groups=5)
[2026-05-29T00:43:30.666977Z] [notify] [tavern] sent 1/1 (main=1 | quest=0 | category=0 groups=5)
[2026-05-29T01:00:04.645784Z] [notify] [tavern] sent 1/1 (main=1 | quest=0 | category=0 groups=5)
[2026-05-29T01:10:46.791008Z] [notify] [tavern] sent 1/1 (main=1 | quest=0 | category=0 groups=5)
[2026-05-29T01:35:05.794542Z] [notify] [tavern] sent 1/1 (main=1 | quest=0 | category=0 groups=5)
[2026-05-29T01:37:13.279900Z] [notify] [tavern] sent 1/1 (main=1 | quest=0 | category=0 groups=5)
[2026-05-29T01:38:26.666485Z] [notify] [tavern] sent 1/1 (main=1 | quest=0 | category=0 groups=5)
[2026-05-29T02:00:05.751428Z] [notify] [tavern] sent 2/2 (main=2 | quest=0 | category=0 groups=5)
[2026-05-29T02:06:25.966990Z] [notify] [tavern] sent 1/1 (main=1 | quest=0 | category=0 groups=5)
[2026-05-29T02:07:13.362672Z] [notify] [tavern] sent 1/1 (main=1 | quest=0 | category=0 groups=5)
[2026-05-29T03:00:05.149395Z] [notify] [tavern] sent 1/1 (main=1 | quest=0 | category=0 groups=5)
[2026-05-29T03:31:39.401862Z] [notify] [tavern] sent 1/1 (main=0 | quest=0 | category=1 groups=5)
[2026-05-29T03:32:47.927012Z] [notify] [tavern] sent 1/1 (main=0 | quest=0 | category=1 groups=5)
[2026-05-29T03:32:56.948405Z] [notify] [tavern] sent 1/1 (main=0 | quest=0 | category=1 groups=5)
[2026-05-29T03:33:26.016266Z] [notify] [tavern] sent 1/1 (main=0 | quest=0 | category=1 groups=5)
[2026-05-29T03:33:30.021506Z] [notify] [tavern] sent 1/1 (main=0 | quest=0 | category=1 groups=5)
[2026-05-29T03:33:46.339747Z] [notify] [tavern] sent 1/1 (main=0 | quest=0 | category=1 groups=5)
[2026-05-29T03:35:13.601001Z] [notify] [tavern] sent 1/1 (main=1 | quest=0 | category=0 groups=5)
[2026-05-29T04:00:10.174775Z] [notify] [tavern] sent 1/1 (main=1 | quest=0 | category=0 groups=5)
[2026-05-29T05:00:06.896013Z] [notify] [tavern] sent 1/1 (main=1 | quest=0 | category=0 groups=5)
[2026-05-29T06:00:05.295123Z] [notify] [tavern] sent 1/1 (main=1 | quest=0 | category=0 groups=5)
[2026-05-29T07:00:04.021413Z] [notify] [tavern] sent 1/1 (main=1 | quest=0 | category=0 groups=5)
[2026-05-29T08:00:07.266284Z] [notify] [tavern] sent 1/1 (main=1 | quest=0 | category=0 groups=5)
[2026-05-29T08:17:35.402450Z] [notify] [tavern] sent 1/1 (main=1 | quest=0 | category=0 groups=5)
[2026-05-29T09:00:06.421828Z] [notify] [tavern] sent 1/1 (main=1 | quest=0 | category=0 groups=5)
[2026-05-29T09:08:26.576753Z] [notify] [tavern] sent 1/1 (main=1 | quest=0 | category=0 groups=5)
[2026-05-29T09:10:04.564098Z] [notify] [tavern] sent 1/1 (main=1 | quest=0 | category=0 groups=5)
[2026-05-29T09:41:36.394660Z] [notify] [tavern] sent 1/1 (main=1 | quest=0 | category=0 groups=5)
[2026-05-29T09:46:22.995843Z] [notify] [tavern] sent 1/1 (main=1 | quest=0 | category=0 groups=5)
[2026-05-29T09:48:14.399039Z] [notify] [tavern] sent 1/1 (main=1 | quest=0 | category=0 groups=5)
[2026-05-29T09:50:55.000357Z] [notify] [tavern] sent 1/1 (main=1 | quest=0 | category=0 groups=5)
[2026-05-29T09:51:51.902671Z] [notify] [tavern] sent 1/1 (main=1 | quest=0 | category=0 groups=5)
[2026-05-29T09:53:39.977867Z] [notify] [tavern] sent 1/1 (main=1 | quest=0 | category=0 groups=5)
[2026-05-29T10:00:05.801390Z] [notify] [tavern] sent 1/1 (main=1 | quest=0 | category=0 groups=5)
[2026-05-29T10:16:35.831937Z] [notify] [tavern] sent 1/1 (main=1 | quest=0 | category=0 groups=5)
[2026-05-29T11:00:05.754586Z] [notify] [tavern] sent 1/1 (main=1 | quest=0 | category=0 groups=5)
[2026-05-29T12:00:07.957293Z] [notify] [tavern] sent 1/1 (main=1 | quest=0 | category=0 groups=5)
[2026-05-29T13:00:05.120330Z] [notify] [tavern] sent 1/1 (main=1 | quest=0 | category=0 groups=5)
[2026-05-29T14:00:03.332116Z] [notify] [tavern] sent 1/1 (main=1 | quest=0 | category=0 groups=5)
[2026-05-29T15:00:07.720411Z] [notify] [tavern] sent 1/1 (main=1 | quest=0 | category=0 groups=5)
[2026-05-29T15:50:03.077264Z] [notify] [tavern] sent 1/1 (main=1 | quest=0 | category=0 groups=5)
[2026-05-29T15:52:31.683931Z] [notify] [tavern] sent 1/1 (main=1 | quest=0 | category=0 groups=5)
[2026-05-29T15:52:38.623858Z] [notify] [tavern] sent 1/1 (main=1 | quest=0 | category=0 groups=5)
[2026-05-29T15:52:58.209037Z] [notify] [tavern] sent 1/1 (main=1 | quest=0 | category=0 groups=5)
[2026-05-29T15:55:32.951330Z] [notify] [tavern] sent 1/1 (main=1 | quest=0 | category=0 groups=5)
[2026-05-29T22:38:37.379358Z] [notify] [tavern] sent 1/1 (main=1 | quest=0 | category=0 groups=5)
[2026-05-29T22:44:14.844076Z] [notify] [tavern] sent 1/1 (main=1 | quest=0 | category=0 groups=5)
[2026-05-29T22:44:28.247895Z] [notify] [tavern] sent 1/1 (main=1 | quest=0 | category=0 groups=5)
[2026-05-29T22:54:26.888850Z] [notify] [tavern] sent 1/1 (main=1 | quest=0 | category=0 groups=5)
[2026-05-29T22:54:31.228240Z] [notify] [tavern] sent 1/1 (main=1 | quest=0 | category=0 groups=5)
[2026-05-29T23:07:06.405321Z] [notify] [tavern] sent 1/1 (main=1 | quest=0 | category=0 groups=5)
[2026-05-29T23:07:09.189368Z] [notify] [tavern] sent 1/1 (main=1 | quest=0 | category=0 groups=5)
[2026-05-29T23:10:26.554024Z] [notify] [tavern] sent 1/1 (main=1 | quest=0 | category=0 groups=5)
[2026-05-29T23:15:18.972881Z] [notify] [tavern] sent 1/1 (main=1 | quest=0 | category=0 groups=5)
[2026-05-29T23:26:17.029733Z] [notify] [tavern] sent 1/1 (main=1 | quest=0 | category=0 groups=5)
[2026-05-30T01:00:06.658515Z] [notify] [tavern] sent 1/1 (main=1 | quest=0 | category=0 groups=5)
[2026-05-30T01:14:28.543254Z] [notify] [tavern] sent 1/1 (main=1 | quest=0 | category=0 groups=5)
[2026-05-30T01:16:47.974383Z] [notify] [tavern] sent 1/1 (main=1 | quest=0 | category=0 groups=5)
[2026-05-30T01:19:27.422544Z] [notify] [tavern] sent 1/1 (main=1 | quest=0 | category=0 groups=5)
[2026-05-30T01:20:12.948701Z] [notify] [tavern] sent 1/1 (main=1 | quest=0 | category=0 groups=5)
[2026-05-30T01:21:01.231938Z] [notify] [tavern] sent 1/1 (main=1 | quest=0 | category=0 groups=5)
[2026-05-30T01:23:25.307244Z] [notify] [tavern] sent 1/1 (main=1 | quest=0 | category=0 groups=5)
[2026-05-30T01:30:19.299402Z] [notify] [tavern] sent 1/1 (main=1 | quest=0 | category=0 groups=5)
[2026-05-30T01:35:41.504435Z] [notify] [tavern] sent 1/1 (main=1 | quest=0 | category=0 groups=5)
[2026-05-30T01:40:50.223189Z] [notify] [tavern] sent 1/1 (main=1 | quest=0 | category=0 groups=5)
[2026-05-30T01:46:50.343212Z] [notify] [tavern] sent 1/1 (main=1 | quest=0 | category=0 groups=5)
[2026-05-30T01:52:50.817929Z] [notify] [tavern] sent 1/1 (main=1 | quest=0 | category=0 groups=5)
[2026-05-30T01:58:50.062146Z] [notify] [tavern] sent 1/1 (main=1 | quest=0 | category=0 groups=5)
[2026-05-30T02:00:07.633380Z] [notify] [tavern] sent 2/2 (main=2 | quest=0 | category=0 groups=5)
[2026-05-30T02:04:54.118717Z] [notify] [tavern] sent 1/1 (main=1 | quest=0 | category=0 groups=5)
[2026-05-30T02:10:48.016439Z] [notify] [tavern] sent 1/1 (main=1 | quest=0 | category=0 groups=5)
[2026-05-30T02:16:51.519142Z] [notify] [tavern] sent 1/1 (main=1 | quest=0 | category=0 groups=5)
[2026-05-30T02:22:51.037265Z] [notify] [tavern] sent 1/1 (main=1 | quest=0 | category=0 groups=5)
[2026-05-30T02:28:45.665584Z] [notify] [tavern] sent 1/1 (main=1 | quest=0 | category=0 groups=5)
[2026-05-30T02:35:03.742011Z] [notify] [tavern] sent 1/1 (main=1 | quest=0 | category=0 groups=5)
[2026-05-30T02:41:34.399361Z] [notify] [tavern] sent 1/1 (main=1 | quest=0 | category=0 groups=5)
[2026-05-30T02:46:45.802443Z] [notify] [tavern] sent 1/1 (main=1 | quest=0 | category=0 groups=5)
[2026-05-30T03:00:06.332448Z] [notify] [tavern] sent 1/1 (main=1 | quest=0 | category=0 groups=5)
[2026-05-30T03:01:44.325416Z] [notify] [tavern] sent 1/1 (main=1 | quest=0 | category=0 groups=5)
[2026-05-30T03:05:09.248100Z] [notify] [tavern] sent 1/1 (main=1 | quest=0 | category=0 groups=5)
[2026-05-30T03:10:48.408144Z] [notify] [tavern] sent 1/1 (main=1 | quest=0 | category=0 groups=5)
[2026-05-30T03:11:30.205889Z] [notify] [tavern] sent 1/1 (main=1 | quest=0 | category=0 groups=5)
[2026-05-30T03:16:41.344895Z] [notify] [tavern] sent 1/1 (main=1 | quest=0 | category=0 groups=5)
[2026-05-30T03:22:03.166433Z] [notify] [tavern] sent 1/1 (main=1 | quest=0 | category=0 groups=5)
[2026-05-30T03:29:32.603115Z] [notify] [tavern] sent 1/1 (main=1 | quest=0 | category=0 groups=5)
[2026-05-30T03:38:39.276951Z] [notify] [tavern] sent 1/1 (main=1 | quest=0 | category=0 groups=5)
[2026-05-30T03:47:45.560578Z] [notify] [tavern] sent 1/1 (main=1 | quest=0 | category=0 groups=5)
[2026-05-30T03:56:44.874528Z] [notify] [tavern] sent 1/1 (main=1 | quest=0 | category=0 groups=5)
[2026-05-30T04:00:04.895504Z] [notify] [tavern] sent 1/1 (main=1 | quest=0 | category=0 groups=5)
[2026-05-30T04:05:31.643977Z] [notify] [tavern] sent 1/1 (main=1 | quest=0 | category=0 groups=5)
[2026-05-30T04:14:45.036519Z] [notify] [tavern] sent 1/1 (main=1 | quest=0 | category=0 groups=5)
[2026-05-30T04:24:52.120792Z] [notify] [tavern] sent 1/1 (main=1 | quest=0 | category=0 groups=5)
[2026-05-30T04:36:54.399737Z] [notify] [tavern] sent 1/1 (main=1 | quest=0 | category=0 groups=5)
[2026-05-30T04:48:32.879594Z] [notify] [tavern] sent 1/1 (main=1 | quest=0 | category=0 groups=5)
[2026-05-30T05:00:06.950125Z] [notify] [tavern] sent 1/1 (main=1 | quest=0 | category=0 groups=5)
[2026-05-30T06:00:06.267033Z] [notify] [tavern] sent 1/1 (main=1 | quest=0 | category=0 groups=5)
[2026-05-30T07:00:04.007610Z] [notify] [tavern] sent 1/1 (main=1 | quest=0 | category=0 groups=5)
[2026-05-30T08:00:05.645772Z] [notify] [tavern] sent 1/1 (main=1 | quest=0 | category=0 groups=5)
[2026-05-30T09:00:05.351795Z] [notify] [tavern] sent 1/1 (main=1 | quest=0 | category=0 groups=5)
[2026-05-30T10:00:03.862239Z] [notify] [tavern] sent 1/1 (main=1 | quest=0 | category=0 groups=5)
[2026-05-30T11:00:09.520184Z] [notify] [tavern] sent 1/1 (main=1 | quest=0 | category=0 groups=5)
[2026-05-30T12:00:06.572741Z] [notify] [tavern] sent 1/1 (main=1 | quest=0 | category=0 groups=5)
[2026-05-30T13:00:06.709756Z] [notify] [tavern] sent 1/1 (main=1 | quest=0 | category=0 groups=5)
[2026-05-30T14:00:03.830670Z] [notify] [tavern] sent 1/1 (main=1 | quest=0 | category=0 groups=5)
[2026-06-01T22:36:00.476569Z] [notify] [tavern] sent 1/1 (main=1 | quest=0 | category=0 groups=5)
[2026-06-01T22:39:15.045241Z] [notify] [tavern] sent 1/1 (main=1 | quest=0 | category=0 groups=5)
[2026-06-01T22:39:18.673971Z] [notify] [tavern] sent 1/1 (main=1 | quest=0 | category=0 groups=5)
[2026-06-01T22:45:26.659616Z] [notify] [tavern] sent 1/1 (main=1 | quest=0 | category=0 groups=5)
[2026-06-01T22:51:08.936290Z] [notify] [tavern] sent 1/1 (main=1 | quest=0 | category=0 groups=5)
[2026-06-01T22:55:44.541660Z] [notify] [tavern] sent 1/1 (main=1 | quest=0 | category=0 groups=5)
[2026-06-01T22:56:57.398404Z] [notify] [tavern] sent 1/1 (main=1 | quest=0 | category=0 groups=5)
[2026-06-01T22:57:58.397742Z] [notify] [tavern] sent 1/1 (main=1 | quest=0 | category=0 groups=5)
[2026-06-01T23:05:43.032128Z] [notify] [tavern] sent 1/1 (main=1 | quest=0 | category=0 groups=5)
[2026-06-01T23:06:21.504031Z] [notify] [tavern] sent 1/1 (main=1 | quest=0 | category=0 groups=5)
[2026-06-01T23:19:39.208498Z] [notify] [tavern] sent 1/1 (main=1 | quest=0 | category=0 groups=5)
[2026-06-01T23:19:53.775164Z] [notify] [tavern] sent 1/1 (main=1 | quest=0 | category=0 groups=5)
[2026-06-01T23:20:28.409541Z] [notify] [tavern] sent 1/1 (main=1 | quest=0 | category=0 groups=5)
[2026-06-01T23:22:58.840891Z] [notify] [tavern] sent 1/1 (main=1 | quest=0 | category=0 groups=5)
[2026-06-01T23:23:31.984274Z] [notify] [tavern] sent 1/1 (main=1 | quest=0 | category=0 groups=5)
[2026-06-01T23:26:30.064749Z] [notify] [tavern] sent 1/1 (main=1 | quest=0 | category=0 groups=5)
[2026-06-01T23:36:24.603571Z] [notify] [tavern] sent 1/1 (main=1 | quest=0 | category=0 groups=5)
[2026-06-01T23:40:54.530507Z] [notify] [tavern] sent 1/1 (main=1 | quest=0 | category=0 groups=5)
[2026-06-01T23:42:10.758785Z] [notify] [tavern] sent 1/1 (main=1 | quest=0 | category=0 groups=5)
[2026-06-01T23:50:03.401194Z] [notify] [tavern] sent 1/1 (main=1 | quest=0 | category=0 groups=5)
[2026-06-01T23:50:40.576040Z] [notify] [tavern] sent 1/1 (main=1 | quest=0 | category=0 groups=5)
[2026-06-01T23:54:23.626086Z] [notify] [tavern] sent 1/1 (main=1 | quest=0 | category=0 groups=5)
[2026-06-01T23:57:11.337023Z] [notify] [tavern] sent 1/1 (main=1 | quest=0 | category=0 groups=5)
[2026-06-01T23:59:00.347813Z] [notify] [tavern] sent 1/1 (main=1 | quest=0 | category=0 groups=5)
[2026-06-02T00:04:23.424870Z] [notify] [tavern] sent 1/1 (main=1 | quest=0 | category=0 groups=5)
[2026-06-02T00:08:35.242785Z] [notify] [tavern] sent 1/1 (main=1 | quest=0 | category=0 groups=5)
[2026-06-02T00:09:46.508678Z] [notify] [tavern] sent 1/1 (main=1 | quest=0 | category=0 groups=5)
[2026-06-02T00:18:39.255354Z] [notify] [tavern] sent 1/1 (main=1 | quest=0 | category=0 groups=5)
[2026-06-02T00:43:08.657345Z] [notify] [tavern] sent 1/1 (main=1 | quest=0 | category=0 groups=5)
[2026-06-02T00:47:39.455327Z] [notify] [tavern] sent 1/1 (main=1 | quest=0 | category=0 groups=5)
[2026-06-02T00:48:58.497092Z] [notify] [tavern] sent 1/1 (main=1 | quest=0 | category=0 groups=5)
[2026-06-02T00:54:33.138477Z] [notify] [tavern] sent 1/1 (main=1 | quest=0 | category=0 groups=5)
[2026-06-02T01:00:08.147448Z] [notify] [tavern] sent 1/1 (main=1 | quest=0 | category=0 groups=5)
[2026-06-02T01:00:33.203706Z] [notify] [tavern] sent 1/1 (main=1 | quest=0 | category=0 groups=5)
[2026-06-02T01:02:37.581771Z] [notify] [tavern] sent 1/1 (main=1 | quest=0 | category=0 groups=5)
[2026-06-02T01:15:05.125575Z] [notify] [tavern] sent 1/1 (main=1 | quest=0 | category=0 groups=5)
[2026-06-02T01:16:43.901358Z] [notify] [tavern] sent 1/1 (main=1 | quest=0 | category=0 groups=5)
[2026-06-02T01:18:28.335778Z] [notify] [tavern] sent 1/1 (main=1 | quest=0 | category=0 groups=5)
[2026-06-02T01:21:48.760739Z] [notify] [tavern] sent 1/1 (main=1 | quest=0 | category=0 groups=5)
[2026-06-02T02:00:06.010368Z] [notify] [tavern] sent 2/2 (main=2 | quest=0 | category=0 groups=5)
[2026-06-02T03:00:05.752158Z] [notify] [tavern] sent 1/1 (main=1 | quest=0 | category=0 groups=5)
[2026-06-02T04:00:07.304144Z] [notify] [tavern] sent 1/1 (main=1 | quest=0 | category=0 groups=5)
[2026-06-02T05:00:07.104157Z] [notify] [tavern] sent 1/1 (main=1 | quest=0 | category=0 groups=5)
[2026-06-02T06:00:04.967642Z] [notify] [tavern] sent 1/1 (main=1 | quest=0 | category=0 groups=5)
[2026-06-02T06:11:58.071326Z] [notify] [tavern] sent 1/1 (main=1 | quest=0 | category=0 groups=5)
[2026-06-02T06:14:33.584370Z] [notify] [tavern] sent 1/1 (main=1 | quest=0 | category=0 groups=5)
[2026-06-02T06:18:27.105428Z] [notify] [tavern] sent 1/1 (main=1 | quest=0 | category=0 groups=5)
[2026-06-02T06:19:20.262285Z] [notify] [tavern] sent 1/1 (main=1 | quest=0 | category=0 groups=5)
[2026-06-02T06:21:46.252514Z] [notify] [tavern] sent 1/1 (main=1 | quest=0 | category=0 groups=5)
[2026-06-02T06:22:55.353546Z] [notify] [tavern] sent 1/1 (main=1 | quest=0 | category=0 groups=5)
[2026-06-02T06:28:24.406051Z] [notify] [tavern] sent 1/1 (main=1 | quest=0 | category=0 groups=5)
[2026-06-02T06:33:45.040128Z] [notify] [tavern] sent 1/1 (main=1 | quest=0 | category=0 groups=5)
[2026-06-02T07:00:05.610261Z] [notify] [tavern] sent 1/1 (main=1 | quest=0 | category=0 groups=5)
[2026-06-02T08:00:05.155107Z] [notify] [tavern] sent 1/1 (main=1 | quest=0 | category=0 groups=5)
[2026-06-02T09:00:06.571823Z] [notify] [tavern] sent 1/1 (main=1 | quest=0 | category=0 groups=5)
[2026-06-02T09:57:13.169925Z] [notify] [tavern] sent 1/1 (main=1 | quest=0 | category=0 groups=5)
[2026-06-02T09:59:38.697984Z] [notify] [tavern] sent 1/1 (main=1 | quest=0 | category=0 groups=5)
[2026-06-02T10:00:06.524808Z] [notify] [tavern] sent 1/1 (main=1 | quest=0 | category=0 groups=5)
[2026-06-02T10:03:49.396960Z] [notify] [tavern] sent 1/1 (main=1 | quest=0 | category=0 groups=5)
[2026-06-02T10:06:40.461463Z] [notify] [tavern] sent 1/1 (main=1 | quest=0 | category=0 groups=5)
[2026-06-02T10:08:54.154245Z] [notify] [tavern] sent 1/1 (main=1 | quest=0 | category=0 groups=5)
[2026-06-02T10:09:23.403261Z] [notify] [tavern] sent 1/1 (main=1 | quest=0 | category=0 groups=5)
[2026-06-02T10:11:48.840008Z] [notify] [tavern] sent 1/1 (main=1 | quest=0 | category=0 groups=5)
[2026-06-02T10:12:08.098184Z] [notify] [tavern] sent 1/1 (main=1 | quest=0 | category=0 groups=5)
[2026-06-02T10:14:59.256523Z] [notify] [tavern] sent 1/1 (main=1 | quest=0 | category=0 groups=5)
[2026-06-02T10:15:17.041172Z] [notify] [tavern] sent 1/1 (main=1 | quest=0 | category=0 groups=5)
[2026-06-02T10:17:57.736457Z] [notify] [tavern] sent 1/1 (main=1 | quest=0 | category=0 groups=5)
[2026-06-02T10:18:15.522240Z] [notify] [tavern] sent 1/1 (main=1 | quest=0 | category=0 groups=5)
[2026-06-02T10:20:52.501382Z] [notify] [tavern] sent 1/1 (main=1 | quest=0 | category=0 groups=5)
[2026-06-02T10:21:11.025585Z] [notify] [tavern] sent 1/1 (main=1 | quest=0 | category=0 groups=5)
[2026-06-02T10:23:46.643230Z] [notify] [tavern] sent 1/1 (main=1 | quest=0 | category=0 groups=5)
[2026-06-02T10:24:03.904962Z] [notify] [tavern] sent 1/1 (main=1 | quest=0 | category=0 groups=5)
[2026-06-02T10:26:47.274932Z] [notify] [tavern] sent 1/1 (main=1 | quest=0 | category=0 groups=5)
[2026-06-02T10:27:06.663785Z] [notify] [tavern] sent 1/1 (main=1 | quest=0 | category=0 groups=5)
[2026-06-02T10:29:53.843990Z] [notify] [tavern] sent 1/1 (main=1 | quest=0 | category=0 groups=5)
[2026-06-02T10:30:11.551315Z] [notify] [tavern] sent 1/1 (main=1 | quest=0 | category=0 groups=5)
[2026-06-02T10:32:57.220801Z] [notify] [tavern] sent 1/1 (main=1 | quest=0 | category=0 groups=5)
[2026-06-02T10:33:16.748168Z] [notify] [tavern] sent 1/1 (main=1 | quest=0 | category=0 groups=5)
[2026-06-02T10:35:46.611531Z] [notify] [tavern] sent 1/1 (main=1 | quest=0 | category=0 groups=5)
[2026-06-02T10:36:05.156387Z] [notify] [tavern] sent 1/1 (main=1 | quest=0 | category=0 groups=5)
[2026-06-02T10:39:00.236756Z] [notify] [tavern] sent 1/1 (main=1 | quest=0 | category=0 groups=5)
[2026-06-02T10:39:19.193756Z] [notify] [tavern] sent 1/1 (main=1 | quest=0 | category=0 groups=5)
[2026-06-02T10:41:55.369408Z] [notify] [tavern] sent 1/1 (main=1 | quest=0 | category=0 groups=5)
[2026-06-02T10:42:14.487537Z] [notify] [tavern] sent 1/1 (main=1 | quest=0 | category=0 groups=5)
[2026-06-02T10:44:50.319993Z] [notify] [tavern] sent 1/1 (main=1 | quest=0 | category=0 groups=5)
[2026-06-02T10:45:09.625926Z] [notify] [tavern] sent 1/1 (main=1 | quest=0 | category=0 groups=5)
[2026-06-02T10:47:56.482593Z] [notify] [tavern] sent 1/1 (main=1 | quest=0 | category=0 groups=5)
[2026-06-02T10:48:15.503599Z] [notify] [tavern] sent 1/1 (main=1 | quest=0 | category=0 groups=5)
[2026-06-02T10:50:54.076588Z] [notify] [tavern] sent 1/1 (main=1 | quest=0 | category=0 groups=5)
[2026-06-02T10:51:13.811111Z] [notify] [tavern] sent 1/1 (main=1 | quest=0 | category=0 groups=5)
[2026-06-02T10:53:49.580928Z] [notify] [tavern] sent 1/1 (main=1 | quest=0 | category=0 groups=5)
[2026-06-02T10:54:07.809644Z] [notify] [tavern] sent 1/1 (main=1 | quest=0 | category=0 groups=5)
[2026-06-02T10:56:59.024474Z] [notify] [tavern] sent 1/1 (main=1 | quest=0 | category=0 groups=5)
[2026-06-02T10:59:52.025202Z] [notify] [tavern] sent 1/1 (main=1 | quest=0 | category=0 groups=5)
[2026-06-02T11:00:02.732147Z] [notify] [tavern] sent 1/1 (main=1 | quest=0 | category=0 groups=5)
[2026-06-02T11:00:12.250650Z] [notify] [tavern] sent 1/1 (main=1 | quest=0 | category=0 groups=5)
[2026-06-02T11:02:58.821010Z] [notify] [tavern] sent 1/1 (main=1 | quest=0 | category=0 groups=5)
[2026-06-02T11:05:48.698442Z] [notify] [tavern] sent 1/1 (main=1 | quest=0 | category=0 groups=5)
[2026-06-02T11:08:44.912955Z] [notify] [tavern] sent 1/1 (main=1 | quest=0 | category=0 groups=5)
[2026-06-02T11:11:48.468009Z] [notify] [tavern] sent 1/1 (main=1 | quest=0 | category=0 groups=5)
[2026-06-02T11:14:46.819299Z] [notify] [tavern] sent 1/1 (main=1 | quest=0 | category=0 groups=5)
[2026-06-02T11:17:55.587243Z] [notify] [tavern] sent 1/1 (main=1 | quest=0 | category=0 groups=5)
[2026-06-02T11:20:48.640195Z] [notify] [tavern] sent 1/1 (main=1 | quest=0 | category=0 groups=5)
[2026-06-02T11:23:46.543587Z] [notify] [tavern] sent 1/1 (main=1 | quest=0 | category=0 groups=5)
[2026-06-02T11:27:30.428690Z] [notify] [tavern] sent 1/1 (main=1 | quest=0 | category=0 groups=5)
[2026-06-02T11:30:28.322659Z] [notify] [tavern] sent 1/1 (main=1 | quest=0 | category=0 groups=5)
[2026-06-02T11:32:51.090961Z] [notify] [tavern] sent 1/1 (main=1 | quest=0 | category=0 groups=5)
[2026-06-02T11:35:49.595228Z] [notify] [tavern] sent 1/1 (main=1 | quest=0 | category=0 groups=5)
[2026-06-02T11:38:48.623447Z] [notify] [tavern] sent 1/1 (main=1 | quest=0 | category=0 groups=5)
[2026-06-02T11:42:56.050828Z] [notify] [tavern] sent 1/1 (main=1 | quest=0 | category=0 groups=5)
[2026-06-02T11:45:54.885115Z] [notify] [tavern] sent 1/1 (main=1 | quest=0 | category=0 groups=5)
[2026-06-02T11:48:53.535217Z] [notify] [tavern] sent 1/1 (main=1 | quest=0 | category=0 groups=5)
[2026-06-02T11:51:51.814585Z] [notify] [tavern] sent 1/1 (main=1 | quest=0 | category=0 groups=5)
[2026-06-02T11:54:51.592145Z] [notify] [tavern] sent 1/1 (main=1 | quest=0 | category=0 groups=5)
[2026-06-02T11:59:18.284578Z] [notify] [tavern] sent 1/1 (main=1 | quest=0 | category=0 groups=5)
[2026-06-02T12:00:06.921427Z] [notify] [tavern] sent 1/1 (main=1 | quest=0 | category=0 groups=5)
[2026-06-02T12:02:02.502945Z] [notify] [tavern] sent 1/1 (main=1 | quest=0 | category=0 groups=5)
[2026-06-02T12:15:35.112398Z] [notify] [tavern] sent 1/1 (main=1 | quest=0 | category=0 groups=5)
[2026-06-02T12:15:45.734459Z] [notify] [tavern] sent 1/1 (main=1 | quest=0 | category=0 groups=5)
[2026-06-02T12:16:50.611171Z] [notify] [tavern] sent 1/1 (main=1 | quest=0 | category=0 groups=5)
[2026-06-02T12:18:18.738033Z] [notify] [tavern] sent 1/1 (main=1 | quest=0 | category=0 groups=5)
[2026-06-03T23:50:20.734063Z] [notify] [tavern] sent 1/1 (main=1 | quest=0 | category=0 groups=5)
[2026-06-03T23:55:03.402058Z] [notify] [tavern] sent 1/1 (main=1 | quest=0 | category=0 groups=5)
[2026-06-03T23:57:59.811336Z] [notify] [tavern] sent 1/1 (main=1 | quest=0 | category=0 groups=5)
[2026-06-04T00:02:00.451821Z] [notify] [tavern] sent 1/1 (main=1 | quest=0 | category=0 groups=5)
[2026-06-04T00:03:08.303438Z] [notify] [tavern] sent 1/1 (main=1 | quest=0 | category=0 groups=5)
[2026-06-04T00:12:14.705913Z] [notify] [tavern] sent 1/1 (main=1 | quest=0 | category=0 groups=5)
[2026-06-04T00:12:21.346702Z] [notify] [tavern] sent 1/1 (main=1 | quest=0 | category=0 groups=5)
[2026-06-04T00:13:05.316324Z] [notify] [tavern] sent 1/1 (main=1 | quest=0 | category=0 groups=5)
[2026-06-04T00:14:27.143050Z] [notify] [tavern] sent 1/1 (main=1 | quest=0 | category=0 groups=5)
[2026-06-04T00:14:34.419142Z] [notify] [tavern] sent 1/1 (main=1 | quest=0 | category=0 groups=5)
[2026-06-04T00:15:18.550259Z] [notify] [tavern] sent 1/1 (main=1 | quest=0 | category=0 groups=5)
[2026-06-04T00:15:19.389891Z] [notify] [tavern] sent 1/1 (main=1 | quest=0 | category=0 groups=5)
[2026-06-04T00:15:45.182885Z] [notify] [tavern] sent 1/1 (main=1 | quest=0 | category=0 groups=5)
[2026-06-04T00:24:22.705583Z] [notify] [tavern] sent 1/1 (main=1 | quest=0 | category=0 groups=5)
[2026-06-04T00:26:33.190267Z] [notify] [tavern] sent 1/1 (main=1 | quest=0 | category=0 groups=5)
[2026-06-04T00:34:59.076424Z] [notify] [tavern] sent 1/1 (main=1 | quest=0 | category=0 groups=5)
[2026-06-04T00:38:39.609869Z] [notify] [tavern] sent 1/1 (main=1 | quest=0 | category=0 groups=5)
[2026-06-04T00:44:48.098699Z] [notify] [tavern] sent 1/1 (main=1 | quest=0 | category=0 groups=5)
[2026-06-04T00:52:30.287246Z] [notify] [tavern] sent 1/1 (main=1 | quest=0 | category=0 groups=5)
[2026-06-04T00:53:59.930501Z] [notify] [tavern] sent 1/1 (main=1 | quest=0 | category=0 groups=5)
[2026-06-04T01:00:05.067209Z] [notify] [tavern] sent 1/1 (main=1 | quest=0 | category=0 groups=5)
[2026-06-04T01:03:53.515195Z] [notify] [tavern] sent 1/1 (main=1 | quest=0 | category=0 groups=5)
[2026-06-04T01:04:15.603235Z] [notify] [tavern] sent 1/1 (main=1 | quest=0 | category=0 groups=5)
[2026-06-04T01:04:16.379677Z] [notify] [tavern] sent 1/1 (main=1 | quest=0 | category=0 groups=5)
[2026-06-04T01:14:18.730349Z] [notify] [tavern] sent 1/1 (main=1 | quest=0 | category=0 groups=5)
[2026-06-04T01:15:57.066085Z] [notify] [tavern] sent 1/1 (main=1 | quest=0 | category=0 groups=5)
[2026-06-04T01:24:18.676305Z] [notify] [tavern] sent 1/1 (main=1 | quest=0 | category=0 groups=5)
[2026-06-04T01:25:38.463474Z] [notify] [tavern] sent 1/1 (main=1 | quest=0 | category=0 groups=5)
[2026-06-04T01:28:49.278472Z] [notify] [tavern] sent 1/1 (main=1 | quest=0 | category=0 groups=5)
[2026-06-04T01:34:36.143164Z] [notify] [tavern] sent 1/1 (main=1 | quest=0 | category=0 groups=5)
[2026-06-04T01:40:53.192173Z] [notify] [tavern] sent 1/1 (main=1 | quest=0 | category=0 groups=5)
[2026-06-04T01:42:46.132351Z] [notify] [tavern] sent 1/1 (main=1 | quest=0 | category=0 groups=5)
[2026-06-04T01:51:47.250415Z] [notify] [tavern] sent 1/1 (main=1 | quest=0 | category=0 groups=5)
[2026-06-04T01:52:49.595048Z] [notify] [tavern] sent 1/1 (main=1 | quest=0 | category=0 groups=5)
[2026-06-04T02:00:07.056130Z] [notify] [tavern] sent 2/2 (main=2 | quest=0 | category=0 groups=5)
[2026-06-04T02:01:48.201188Z] [notify] [tavern] sent 1/1 (main=1 | quest=0 | category=0 groups=5)
[2026-06-04T02:03:38.144091Z] [notify] [tavern] sent 1/1 (main=1 | quest=0 | category=0 groups=5)
[2026-06-04T02:15:17.416711Z] [notify] [tavern] sent 1/1 (main=1 | quest=0 | category=0 groups=5)
[2026-06-04T03:00:05.719146Z] [notify] [tavern] sent 1/1 (main=1 | quest=0 | category=0 groups=5)
[2026-06-04T04:00:09.554560Z] [notify] [tavern] sent 1/1 (main=1 | quest=0 | category=0 groups=5)
[2026-06-04T04:23:59.004564Z] [notify] [tavern] sent 1/1 (main=1 | quest=0 | category=0 groups=5)
[2026-06-04T04:24:37.044025Z] [notify] [tavern] sent 1/1 (main=1 | quest=0 | category=0 groups=5)
[2026-06-04T04:24:43.946109Z] [notify] [tavern] sent 1/1 (main=1 | quest=0 | category=0 groups=5)
[2026-06-04T04:25:21.246423Z] [notify] [tavern] sent 1/1 (main=1 | quest=0 | category=0 groups=5)
[2026-06-04T04:26:23.430251Z] [notify] [tavern] sent 1/1 (main=1 | quest=0 | category=0 groups=5)
[2026-06-06T03:08:37.950217Z] [notify] [tavern] sent 4/4 (main=4 | quest=0 | category=0 groups=5)
[2026-06-06T03:09:06.237923Z] [notify] [tavern] sent 1/1 (main=1 | quest=0 | category=0 groups=5)
[2026-06-06T03:20:48.108645Z] [notify] [tavern] sent 1/1 (main=1 | quest=0 | category=0 groups=5)
[2026-06-06T03:20:52.151435Z] [notify] [tavern] sent 1/1 (main=1 | quest=0 | category=0 groups=5)
[2026-06-06T03:21:17.574093Z] [notify] [tavern] sent 1/1 (main=1 | quest=0 | category=0 groups=5)
[2026-06-06T03:29:58.889776Z] [notify] [tavern] sent 1/1 (main=1 | quest=0 | category=0 groups=5)
[2026-06-06T03:36:29.067007Z] [notify] [tavern] sent 1/1 (main=1 | quest=0 | category=0 groups=5)
[2026-06-06T03:39:14.405479Z] [notify] [tavern] sent 1/1 (main=1 | quest=0 | category=0 groups=5)
[2026-06-06T03:40:04.453364Z] [notify] [tavern] sent 1/1 (main=1 | quest=0 | category=0 groups=5)
[2026-06-06T03:45:53.978185Z] [notify] [tavern] sent 1/1 (main=1 | quest=0 | category=0 groups=5)
[2026-06-06T03:53:36.915425Z] [notify] [tavern] sent 1/1 (main=1 | quest=0 | category=0 groups=5)
[2026-06-06T03:56:00.147381Z] [notify] [tavern] sent 1/1 (main=1 | quest=0 | category=0 groups=5)
[2026-06-06T03:56:33.467111Z] [notify] [tavern] sent 1/1 (main=1 | quest=0 | category=0 groups=5)
[2026-06-06T04:00:06.243160Z] [notify] [tavern] sent 1/1 (main=1 | quest=0 | category=0 groups=5)
[2026-06-06T04:00:38.284651Z] [notify] [tavern] sent 1/1 (main=1 | quest=0 | category=0 groups=5)
[2026-06-06T04:08:21.808265Z] [notify] [tavern] sent 1/1 (main=1 | quest=0 | category=0 groups=5)
[2026-06-06T04:13:03.905842Z] [notify] [tavern] sent 1/1 (main=1 | quest=0 | category=0 groups=5)
[2026-06-06T04:13:12.290685Z] [notify] [tavern] sent 1/1 (main=1 | quest=0 | category=0 groups=5)
[2026-06-06T04:15:53.535582Z] [notify] [tavern] sent 1/1 (main=1 | quest=0 | category=0 groups=5)
[2026-06-06T04:23:59.583040Z] [notify] [tavern] sent 1/1 (main=1 | quest=0 | category=0 groups=5)
[2026-06-06T04:24:06.095205Z] [notify] [tavern] sent 1/1 (main=1 | quest=0 | category=0 groups=5)
[2026-06-06T04:27:38.807382Z] [notify] [tavern] sent 1/1 (main=1 | quest=0 | category=0 groups=5)
[2026-06-06T04:29:45.986823Z] [notify] [tavern] sent 1/1 (main=1 | quest=0 | category=0 groups=5)
[2026-06-06T04:30:07.489614Z] [notify] [tavern] sent 1/1 (main=1 | quest=0 | category=0 groups=5)
[2026-06-06T04:30:13.274329Z] [notify] [tavern] sent 1/1 (main=1 | quest=0 | category=0 groups=5)
[2026-06-06T04:30:35.851967Z] [notify] [tavern] sent 1/1 (main=1 | quest=0 | category=0 groups=5)
[2026-06-06T04:30:54.085599Z] [notify] [tavern] sent 1/1 (main=1 | quest=0 | category=0 groups=5)
[2026-06-06T04:34:08.839913Z] [notify] [tavern] sent 1/1 (main=1 | quest=0 | category=0 groups=5)
[2026-06-06T04:36:41.564494Z] [notify] [tavern] sent 1/1 (main=1 | quest=0 | category=0 groups=5)
[2026-06-06T04:38:51.803794Z] [notify] [tavern] sent 1/1 (main=1 | quest=0 | category=0 groups=5)
[2026-06-06T04:41:49.723873Z] [notify] [tavern] sent 1/1 (main=1 | quest=0 | category=0 groups=5)
[2026-06-06T04:43:57.085207Z] [notify] [tavern] sent 1/1 (main=1 | quest=0 | category=0 groups=5)
[2026-06-06T04:46:51.785096Z] [notify] [tavern] sent 1/1 (main=1 | quest=0 | category=0 groups=5)
[2026-06-06T04:49:51.228584Z] [notify] [tavern] sent 1/1 (main=1 | quest=0 | category=0 groups=5)
[2026-06-06T04:52:56.733590Z] [notify] [tavern] sent 1/1 (main=1 | quest=0 | category=0 groups=5)
[2026-06-06T04:55:55.472920Z] [notify] [tavern] sent 1/1 (main=1 | quest=0 | category=0 groups=5)
[2026-06-06T04:58:55.075454Z] [notify] [tavern] sent 1/1 (main=1 | quest=0 | category=0 groups=5)
[2026-06-06T05:00:04.641504Z] [notify] [tavern] sent 1/1 (main=1 | quest=0 | category=0 groups=5)
[2026-06-06T05:01:57.152014Z] [notify] [tavern] sent 1/1 (main=1 | quest=0 | category=0 groups=5)
[2026-06-06T05:04:55.951295Z] [notify] [tavern] sent 1/1 (main=1 | quest=0 | category=0 groups=5)
[2026-06-06T05:07:58.260484Z] [notify] [tavern] sent 1/1 (main=1 | quest=0 | category=0 groups=5)
[2026-06-06T05:10:56.984287Z] [notify] [tavern] sent 1/1 (main=1 | quest=0 | category=0 groups=5)
[2026-06-06T05:13:52.560841Z] [notify] [tavern] sent 1/1 (main=1 | quest=0 | category=0 groups=5)
[2026-06-06T05:17:03.770123Z] [notify] [tavern] sent 1/1 (main=1 | quest=0 | category=0 groups=5)
[2026-06-06T05:19:58.560724Z] [notify] [tavern] sent 1/1 (main=1 | quest=0 | category=0 groups=5)
[2026-06-06T05:22:51.854379Z] [notify] [tavern] sent 1/1 (main=1 | quest=0 | category=0 groups=5)
[2026-06-06T05:25:45.214929Z] [notify] [tavern] sent 1/1 (main=1 | quest=0 | category=0 groups=5)
[2026-06-06T05:27:44.748228Z] [notify] [tavern] sent 1/1 (main=1 | quest=0 | category=0 groups=5)
[2026-06-06T05:30:08.165950Z] [notify] [tavern] sent 1/1 (main=1 | quest=0 | category=0 groups=5)
[2026-06-06T05:32:35.783151Z] [notify] [tavern] sent 1/1 (main=1 | quest=0 | category=0 groups=5)
[2026-06-06T05:36:00.436281Z] [notify] [tavern] sent 1/1 (main=1 | quest=0 | category=0 groups=5)
[2026-06-06T05:38:50.011919Z] [notify] [tavern] sent 1/1 (main=1 | quest=0 | category=0 groups=5)
[2026-06-06T05:41:44.109886Z] [notify] [tavern] sent 1/1 (main=1 | quest=0 | category=0 groups=5)
[2026-06-06T05:45:03.784301Z] [notify] [tavern] sent 1/1 (main=1 | quest=0 | category=0 groups=5)
[2026-06-06T05:47:53.027916Z] [notify] [tavern] sent 1/1 (main=1 | quest=0 | category=0 groups=5)
[2026-06-06T05:50:52.024065Z] [notify] [tavern] sent 1/1 (main=1 | quest=0 | category=0 groups=5)
[2026-06-06T05:53:50.290886Z] [notify] [tavern] sent 1/1 (main=1 | quest=0 | category=0 groups=5)
[2026-06-06T05:56:57.011629Z] [notify] [tavern] sent 1/1 (main=1 | quest=0 | category=0 groups=5)
[2026-06-06T06:00:07.507201Z] [notify] [tavern] sent 1/1 (main=1 | quest=0 | category=0 groups=5)
[2026-06-06T06:00:11.660672Z] [notify] [tavern] sent 1/1 (main=1 | quest=0 | category=0 groups=5)
[2026-06-06T06:02:58.468381Z] [notify] [tavern] sent 1/1 (main=1 | quest=0 | category=0 groups=5)
[2026-06-06T06:04:51.280007Z] [notify] [tavern] sent 1/1 (main=1 | quest=0 | category=0 groups=5)
[2026-06-06T06:05:45.177828Z] [notify] [tavern] sent 1/1 (main=1 | quest=0 | category=0 groups=5)
[2026-06-06T06:09:05.461803Z] [notify] [tavern] sent 1/1 (main=1 | quest=0 | category=0 groups=5)
[2026-06-06T06:11:52.279782Z] [notify] [tavern] sent 1/1 (main=1 | quest=0 | category=0 groups=5)
[2026-06-06T06:14:56.533231Z] [notify] [tavern] sent 1/1 (main=1 | quest=0 | category=0 groups=5)
[2026-06-06T06:17:57.321146Z] [notify] [tavern] sent 1/1 (main=1 | quest=0 | category=0 groups=5)
[2026-06-06T06:20:15.912972Z] [notify] [tavern] sent 1/1 (main=1 | quest=0 | category=0 groups=5)
[2026-06-06T06:20:50.536979Z] [notify] [tavern] sent 1/1 (main=1 | quest=0 | category=0 groups=5)
[2026-06-06T06:24:05.364283Z] [notify] [tavern] sent 1/1 (main=1 | quest=0 | category=0 groups=5)
[2026-06-06T06:27:20.993262Z] [notify] [tavern] sent 1/1 (main=1 | quest=0 | category=0 groups=5)
[2026-06-06T06:30:00.341210Z] [notify] [tavern] sent 1/1 (main=1 | quest=0 | category=0 groups=5)
[2026-06-06T06:33:04.549847Z] [notify] [tavern] sent 1/1 (main=1 | quest=0 | category=0 groups=5)
[2026-06-06T06:35:58.182947Z] [notify] [tavern] sent 1/1 (main=1 | quest=0 | category=0 groups=5)
[2026-06-06T06:37:15.336560Z] [notify] [tavern] sent 1/1 (main=1 | quest=0 | category=0 groups=5)
[2026-06-06T06:38:58.108851Z] [notify] [tavern] sent 1/1 (main=1 | quest=0 | category=0 groups=5)
[2026-06-06T06:41:54.196063Z] [notify] [tavern] sent 1/1 (main=1 | quest=0 | category=0 groups=5)
[2026-06-06T06:44:59.607488Z] [notify] [tavern] sent 1/1 (main=1 | quest=0 | category=0 groups=5)
[2026-06-06T06:48:07.799035Z] [notify] [tavern] sent 1/1 (main=1 | quest=0 | category=0 groups=5)
[2026-06-06T06:51:06.595050Z] [notify] [tavern] sent 1/1 (main=1 | quest=0 | category=0 groups=5)
[2026-06-06T06:54:06.293889Z] [notify] [tavern] sent 1/1 (main=1 | quest=0 | category=0 groups=5)
[2026-06-06T06:54:15.050959Z] [notify] [tavern] sent 1/1 (main=1 | quest=0 | category=0 groups=5)
[2026-06-06T06:56:57.510222Z] [notify] [tavern] sent 1/1 (main=1 | quest=0 | category=0 groups=5)
[2026-06-06T07:00:03.882420Z] [notify] [tavern] sent 1/1 (main=1 | quest=0 | category=0 groups=5)
[2026-06-06T07:00:07.625454Z] [notify] [tavern] sent 1/1 (main=1 | quest=0 | category=0 groups=5)
[2026-06-06T07:03:05.075389Z] [notify] [tavern] sent 1/1 (main=1 | quest=0 | category=0 groups=5)
[2026-06-06T07:05:59.830965Z] [notify] [tavern] sent 1/1 (main=1 | quest=0 | category=0 groups=5)
[2026-06-06T07:08:44.736733Z] [notify] [tavern] sent 1/1 (main=1 | quest=0 | category=0 groups=5)
[2026-06-06T07:11:19.879395Z] [notify] [tavern] sent 1/1 (main=1 | quest=0 | category=0 groups=5)
[2026-06-06T07:11:41.568916Z] [notify] [tavern] sent 1/1 (main=1 | quest=0 | category=0 groups=5)
[2026-06-06T07:15:09.786853Z] [notify] [tavern] sent 1/1 (main=1 | quest=0 | category=0 groups=5)
[2026-06-06T07:17:59.357620Z] [notify] [tavern] sent 1/1 (main=1 | quest=0 | category=0 groups=5)
[2026-06-06T07:22:00.412170Z] [notify] [tavern] sent 1/1 (main=1 | quest=0 | category=0 groups=5)
[2026-06-06T07:22:11.922267Z] [notify] [tavern] sent 1/1 (main=1 | quest=0 | category=0 groups=5)
[2026-06-06T07:23:20.820000Z] [notify] [tavern] sent 1/1 (main=1 | quest=0 | category=0 groups=5)
[2026-06-06T07:26:04.811934Z] [notify] [tavern] sent 1/1 (main=1 | quest=0 | category=0 groups=5)
[2026-06-06T07:29:02.292385Z] [notify] [tavern] sent 1/1 (main=1 | quest=0 | category=0 groups=5)
[2026-06-06T07:31:57.710518Z] [notify] [tavern] sent 1/1 (main=1 | quest=0 | category=0 groups=5)
[2026-06-06T07:35:06.708213Z] [notify] [tavern] sent 1/1 (main=1 | quest=0 | category=0 groups=5)
[2026-06-06T07:35:17.534078Z] [notify] [tavern] sent 1/1 (main=1 | quest=0 | category=0 groups=5)
[2026-06-06T07:38:06.831712Z] [notify] [tavern] sent 1/1 (main=1 | quest=0 | category=0 groups=5)
[2026-06-06T07:41:16.566756Z] [notify] [tavern] sent 1/1 (main=1 | quest=0 | category=0 groups=5)
[2026-06-06T07:44:05.395578Z] [notify] [tavern] sent 1/1 (main=1 | quest=0 | category=0 groups=5)
[2026-06-06T07:47:09.615701Z] [notify] [tavern] sent 1/1 (main=1 | quest=0 | category=0 groups=5)
[2026-06-06T07:50:17.972022Z] [notify] [tavern] sent 1/1 (main=1 | quest=0 | category=0 groups=5)
[2026-06-06T07:53:02.359993Z] [notify] [tavern] sent 1/1 (main=1 | quest=0 | category=0 groups=5)
[2026-06-06T07:56:06.231680Z] [notify] [tavern] sent 1/1 (main=1 | quest=0 | category=0 groups=5)
[2026-06-06T07:58:41.311852Z] [notify] [tavern] sent 1/1 (main=1 | quest=0 | category=0 groups=5)
[2026-06-06T07:59:02.828942Z] [notify] [tavern] sent 1/1 (main=1 | quest=0 | category=0 groups=5)
[2026-06-06T08:00:07.562174Z] [notify] [tavern] sent 1/1 (main=1 | quest=0 | category=0 groups=5)
[2026-06-06T08:02:07.241815Z] [notify] [tavern] sent 1/1 (main=1 | quest=0 | category=0 groups=5)
[2026-06-06T08:05:20.917218Z] [notify] [tavern] sent 1/1 (main=1 | quest=0 | category=0 groups=5)
[2026-06-06T08:08:08.933851Z] [notify] [tavern] sent 1/1 (main=1 | quest=0 | category=0 groups=5)
[2026-06-06T08:11:04.168766Z] [notify] [tavern] sent 1/1 (main=1 | quest=0 | category=0 groups=5)
[2026-06-06T08:14:06.960623Z] [notify] [tavern] sent 1/1 (main=1 | quest=0 | category=0 groups=5)
[2026-06-06T08:17:16.433595Z] [notify] [tavern] sent 1/1 (main=1 | quest=0 | category=0 groups=5)
[2026-06-06T08:21:11.575068Z] [notify] [tavern] sent 1/1 (main=1 | quest=0 | category=0 groups=5)
[2026-06-06T08:21:44.404153Z] [notify] [tavern] sent 1/1 (main=1 | quest=0 | category=0 groups=5)
[2026-06-06T08:21:49.363191Z] [notify] [tavern] sent 1/1 (main=1 | quest=0 | category=0 groups=5)
[2026-06-06T08:22:07.261817Z] [notify] [tavern] sent 1/1 (main=1 | quest=0 | category=0 groups=5)
[2026-06-06T08:45:41.506012Z] [notify] [tavern] sent 1/1 (main=1 | quest=0 | category=0 groups=5)
[2026-06-06T09:00:05.316103Z] [notify] [tavern] sent 1/1 (main=1 | quest=0 | category=0 groups=5)
[2026-06-06T09:09:54.165227Z] [notify] [tavern] sent 1/1 (main=1 | quest=0 | category=0 groups=5)
[2026-06-06T09:33:07.259944Z] [notify] [tavern] sent 1/1 (main=1 | quest=0 | category=0 groups=5)
[2026-06-06T09:54:25.740040Z] [notify] [tavern] sent 1/1 (main=1 | quest=0 | category=0 groups=5)
[2026-06-06T10:00:04.287078Z] [notify] [tavern] sent 1/1 (main=1 | quest=0 | category=0 groups=5)
[2026-06-06T10:02:32.313194Z] [notify] [tavern] sent 1/1 (main=1 | quest=0 | category=0 groups=5)
[2026-06-06T10:09:04.929292Z] [notify] [tavern] sent 1/1 (main=1 | quest=0 | category=0 groups=5)
[2026-06-06T10:09:47.962735Z] [notify] [tavern] sent 1/1 (main=1 | quest=0 | category=0 groups=5)
[2026-06-06T10:15:49.763700Z] [notify] [tavern] sent 1/1 (main=1 | quest=0 | category=0 groups=5)
[2026-06-06T10:21:36.403431Z] [notify] [tavern] sent 1/1 (main=1 | quest=0 | category=0 groups=5)
[2026-06-06T10:23:39.669867Z] [notify] [tavern] sent 1/1 (main=1 | quest=0 | category=0 groups=5)
[2026-06-06T10:44:21.682358Z] [notify] [tavern] sent 1/1 (main=1 | quest=0 | category=0 groups=5)
[2026-06-06T10:47:20.103867Z] [notify] [tavern] sent 1/1 (main=1 | quest=0 | category=0 groups=5)
[2026-06-06T10:52:12.739396Z] [notify] [tavern] sent 1/1 (main=1 | quest=0 | category=0 groups=5)
[2026-06-06T10:53:16.655734Z] [notify] [tavern] sent 1/1 (main=1 | quest=0 | category=0 groups=5)
[2026-06-06T10:56:01.694258Z] [notify] [tavern] sent 1/1 (main=1 | quest=0 | category=0 groups=5)
[2026-06-06T11:00:01.148878Z] [notify] [tavern] sent 1/1 (main=1 | quest=0 | category=0 groups=5)
[2026-06-06T11:00:05.499466Z] [notify] [tavern] sent 1/1 (main=1 | quest=0 | category=0 groups=5)
[2026-06-06T11:00:23.378883Z] [notify] [tavern] sent 1/1 (main=1 | quest=0 | category=0 groups=5)
[2026-06-06T11:01:07.131692Z] [notify] [tavern] sent 1/1 (main=1 | quest=0 | category=0 groups=5)
[2026-06-06T11:03:54.565064Z] [notify] [tavern] sent 1/1 (main=1 | quest=0 | category=0 groups=5)
[2026-06-06T11:09:16.648592Z] [notify] [tavern] sent 1/1 (main=1 | quest=0 | category=0 groups=5)
[2026-06-06T11:09:45.191753Z] [notify] [tavern] sent 1/1 (main=1 | quest=0 | category=0 groups=5)
[2026-06-06T11:10:36.817106Z] [notify] [tavern] sent 1/1 (main=1 | quest=0 | category=0 groups=5)
[2026-06-06T11:15:22.376700Z] [notify] [tavern] sent 1/1 (main=1 | quest=0 | category=0 groups=5)
[2026-06-06T11:16:31.285257Z] [notify] [tavern] sent 1/1 (main=1 | quest=0 | category=0 groups=5)
[2026-06-06T11:19:16.045055Z] [notify] [tavern] sent 1/1 (main=1 | quest=0 | category=0 groups=5)
[2026-06-06T11:22:07.513329Z] [notify] [tavern] sent 1/1 (main=1 | quest=0 | category=0 groups=5)
[2026-06-06T11:25:08.048872Z] [notify] [tavern] sent 1/1 (main=1 | quest=0 | category=0 groups=5)
[2026-06-06T11:28:05.385933Z] [notify] [tavern] sent 1/1 (main=1 | quest=0 | category=0 groups=5)
[2026-06-06T11:30:57.015155Z] [notify] [tavern] sent 1/1 (main=1 | quest=0 | category=0 groups=5)
[2026-06-06T11:33:45.495473Z] [notify] [tavern] sent 1/1 (main=1 | quest=0 | category=0 groups=5)
[2026-06-06T11:34:09.377064Z] [notify] [tavern] sent 1/1 (main=1 | quest=0 | category=0 groups=5)
[2026-06-06T11:37:12.861491Z] [notify] [tavern] sent 1/1 (main=1 | quest=0 | category=0 groups=5)
[2026-06-06T11:40:07.172564Z] [notify] [tavern] sent 1/1 (main=1 | quest=0 | category=0 groups=5)
[2026-06-06T11:43:05.217634Z] [notify] [tavern] sent 1/1 (main=1 | quest=0 | category=0 groups=5)
[2026-06-06T11:46:18.133259Z] [notify] [tavern] sent 1/1 (main=1 | quest=0 | category=0 groups=5)
[2026-06-06T11:49:07.950749Z] [notify] [tavern] sent 1/1 (main=1 | quest=0 | category=0 groups=5)
[2026-06-06T11:52:28.811159Z] [notify] [tavern] sent 1/1 (main=1 | quest=0 | category=0 groups=5)
[2026-06-06T11:55:16.694931Z] [notify] [tavern] sent 1/1 (main=1 | quest=0 | category=0 groups=5)
[2026-06-06T11:55:29.095216Z] [notify] [tavern] sent 1/1 (main=1 | quest=0 | category=0 groups=5)
[2026-06-06T11:58:16.467335Z] [notify] [tavern] sent 1/1 (main=1 | quest=0 | category=0 groups=5)
[2026-06-06T12:00:11.989658Z] [notify] [tavern] sent 1/1 (main=1 | quest=0 | category=0 groups=5)
[2026-06-06T12:00:39.774988Z] [notify] [tavern] sent 1/1 (main=1 | quest=0 | category=0 groups=5)
[2026-06-06T12:03:11.407871Z] [notify] [tavern] sent 1/1 (main=1 | quest=0 | category=0 groups=5)
[2026-06-06T12:03:30.689149Z] [notify] [tavern] sent 1/1 (main=1 | quest=0 | category=0 groups=5)
[2026-06-06T12:06:09.500153Z] [notify] [tavern] sent 1/1 (main=1 | quest=0 | category=0 groups=5)
[2026-06-06T12:09:10.250786Z] [notify] [tavern] sent 1/1 (main=1 | quest=0 | category=0 groups=5)
[2026-06-06T12:12:16.565127Z] [notify] [tavern] sent 1/1 (main=1 | quest=0 | category=0 groups=5)
[2026-06-06T12:15:16.026108Z] [notify] [tavern] sent 1/1 (main=1 | quest=0 | category=0 groups=5)
[2026-06-06T12:18:20.131475Z] [notify] [tavern] sent 1/1 (main=1 | quest=0 | category=0 groups=5)
[2026-06-06T12:21:04.838411Z] [notify] [tavern] sent 1/1 (main=1 | quest=0 | category=0 groups=5)
[2026-06-06T12:24:13.861877Z] [notify] [tavern] sent 1/1 (main=1 | quest=0 | category=0 groups=5)
[2026-06-06T12:27:06.748408Z] [notify] [tavern] sent 1/1 (main=1 | quest=0 | category=0 groups=5)
[2026-06-06T12:31:12.085724Z] [notify] [tavern] sent 1/1 (main=1 | quest=0 | category=0 groups=5)
[2026-06-06T12:34:16.259053Z] [notify] [tavern] sent 1/1 (main=1 | quest=0 | category=0 groups=5)
[2026-06-06T12:37:19.645774Z] [notify] [tavern] sent 1/1 (main=1 | quest=0 | category=0 groups=5)
[2026-06-06T12:40:16.748284Z] [notify] [tavern] sent 1/1 (main=1 | quest=0 | category=0 groups=5)
[2026-06-06T12:43:36.243255Z] [notify] [tavern] sent 1/1 (main=1 | quest=0 | category=0 groups=5)
[2026-06-06T12:46:11.888742Z] [notify] [tavern] sent 1/1 (main=1 | quest=0 | category=0 groups=5)
[2026-06-06T12:49:29.927552Z] [notify] [tavern] sent 1/1 (main=1 | quest=0 | category=0 groups=5)
[2026-06-06T12:55:43.173740Z] [notify] [tavern] sent 1/1 (main=1 | quest=0 | category=0 groups=5)
[2026-06-06T12:57:41.319295Z] [notify] [tavern] sent 1/1 (main=1 | quest=0 | category=0 groups=5)
[2026-06-06T12:59:39.452940Z] [notify] [tavern] sent 1/1 (main=1 | quest=0 | category=0 groups=5)
[2026-06-06T13:00:03.939593Z] [notify] [tavern] sent 1/1 (main=1 | quest=0 | category=0 groups=5)
[2026-06-06T13:00:03.955869Z] [notify] [tavern] sent 1/1 (main=1 | quest=0 | category=0 groups=5)
[2026-06-06T13:01:42.068873Z] [notify] [tavern] sent 1/1 (main=1 | quest=0 | category=0 groups=5)
[2026-06-06T13:03:40.891547Z] [notify] [tavern] sent 1/1 (main=1 | quest=0 | category=0 groups=5)
[2026-06-06T13:05:39.406337Z] [notify] [tavern] sent 1/1 (main=1 | quest=0 | category=0 groups=5)
[2026-06-06T13:07:42.256338Z] [notify] [tavern] sent 1/1 (main=1 | quest=0 | category=0 groups=5)
[2026-06-06T13:09:54.579412Z] [notify] [tavern] sent 1/1 (main=1 | quest=0 | category=0 groups=5)
[2026-06-06T13:12:42.762296Z] [notify] [tavern] sent 1/1 (main=1 | quest=0 | category=0 groups=5)
[2026-06-06T13:15:38.982814Z] [notify] [tavern] sent 1/1 (main=1 | quest=0 | category=0 groups=5)
[2026-06-06T13:18:48.796054Z] [notify] [tavern] sent 1/1 (main=1 | quest=0 | category=0 groups=5)
[2026-06-06T13:21:36.957843Z] [notify] [tavern] sent 1/1 (main=1 | quest=0 | category=0 groups=5)
[2026-06-06T13:24:37.456839Z] [notify] [tavern] sent 1/1 (main=1 | quest=0 | category=0 groups=5)
[2026-06-06T13:27:42.533912Z] [notify] [tavern] sent 1/1 (main=1 | quest=0 | category=0 groups=5)
[2026-06-06T13:31:19.534636Z] [notify] [tavern] sent 1/1 (main=1 | quest=0 | category=0 groups=5)
[2026-06-06T13:31:40.327297Z] [notify] [tavern] sent 1/1 (main=1 | quest=0 | category=0 groups=5)
[2026-06-06T14:00:06.585120Z] [notify] [tavern] sent 1/1 (main=1 | quest=0 | category=0 groups=5)
[2026-06-06T15:00:05.758872Z] [notify] [tavern] sent 1/1 (main=1 | quest=0 | category=0 groups=5)
[2026-06-06T15:50:07.130295Z] [notify] [tavern] sent 1/1 (main=1 | quest=0 | category=0 groups=5)
[2026-06-06T15:54:21.184535Z] [notify] [tavern] sent 1/1 (main=1 | quest=0 | category=0 groups=5)
[2026-06-06T15:55:39.039874Z] [notify] [tavern] sent 1/1 (main=1 | quest=0 | category=0 groups=5)
[2026-06-06T15:59:44.669239Z] [notify] [tavern] sent 1/1 (main=1 | quest=0 | category=0 groups=5)
[2026-06-06T16:01:10.011194Z] [notify] [tavern] sent 1/1 (main=1 | quest=0 | category=0 groups=5)
[2026-06-06T22:33:32.416700Z] [notify] [tavern] sent 1/1 (main=1 | quest=0 | category=0 groups=5)
[2026-06-06T22:33:59.375503Z] [notify] [tavern] sent 1/1 (main=1 | quest=0 | category=0 groups=5)
[2026-06-06T22:40:07.610908Z] [notify] [tavern] sent 1/1 (main=1 | quest=0 | category=0 groups=5)
[2026-06-06T22:41:09.398674Z] [notify] [tavern] sent 1/1 (main=1 | quest=0 | category=0 groups=5)
[2026-06-06T22:41:49.614417Z] [notify] [tavern] sent 1/1 (main=1 | quest=0 | category=0 groups=5)
[2026-06-06T22:49:07.342273Z] [notify] [tavern] sent 1/1 (main=1 | quest=0 | category=0 groups=5)
[2026-06-06T23:02:42.715069Z] [notify] [tavern] sent 1/1 (main=1 | quest=0 | category=0 groups=5)
[2026-06-06T23:06:37.614244Z] [notify] [tavern] sent 1/1 (main=1 | quest=0 | category=0 groups=5)
[2026-06-06T23:07:52.368341Z] [notify] [tavern] sent 1/1 (main=1 | quest=0 | category=0 groups=5)
[2026-06-06T23:19:05.579597Z] [notify] [tavern] sent 1/1 (main=1 | quest=0 | category=0 groups=5)
[2026-06-06T23:24:42.519460Z] [notify] [tavern] sent 1/1 (main=1 | quest=0 | category=0 groups=5)
[2026-06-06T23:35:15.611394Z] [notify] [tavern] sent 1/1 (main=1 | quest=0 | category=0 groups=5)
[2026-06-06T23:37:42.594636Z] [notify] [tavern] sent 1/1 (main=1 | quest=0 | category=0 groups=5)
[2026-06-07T00:15:16.608834Z] [notify] [tavern] sent 1/1 (main=1 | quest=0 | category=0 groups=5)
[2026-06-07T00:15:19.356261Z] [notify] [tavern] sent 1/1 (main=1 | quest=0 | category=0 groups=5)
[2026-06-07T00:48:30.049556Z] [notify] [tavern] sent 1/1 (main=0 | quest=0 | category=1 groups=5)
[2026-06-07T00:48:33.249850Z] [notify] [tavern] sent 1/1 (main=0 | quest=0 | category=1 groups=5)
[2026-06-07T00:48:37.586780Z] [notify] [tavern] sent 1/1 (main=0 | quest=0 | category=1 groups=5)
[2026-06-07T00:48:42.324374Z] [notify] [tavern] sent 1/1 (main=0 | quest=0 | category=1 groups=5)
[2026-06-07T00:48:45.190930Z] [notify] [tavern] sent 1/1 (main=0 | quest=0 | category=1 groups=5)
[2026-06-07T00:48:49.594706Z] [notify] [tavern] sent 1/1 (main=0 | quest=0 | category=1 groups=5)
[2026-06-07T00:48:53.387520Z] [notify] [tavern] sent 1/1 (main=0 | quest=0 | category=1 groups=5)
[2026-06-07T00:48:56.485158Z] [notify] [tavern] sent 1/1 (main=0 | quest=0 | category=1 groups=5)
[2026-06-07T00:49:00.940534Z] [notify] [tavern] sent 1/1 (main=0 | quest=0 | category=1 groups=5)
[2026-06-07T00:49:04.879403Z] [notify] [tavern] sent 1/1 (main=0 | quest=0 | category=1 groups=5)
[2026-06-07T00:49:08.057782Z] [notify] [tavern] sent 1/1 (main=0 | quest=0 | category=1 groups=5)
[2026-06-07T00:49:12.795515Z] [notify] [tavern] sent 1/1 (main=0 | quest=0 | category=1 groups=5)
[2026-06-07T00:49:16.759684Z] [notify] [tavern] sent 1/1 (main=0 | quest=0 | category=1 groups=5)
[2026-06-07T00:49:19.880333Z] [notify] [tavern] sent 1/1 (main=0 | quest=0 | category=1 groups=5)
[2026-06-07T00:49:24.255455Z] [notify] [tavern] sent 1/1 (main=0 | quest=0 | category=1 groups=5)
[2026-06-07T00:49:28.010548Z] [notify] [tavern] sent 1/1 (main=0 | quest=0 | category=1 groups=5)
[2026-06-07T00:49:31.319005Z] [notify] [tavern] sent 1/1 (main=0 | quest=0 | category=1 groups=5)
[2026-06-07T00:49:35.421018Z] [notify] [tavern] sent 1/1 (main=0 | quest=0 | category=1 groups=5)
[2026-06-07T00:49:39.509537Z] [notify] [tavern] sent 1/1 (main=0 | quest=0 | category=1 groups=5)
[2026-06-07T00:49:42.649278Z] [notify] [tavern] sent 1/1 (main=0 | quest=0 | category=1 groups=5)
[2026-06-07T00:49:47.260828Z] [notify] [tavern] sent 1/1 (main=0 | quest=0 | category=1 groups=5)
[2026-06-07T00:49:51.100807Z] [notify] [tavern] sent 1/1 (main=0 | quest=0 | category=1 groups=5)
[2026-06-07T00:49:54.413329Z] [notify] [tavern] sent 1/1 (main=0 | quest=0 | category=1 groups=5)
[2026-06-07T00:49:54.882070Z] [notify] [tavern] sent 1/1 (main=0 | quest=0 | category=1 groups=5)
[2026-06-07T00:49:58.800738Z] [notify] [tavern] sent 1/1 (main=0 | quest=0 | category=1 groups=5)
[2026-06-07T00:50:02.711297Z] [notify] [tavern] sent 1/1 (main=0 | quest=0 | category=1 groups=5)
[2026-06-07T00:50:05.663804Z] [notify] [tavern] sent 1/1 (main=0 | quest=0 | category=1 groups=5)
[2026-06-07T00:50:10.080155Z] [notify] [tavern] sent 1/1 (main=0 | quest=0 | category=1 groups=5)
[2026-06-07T00:50:14.045830Z] [notify] [tavern] sent 1/1 (main=0 | quest=0 | category=1 groups=5)
[2026-06-07T00:50:17.143033Z] [notify] [tavern] sent 1/1 (main=0 | quest=0 | category=1 groups=5)
[2026-06-07T00:50:21.364060Z] [notify] [tavern] sent 1/1 (main=0 | quest=0 | category=1 groups=5)
[2026-06-07T00:50:25.311303Z] [notify] [tavern] sent 1/1 (main=0 | quest=0 | category=1 groups=5)
[2026-06-07T00:50:28.049131Z] [notify] [tavern] sent 1/1 (main=0 | quest=0 | category=1 groups=5)
[2026-06-07T00:50:32.094280Z] [notify] [tavern] sent 1/1 (main=0 | quest=0 | category=1 groups=5)
[2026-06-07T00:50:36.348236Z] [notify] [tavern] sent 1/1 (main=0 | quest=0 | category=1 groups=5)
[2026-06-07T00:50:39.030320Z] [notify] [tavern] sent 1/1 (main=0 | quest=0 | category=1 groups=5)
[2026-06-07T00:50:43.208070Z] [notify] [tavern] sent 1/1 (main=0 | quest=0 | category=1 groups=5)
[2026-06-07T00:50:47.074114Z] [notify] [tavern] sent 1/1 (main=0 | quest=0 | category=1 groups=5)
[2026-06-07T00:50:50.249647Z] [notify] [tavern] sent 1/1 (main=0 | quest=0 | category=1 groups=5)
[2026-06-07T00:50:54.818578Z] [notify] [tavern] sent 1/1 (main=0 | quest=0 | category=1 groups=5)
[2026-06-07T00:50:58.408000Z] [notify] [tavern] sent 1/1 (main=0 | quest=0 | category=1 groups=5)
[2026-06-07T00:51:01.330386Z] [notify] [tavern] sent 1/1 (main=0 | quest=0 | category=1 groups=5)
[2026-06-07T00:51:05.540822Z] [notify] [tavern] sent 1/1 (main=0 | quest=0 | category=1 groups=5)
[2026-06-07T00:51:09.356107Z] [notify] [tavern] sent 1/1 (main=0 | quest=0 | category=1 groups=5)
[2026-06-07T00:51:12.305051Z] [notify] [tavern] sent 1/1 (main=0 | quest=0 | category=1 groups=5)
[2026-06-07T00:51:16.527452Z] [notify] [tavern] sent 1/1 (main=0 | quest=0 | category=1 groups=5)
[2026-06-07T00:51:20.604593Z] [notify] [tavern] sent 1/1 (main=0 | quest=0 | category=1 groups=5)
[2026-06-07T00:51:23.664138Z] [notify] [tavern] sent 1/1 (main=0 | quest=0 | category=1 groups=5)
[2026-06-07T00:51:27.746093Z] [notify] [tavern] sent 1/1 (main=0 | quest=0 | category=1 groups=5)
[2026-06-07T00:51:30.658450Z] [notify] [tavern] sent 1/1 (main=0 | quest=0 | category=1 groups=5)
[2026-06-07T00:51:35.088210Z] [notify] [tavern] sent 1/1 (main=0 | quest=0 | category=1 groups=5)
[2026-06-07T00:51:37.728894Z] [notify] [tavern] sent 1/1 (main=0 | quest=0 | category=1 groups=5)
[2026-06-07T00:51:42.015057Z] [notify] [tavern] sent 1/1 (main=0 | quest=0 | category=1 groups=5)
[2026-06-07T00:51:46.035561Z] [notify] [tavern] sent 1/1 (main=0 | quest=0 | category=1 groups=5)
[2026-06-07T00:51:49.068104Z] [notify] [tavern] sent 1/1 (main=0 | quest=0 | category=1 groups=5)
[2026-06-07T00:51:53.229778Z] [notify] [tavern] sent 1/1 (main=0 | quest=0 | category=1 groups=5)
[2026-06-07T00:51:57.248818Z] [notify] [tavern] sent 1/1 (main=0 | quest=0 | category=1 groups=5)
[2026-06-07T00:52:02.047805Z] [notify] [tavern] sent 1/1 (main=0 | quest=0 | category=1 groups=5)
[2026-06-07T00:52:04.690509Z] [notify] [tavern] sent 1/1 (main=0 | quest=0 | category=1 groups=5)
[2026-06-07T00:52:08.077686Z] [notify] [tavern] sent 1/1 (main=0 | quest=0 | category=1 groups=5)
[2026-06-07T00:52:11.261311Z] [notify] [tavern] sent 1/1 (main=0 | quest=0 | category=1 groups=5)
[2026-06-07T00:52:15.257174Z] [notify] [tavern] sent 1/1 (main=0 | quest=0 | category=1 groups=5)
[2026-06-07T00:52:19.248063Z] [notify] [tavern] sent 1/1 (main=0 | quest=0 | category=1 groups=5)
[2026-06-07T00:52:22.197894Z] [notify] [tavern] sent 1/1 (main=0 | quest=0 | category=1 groups=5)
[2026-06-07T00:52:26.165936Z] [notify] [tavern] sent 1/1 (main=0 | quest=0 | category=1 groups=5)
[2026-06-07T00:52:30.331848Z] [notify] [tavern] sent 1/1 (main=0 | quest=0 | category=1 groups=5)
[2026-06-07T00:52:33.425868Z] [notify] [tavern] sent 1/1 (main=0 | quest=0 | category=1 groups=5)
[2026-06-07T00:52:37.388664Z] [notify] [tavern] sent 1/1 (main=0 | quest=0 | category=1 groups=5)
[2026-06-07T00:52:41.333589Z] [notify] [tavern] sent 1/1 (main=0 | quest=0 | category=1 groups=5)
[2026-06-07T00:52:44.164874Z] [notify] [tavern] sent 1/1 (main=0 | quest=0 | category=1 groups=5)
[2026-06-07T00:52:48.413149Z] [notify] [tavern] sent 1/1 (main=0 | quest=0 | category=1 groups=5)
[2026-06-07T00:52:52.781932Z] [notify] [tavern] sent 1/1 (main=0 | quest=0 | category=1 groups=5)
[2026-06-07T00:52:55.926524Z] [notify] [tavern] sent 1/1 (main=0 | quest=0 | category=1 groups=5)
[2026-06-07T00:53:00.370922Z] [notify] [tavern] sent 1/1 (main=0 | quest=0 | category=1 groups=5)
[2026-06-07T00:53:03.687008Z] [notify] [tavern] sent 1/1 (main=0 | quest=0 | category=1 groups=5)
[2026-06-07T00:53:06.505842Z] [notify] [tavern] sent 1/1 (main=0 | quest=0 | category=1 groups=5)
[2026-06-07T00:53:11.095371Z] [notify] [tavern] sent 1/1 (main=0 | quest=0 | category=1 groups=5)
[2026-06-07T00:53:14.909223Z] [notify] [tavern] sent 1/1 (main=0 | quest=0 | category=1 groups=5)
[2026-06-07T00:53:18.227136Z] [notify] [tavern] sent 1/1 (main=0 | quest=0 | category=1 groups=5)
[2026-06-07T00:53:22.505536Z] [notify] [tavern] sent 1/1 (main=0 | quest=0 | category=1 groups=5)
[2026-06-07T00:53:26.738315Z] [notify] [tavern] sent 1/1 (main=0 | quest=0 | category=1 groups=5)
[2026-06-07T00:53:29.885473Z] [notify] [tavern] sent 1/1 (main=0 | quest=0 | category=1 groups=5)
[2026-06-07T00:53:34.055412Z] [notify] [tavern] sent 1/1 (main=0 | quest=0 | category=1 groups=5)
[2026-06-07T00:53:38.207226Z] [notify] [tavern] sent 1/1 (main=0 | quest=0 | category=1 groups=5)
[2026-06-07T00:53:41.307641Z] [notify] [tavern] sent 1/1 (main=0 | quest=0 | category=1 groups=5)
[2026-06-07T00:53:45.642609Z] [notify] [tavern] sent 1/1 (main=0 | quest=0 | category=1 groups=5)
[2026-06-07T00:53:49.725958Z] [notify] [tavern] sent 1/1 (main=0 | quest=0 | category=1 groups=5)
[2026-06-07T00:53:52.815755Z] [notify] [tavern] sent 1/1 (main=0 | quest=0 | category=1 groups=5)
[2026-06-07T00:53:56.693242Z] [notify] [tavern] sent 1/1 (main=0 | quest=0 | category=1 groups=5)
[2026-06-07T00:54:00.707871Z] [notify] [tavern] sent 1/1 (main=0 | quest=0 | category=1 groups=5)
[2026-06-07T00:54:03.586023Z] [notify] [tavern] sent 1/1 (main=0 | quest=0 | category=1 groups=5)
[2026-06-07T00:54:07.946555Z] [notify] [tavern] sent 1/1 (main=0 | quest=0 | category=1 groups=5)
[2026-06-07T00:54:11.698595Z] [notify] [tavern] sent 1/1 (main=0 | quest=0 | category=1 groups=5)
[2026-06-07T00:54:14.609171Z] [notify] [tavern] sent 1/1 (main=0 | quest=0 | category=1 groups=5)
[2026-06-07T00:54:18.716985Z] [notify] [tavern] sent 1/1 (main=0 | quest=0 | category=1 groups=5)
[2026-06-07T00:54:21.722163Z] [notify] [tavern] sent 1/1 (main=0 | quest=0 | category=1 groups=5)
[2026-06-07T00:54:25.973151Z] [notify] [tavern] sent 1/1 (main=0 | quest=0 | category=1 groups=5)
[2026-06-07T00:54:28.911470Z] [notify] [tavern] sent 1/1 (main=0 | quest=0 | category=1 groups=5)
[2026-06-07T00:54:33.145746Z] [notify] [tavern] sent 1/1 (main=0 | quest=0 | category=1 groups=5)
[2026-06-07T00:54:36.888878Z] [notify] [tavern] sent 1/1 (main=0 | quest=0 | category=1 groups=5)
[2026-06-07T00:54:39.864506Z] [notify] [tavern] sent 1/1 (main=0 | quest=0 | category=1 groups=5)
[2026-06-07T00:54:44.115675Z] [notify] [tavern] sent 1/1 (main=0 | quest=0 | category=1 groups=5)
[2026-06-07T00:54:48.230452Z] [notify] [tavern] sent 1/1 (main=0 | quest=0 | category=1 groups=5)
[2026-06-07T00:54:51.068514Z] [notify] [tavern] sent 1/1 (main=0 | quest=0 | category=1 groups=5)
[2026-06-07T00:54:55.282772Z] [notify] [tavern] sent 1/1 (main=0 | quest=0 | category=1 groups=5)
[2026-06-07T00:54:58.837019Z] [notify] [tavern] sent 1/1 (main=0 | quest=0 | category=1 groups=5)
[2026-06-07T00:55:00.930990Z] [notify] [tavern] sent 1/1 (main=0 | quest=0 | category=1 groups=5)
[2026-06-07T00:55:03.095853Z] [notify] [tavern] sent 1/1 (main=0 | quest=0 | category=1 groups=5)
[2026-06-07T00:55:04.042223Z] [notify] [tavern] sent 1/1 (main=0 | quest=0 | category=1 groups=5)
[2026-06-07T00:55:06.395504Z] [notify] [tavern] sent 1/1 (main=0 | quest=0 | category=1 groups=5)
[2026-06-07T00:55:08.449996Z] [notify] [tavern] sent 1/1 (main=0 | quest=0 | category=1 groups=5)
[2026-06-07T00:55:09.769036Z] [notify] [tavern] sent 1/1 (main=0 | quest=0 | category=1 groups=5)
[2026-06-07T00:55:12.429339Z] [notify] [tavern] sent 1/1 (main=0 | quest=0 | category=1 groups=5)
[2026-06-07T00:55:14.106536Z] [notify] [tavern] sent 1/1 (main=0 | quest=0 | category=1 groups=5)
[2026-06-07T00:55:15.479389Z] [notify] [tavern] sent 1/1 (main=0 | quest=0 | category=1 groups=5)
[2026-06-07T00:55:17.867450Z] [notify] [tavern] sent 1/1 (main=0 | quest=0 | category=1 groups=5)
[2026-06-07T00:55:19.594046Z] [notify] [tavern] sent 1/1 (main=0 | quest=0 | category=1 groups=5)
[2026-06-07T00:55:20.910304Z] [notify] [tavern] sent 1/1 (main=0 | quest=0 | category=1 groups=5)
[2026-06-07T00:55:23.396684Z] [notify] [tavern] sent 1/1 (main=0 | quest=0 | category=1 groups=5)
[2026-06-07T00:55:25.572366Z] [notify] [tavern] sent 1/1 (main=0 | quest=0 | category=1 groups=5)
[2026-06-07T00:55:26.895138Z] [notify] [tavern] sent 1/1 (main=0 | quest=0 | category=1 groups=5)
[2026-06-07T00:55:29.421438Z] [notify] [tavern] sent 1/1 (main=0 | quest=0 | category=1 groups=5)
[2026-06-07T00:55:31.419587Z] [notify] [tavern] sent 1/1 (main=0 | quest=0 | category=1 groups=5)
[2026-06-07T00:55:32.713199Z] [notify] [tavern] sent 1/1 (main=0 | quest=0 | category=1 groups=5)
[2026-06-07T00:55:34.981891Z] [notify] [tavern] sent 1/1 (main=0 | quest=0 | category=1 groups=5)
[2026-06-07T00:55:37.032990Z] [notify] [tavern] sent 1/1 (main=0 | quest=0 | category=1 groups=5)
[2026-06-07T00:55:38.382022Z] [notify] [tavern] sent 1/1 (main=0 | quest=0 | category=1 groups=5)
[2026-06-07T00:55:40.888067Z] [notify] [tavern] sent 1/1 (main=0 | quest=0 | category=1 groups=5)
[2026-06-07T00:55:42.854714Z] [notify] [tavern] sent 1/1 (main=0 | quest=0 | category=1 groups=5)
[2026-06-07T00:55:44.135176Z] [notify] [tavern] sent 1/1 (main=0 | quest=0 | category=1 groups=5)
[2026-06-07T00:55:46.622180Z] [notify] [tavern] sent 1/1 (main=0 | quest=0 | category=1 groups=5)
[2026-06-07T00:55:48.509476Z] [notify] [tavern] sent 1/1 (main=0 | quest=0 | category=1 groups=5)
[2026-06-07T00:55:49.880444Z] [notify] [tavern] sent 1/1 (main=0 | quest=0 | category=1 groups=5)
[2026-06-07T00:55:52.226320Z] [notify] [tavern] sent 1/1 (main=0 | quest=0 | category=1 groups=5)
[2026-06-07T00:55:54.224689Z] [notify] [tavern] sent 1/1 (main=0 | quest=0 | category=1 groups=5)
[2026-06-07T00:55:55.527409Z] [notify] [tavern] sent 1/1 (main=0 | quest=0 | category=1 groups=5)
[2026-06-07T00:55:58.172764Z] [notify] [tavern] sent 1/1 (main=0 | quest=0 | category=1 groups=5)
[2026-06-07T00:56:00.379870Z] [notify] [tavern] sent 1/1 (main=0 | quest=0 | category=1 groups=5)
[2026-06-07T00:56:01.804805Z] [notify] [tavern] sent 1/1 (main=0 | quest=0 | category=1 groups=5)
[2026-06-07T00:56:04.555707Z] [notify] [tavern] sent 1/1 (main=0 | quest=0 | category=1 groups=5)
[2026-06-07T00:56:06.998364Z] [notify] [tavern] sent 1/1 (main=0 | quest=0 | category=1 groups=5)
[2026-06-07T00:56:07.833204Z] [notify] [tavern] sent 1/1 (main=0 | quest=0 | category=1 groups=5)
[2026-06-07T00:56:10.754037Z] [notify] [tavern] sent 1/1 (main=0 | quest=0 | category=1 groups=5)
[2026-06-07T00:56:13.131333Z] [notify] [tavern] sent 1/1 (main=0 | quest=0 | category=1 groups=5)
[2026-06-07T00:56:14.182301Z] [notify] [tavern] sent 1/1 (main=0 | quest=0 | category=1 groups=5)
[2026-06-07T00:56:16.625189Z] [notify] [tavern] sent 1/1 (main=0 | quest=0 | category=1 groups=5)
[2026-06-07T00:56:19.245526Z] [notify] [tavern] sent 1/1 (main=0 | quest=0 | category=1 groups=5)
[2026-06-07T00:56:20.141488Z] [notify] [tavern] sent 1/1 (main=0 | quest=0 | category=1 groups=5)
[2026-06-07T00:56:23.128939Z] [notify] [tavern] sent 1/1 (main=0 | quest=0 | category=1 groups=5)
[2026-06-07T00:56:25.316701Z] [notify] [tavern] sent 1/1 (main=0 | quest=0 | category=1 groups=5)
[2026-06-07T00:56:26.481089Z] [notify] [tavern] sent 1/1 (main=0 | quest=0 | category=1 groups=5)
[2026-06-07T00:56:29.325119Z] [notify] [tavern] sent 1/1 (main=0 | quest=0 | category=1 groups=5)
[2026-06-07T00:56:31.244627Z] [notify] [tavern] sent 1/1 (main=0 | quest=0 | category=1 groups=5)
[2026-06-07T00:56:32.488764Z] [notify] [tavern] sent 1/1 (main=0 | quest=0 | category=1 groups=5)
[2026-06-07T00:56:34.840858Z] [notify] [tavern] sent 1/1 (main=0 | quest=0 | category=1 groups=5)
[2026-06-07T00:56:36.796253Z] [notify] [tavern] sent 1/1 (main=0 | quest=0 | category=1 groups=5)
[2026-06-07T00:56:38.323958Z] [notify] [tavern] sent 1/1 (main=0 | quest=0 | category=1 groups=5)
[2026-06-07T00:56:40.753561Z] [notify] [tavern] sent 1/1 (main=0 | quest=0 | category=1 groups=5)
[2026-06-07T00:56:42.727643Z] [notify] [tavern] sent 1/1 (main=0 | quest=0 | category=1 groups=5)
[2026-06-07T00:56:44.054111Z] [notify] [tavern] sent 1/1 (main=0 | quest=0 | category=1 groups=5)
[2026-06-07T00:56:46.588454Z] [notify] [tavern] sent 1/1 (main=0 | quest=0 | category=1 groups=5)
[2026-06-07T00:56:48.632900Z] [notify] [tavern] sent 1/1 (main=0 | quest=0 | category=1 groups=5)
[2026-06-07T00:56:50.551906Z] [notify] [tavern] sent 1/1 (main=0 | quest=0 | category=1 groups=5)
[2026-06-07T00:56:52.922788Z] [notify] [tavern] sent 1/1 (main=0 | quest=0 | category=1 groups=5)
[2026-06-07T00:56:54.937443Z] [notify] [tavern] sent 1/1 (main=0 | quest=0 | category=1 groups=5)
[2026-06-07T00:56:56.332154Z] [notify] [tavern] sent 1/1 (main=0 | quest=0 | category=1 groups=5)
[2026-06-07T00:56:59.143145Z] [notify] [tavern] sent 1/1 (main=0 | quest=0 | category=1 groups=5)
[2026-06-07T00:57:01.340842Z] [notify] [tavern] sent 1/1 (main=0 | quest=0 | category=1 groups=5)
[2026-06-07T00:57:03.084489Z] [notify] [tavern] sent 1/1 (main=0 | quest=0 | category=1 groups=5)
[2026-06-07T00:57:05.485475Z] [notify] [tavern] sent 1/1 (main=0 | quest=0 | category=1 groups=5)
[2026-06-07T00:57:07.590673Z] [notify] [tavern] sent 1/1 (main=0 | quest=0 | category=1 groups=5)
[2026-06-07T00:57:08.682542Z] [notify] [tavern] sent 1/1 (main=0 | quest=0 | category=1 groups=5)
[2026-06-07T00:57:11.311085Z] [notify] [tavern] sent 1/1 (main=0 | quest=0 | category=1 groups=5)
[2026-06-07T00:57:13.451088Z] [notify] [tavern] sent 1/1 (main=0 | quest=0 | category=1 groups=5)
[2026-06-07T00:57:14.712081Z] [notify] [tavern] sent 1/1 (main=0 | quest=0 | category=1 groups=5)
[2026-06-07T00:57:17.340716Z] [notify] [tavern] sent 1/1 (main=0 | quest=0 | category=1 groups=5)
[2026-06-07T00:57:19.467071Z] [notify] [tavern] sent 1/1 (main=0 | quest=0 | category=1 groups=5)
[2026-06-07T00:57:20.726677Z] [notify] [tavern] sent 1/1 (main=0 | quest=0 | category=1 groups=5)
[2026-06-07T00:57:23.083313Z] [notify] [tavern] sent 1/1 (main=0 | quest=0 | category=1 groups=5)
[2026-06-07T00:57:24.725735Z] [notify] [tavern] sent 1/1 (main=0 | quest=0 | category=1 groups=5)
[2026-06-07T00:57:25.806134Z] [notify] [tavern] sent 1/1 (main=0 | quest=0 | category=1 groups=5)
[2026-06-07T00:57:28.417348Z] [notify] [tavern] sent 1/1 (main=0 | quest=0 | category=1 groups=5)
[2026-06-07T00:57:30.578182Z] [notify] [tavern] sent 1/1 (main=0 | quest=0 | category=1 groups=5)
[2026-06-07T00:57:32.034623Z] [notify] [tavern] sent 1/1 (main=0 | quest=0 | category=1 groups=5)
[2026-06-07T00:57:34.819685Z] [notify] [tavern] sent 1/1 (main=0 | quest=0 | category=1 groups=5)
[2026-06-07T00:57:36.865296Z] [notify] [tavern] sent 1/1 (main=0 | quest=0 | category=1 groups=5)
[2026-06-07T00:57:38.097164Z] [notify] [tavern] sent 1/1 (main=0 | quest=0 | category=1 groups=5)
[2026-06-07T00:57:40.637707Z] [notify] [tavern] sent 1/1 (main=0 | quest=0 | category=1 groups=5)
[2026-06-07T00:57:42.562862Z] [notify] [tavern] sent 1/1 (main=0 | quest=0 | category=1 groups=5)
[2026-06-07T00:57:43.955644Z] [notify] [tavern] sent 1/1 (main=0 | quest=0 | category=1 groups=5)
[2026-06-07T00:57:46.794586Z] [notify] [tavern] sent 1/1 (main=0 | quest=0 | category=1 groups=5)
[2026-06-07T00:57:48.794128Z] [notify] [tavern] sent 1/1 (main=0 | quest=0 | category=1 groups=5)
[2026-06-07T00:57:50.061123Z] [notify] [tavern] sent 1/1 (main=0 | quest=0 | category=1 groups=5)
[2026-06-07T00:57:52.501795Z] [notify] [tavern] sent 1/1 (main=0 | quest=0 | category=1 groups=5)
[2026-06-07T00:57:54.641868Z] [notify] [tavern] sent 1/1 (main=0 | quest=0 | category=1 groups=5)
[2026-06-07T00:57:55.933073Z] [notify] [tavern] sent 1/1 (main=0 | quest=0 | category=1 groups=5)
[2026-06-07T00:57:58.276464Z] [notify] [tavern] sent 1/1 (main=0 | quest=0 | category=1 groups=5)
[2026-06-07T00:58:00.326729Z] [notify] [tavern] sent 1/1 (main=0 | quest=0 | category=1 groups=5)
[2026-06-07T00:58:01.744405Z] [notify] [tavern] sent 1/1 (main=0 | quest=0 | category=1 groups=5)
[2026-06-07T00:58:04.745379Z] [notify] [tavern] sent 1/1 (main=0 | quest=0 | category=1 groups=5)
[2026-06-07T00:58:06.546279Z] [notify] [tavern] sent 1/1 (main=0 | quest=0 | category=1 groups=5)
[2026-06-07T00:58:07.802820Z] [notify] [tavern] sent 1/1 (main=0 | quest=0 | category=1 groups=5)
[2026-06-07T00:58:10.653610Z] [notify] [tavern] sent 1/1 (main=0 | quest=0 | category=1 groups=5)
[2026-06-07T00:58:12.718555Z] [notify] [tavern] sent 1/1 (main=0 | quest=0 | category=1 groups=5)
[2026-06-07T00:58:14.035214Z] [notify] [tavern] sent 1/1 (main=0 | quest=0 | category=1 groups=5)
[2026-06-07T00:58:16.561230Z] [notify] [tavern] sent 1/1 (main=0 | quest=0 | category=1 groups=5)
[2026-06-07T00:58:18.533985Z] [notify] [tavern] sent 1/1 (main=0 | quest=0 | category=1 groups=5)
[2026-06-07T00:58:19.968975Z] [notify] [tavern] sent 1/1 (main=0 | quest=0 | category=1 groups=5)
[2026-06-07T00:58:22.661362Z] [notify] [tavern] sent 1/1 (main=0 | quest=0 | category=1 groups=5)
[2026-06-07T00:58:24.609055Z] [notify] [tavern] sent 1/1 (main=0 | quest=0 | category=1 groups=5)
[2026-06-07T00:58:25.823247Z] [notify] [tavern] sent 1/1 (main=0 | quest=0 | category=1 groups=5)
[2026-06-07T00:58:28.532273Z] [notify] [tavern] sent 1/1 (main=0 | quest=0 | category=1 groups=5)
[2026-06-07T00:58:30.503517Z] [notify] [tavern] sent 1/1 (main=0 | quest=0 | category=1 groups=5)
[2026-06-07T00:58:31.939960Z] [notify] [tavern] sent 1/1 (main=0 | quest=0 | category=1 groups=5)
[2026-06-07T00:58:34.643166Z] [notify] [tavern] sent 1/1 (main=0 | quest=0 | category=1 groups=5)
[2026-06-07T00:58:36.622176Z] [notify] [tavern] sent 1/1 (main=0 | quest=0 | category=1 groups=5)
[2026-06-07T00:58:38.132186Z] [notify] [tavern] sent 1/1 (main=0 | quest=0 | category=1 groups=5)
[2026-06-07T00:58:40.802268Z] [notify] [tavern] sent 1/1 (main=0 | quest=0 | category=1 groups=5)
[2026-06-07T00:58:42.946097Z] [notify] [tavern] sent 1/1 (main=0 | quest=0 | category=1 groups=5)
[2026-06-07T00:58:44.338883Z] [notify] [tavern] sent 1/1 (main=0 | quest=0 | category=1 groups=5)
[2026-06-07T00:58:46.929966Z] [notify] [tavern] sent 1/1 (main=0 | quest=0 | category=1 groups=5)
[2026-06-07T00:58:48.926925Z] [notify] [tavern] sent 1/1 (main=0 | quest=0 | category=1 groups=5)
[2026-06-07T00:58:50.479169Z] [notify] [tavern] sent 1/1 (main=0 | quest=0 | category=1 groups=5)
[2026-06-07T00:58:52.760290Z] [notify] [tavern] sent 1/1 (main=0 | quest=0 | category=1 groups=5)
[2026-06-07T00:58:54.921924Z] [notify] [tavern] sent 1/1 (main=0 | quest=0 | category=1 groups=5)
[2026-06-07T00:58:56.162118Z] [notify] [tavern] sent 1/1 (main=0 | quest=0 | category=1 groups=5)
[2026-06-07T00:58:58.724577Z] [notify] [tavern] sent 1/1 (main=0 | quest=0 | category=1 groups=5)
[2026-06-07T00:59:00.725620Z] [notify] [tavern] sent 1/1 (main=0 | quest=0 | category=1 groups=5)
[2026-06-07T00:59:02.088849Z] [notify] [tavern] sent 1/1 (main=0 | quest=0 | category=1 groups=5)
[2026-06-07T00:59:04.731360Z] [notify] [tavern] sent 1/1 (main=0 | quest=0 | category=1 groups=5)
[2026-06-07T00:59:08.940942Z] [notify] [tavern] sent 1/1 (main=0 | quest=0 | category=1 groups=5)
[2026-06-07T00:59:08.970712Z] [notify] [tavern] sent 2/2 (main=0 | quest=0 | category=2 groups=5)
[2026-06-07T00:59:11.379738Z] [notify] [tavern] sent 1/1 (main=0 | quest=0 | category=1 groups=5)
[2026-06-07T00:59:13.170619Z] [notify] [tavern] sent 1/1 (main=0 | quest=0 | category=1 groups=5)
[2026-06-07T00:59:14.557010Z] [notify] [tavern] sent 1/1 (main=0 | quest=0 | category=1 groups=5)
[2026-06-07T00:59:17.164248Z] [notify] [tavern] sent 1/1 (main=0 | quest=0 | category=1 groups=5)
[2026-06-07T00:59:19.265347Z] [notify] [tavern] sent 1/1 (main=0 | quest=0 | category=1 groups=5)
[2026-06-07T00:59:20.511277Z] [notify] [tavern] sent 1/1 (main=0 | quest=0 | category=1 groups=5)
[2026-06-07T00:59:23.240182Z] [notify] [tavern] sent 1/1 (main=0 | quest=0 | category=1 groups=5)
[2026-06-07T00:59:25.216753Z] [notify] [tavern] sent 1/1 (main=0 | quest=0 | category=1 groups=5)
[2026-06-07T00:59:26.547589Z] [notify] [tavern] sent 1/1 (main=0 | quest=0 | category=1 groups=5)
[2026-06-07T00:59:30.268462Z] [notify] [tavern] sent 1/1 (main=0 | quest=0 | category=1 groups=5)
[2026-06-07T00:59:31.198608Z] [notify] [tavern] sent 1/1 (main=0 | quest=0 | category=1 groups=5)
[2026-06-07T00:59:32.577329Z] [notify] [tavern] sent 1/1 (main=0 | quest=0 | category=1 groups=5)
[2026-06-07T00:59:35.092261Z] [notify] [tavern] sent 1/1 (main=0 | quest=0 | category=1 groups=5)
[2026-06-07T00:59:37.286485Z] [notify] [tavern] sent 1/1 (main=0 | quest=0 | category=1 groups=5)
[2026-06-07T00:59:38.723145Z] [notify] [tavern] sent 1/1 (main=0 | quest=0 | category=1 groups=5)
[2026-06-07T00:59:41.540625Z] [notify] [tavern] sent 1/1 (main=0 | quest=0 | category=1 groups=5)
[2026-06-07T00:59:43.871209Z] [notify] [tavern] sent 1/1 (main=0 | quest=0 | category=1 groups=5)
[2026-06-07T00:59:45.287001Z] [notify] [tavern] sent 1/1 (main=0 | quest=0 | category=1 groups=5)
[2026-06-07T00:59:47.912191Z] [notify] [tavern] sent 1/1 (main=0 | quest=0 | category=1 groups=5)
[2026-06-07T00:59:49.852971Z] [notify] [tavern] sent 1/1 (main=0 | quest=0 | category=1 groups=5)
[2026-06-07T00:59:51.051029Z] [notify] [tavern] sent 1/1 (main=0 | quest=0 | category=1 groups=5)
[2026-06-07T00:59:53.532945Z] [notify] [tavern] sent 1/1 (main=0 | quest=0 | category=1 groups=5)
[2026-06-07T00:59:55.973036Z] [notify] [tavern] sent 1/1 (main=0 | quest=0 | category=1 groups=5)
[2026-06-07T00:59:57.506596Z] [notify] [tavern] sent 1/1 (main=0 | quest=0 | category=1 groups=5)
[2026-06-07T01:00:00.248109Z] [notify] [tavern] sent 1/1 (main=0 | quest=0 | category=1 groups=5)
[2026-06-07T01:00:03.898559Z] [notify] [tavern] sent 1/1 (main=0 | quest=0 | category=1 groups=5)
[2026-06-07T01:00:04.082778Z] [notify] [tavern] sent 2/2 (main=0 | quest=0 | category=2 groups=5)
[2026-06-07T01:00:07.235420Z] [notify] [tavern] sent 1/1 (main=1 | quest=0 | category=0 groups=5)
[2026-06-07T01:00:08.746350Z] [notify] [tavern] sent 2/2 (main=1 | quest=0 | category=1 groups=5)
[2026-06-07T01:00:09.855057Z] [notify] [tavern] sent 2/2 (main=0 | quest=0 | category=2 groups=5)
[2026-06-07T01:00:11.034892Z] [notify] [tavern] sent 1/1 (main=0 | quest=0 | category=1 groups=5)
[2026-06-07T01:00:13.785358Z] [notify] [tavern] sent 1/1 (main=0 | quest=0 | category=1 groups=5)
[2026-06-07T01:00:16.171536Z] [notify] [tavern] sent 1/1 (main=0 | quest=0 | category=1 groups=5)
[2026-06-07T01:00:17.740065Z] [notify] [tavern] sent 1/1 (main=0 | quest=0 | category=1 groups=5)
[2026-06-07T01:00:19.995901Z] [notify] [tavern] sent 1/1 (main=0 | quest=0 | category=1 groups=5)
[2026-06-07T01:00:22.075853Z] [notify] [tavern] sent 1/1 (main=0 | quest=0 | category=1 groups=5)
[2026-06-07T01:00:23.334969Z] [notify] [tavern] sent 1/1 (main=0 | quest=0 | category=1 groups=5)
[2026-06-07T01:00:25.979449Z] [notify] [tavern] sent 1/1 (main=0 | quest=0 | category=1 groups=5)
[2026-06-07T01:00:27.911216Z] [notify] [tavern] sent 1/1 (main=0 | quest=0 | category=1 groups=5)
[2026-06-07T01:00:29.191742Z] [notify] [tavern] sent 1/1 (main=0 | quest=0 | category=1 groups=5)
[2026-06-07T01:00:31.921827Z] [notify] [tavern] sent 1/1 (main=0 | quest=0 | category=1 groups=5)
[2026-06-07T01:00:34.039555Z] [notify] [tavern] sent 1/1 (main=0 | quest=0 | category=1 groups=5)
[2026-06-07T01:00:35.529562Z] [notify] [tavern] sent 1/1 (main=0 | quest=0 | category=1 groups=5)
[2026-06-07T01:00:37.972513Z] [notify] [tavern] sent 1/1 (main=0 | quest=0 | category=1 groups=5)
[2026-06-07T01:00:39.848268Z] [notify] [tavern] sent 1/1 (main=0 | quest=0 | category=1 groups=5)
[2026-06-07T01:00:41.161806Z] [notify] [tavern] sent 1/1 (main=0 | quest=0 | category=1 groups=5)
[2026-06-07T01:00:43.636834Z] [notify] [tavern] sent 1/1 (main=0 | quest=0 | category=1 groups=5)
[2026-06-07T01:00:45.552546Z] [notify] [tavern] sent 1/1 (main=0 | quest=0 | category=1 groups=5)
[2026-06-07T01:00:47.020877Z] [notify] [tavern] sent 1/1 (main=0 | quest=0 | category=1 groups=5)
[2026-06-07T01:00:50.143250Z] [notify] [tavern] sent 1/1 (main=0 | quest=0 | category=1 groups=5)
[2026-06-07T01:00:51.814681Z] [notify] [tavern] sent 1/1 (main=0 | quest=0 | category=1 groups=5)
[2026-06-07T01:00:52.979831Z] [notify] [tavern] sent 1/1 (main=0 | quest=0 | category=1 groups=5)
[2026-06-07T01:00:55.632541Z] [notify] [tavern] sent 1/1 (main=0 | quest=0 | category=1 groups=5)
[2026-06-07T01:00:57.796230Z] [notify] [tavern] sent 1/1 (main=0 | quest=0 | category=1 groups=5)
[2026-06-07T01:00:59.002840Z] [notify] [tavern] sent 1/1 (main=0 | quest=0 | category=1 groups=5)
[2026-06-07T01:01:01.572543Z] [notify] [tavern] sent 1/1 (main=0 | quest=0 | category=1 groups=5)
[2026-06-07T01:01:04.186556Z] [notify] [tavern] sent 1/1 (main=0 | quest=0 | category=1 groups=5)
[2026-06-07T01:01:05.125379Z] [notify] [tavern] sent 1/1 (main=0 | quest=0 | category=1 groups=5)
[2026-06-07T01:01:08.277806Z] [notify] [tavern] sent 1/1 (main=0 | quest=0 | category=1 groups=5)
[2026-06-07T01:01:10.794394Z] [notify] [tavern] sent 1/1 (main=0 | quest=0 | category=1 groups=5)
[2026-06-07T01:01:11.722126Z] [notify] [tavern] sent 1/1 (main=0 | quest=0 | category=1 groups=5)
[2026-06-07T01:01:14.616135Z] [notify] [tavern] sent 1/1 (main=0 | quest=0 | category=1 groups=5)
[2026-06-07T01:01:16.751999Z] [notify] [tavern] sent 1/1 (main=0 | quest=0 | category=1 groups=5)
[2026-06-07T01:01:18.249490Z] [notify] [tavern] sent 1/1 (main=0 | quest=0 | category=1 groups=5)
[2026-06-07T01:01:20.871144Z] [notify] [tavern] sent 1/1 (main=0 | quest=0 | category=1 groups=5)
[2026-06-07T01:01:22.961030Z] [notify] [tavern] sent 1/1 (main=0 | quest=0 | category=1 groups=5)
[2026-06-07T01:01:24.504235Z] [notify] [tavern] sent 1/1 (main=0 | quest=0 | category=1 groups=5)
[2026-06-07T01:01:27.274068Z] [notify] [tavern] sent 1/1 (main=0 | quest=0 | category=1 groups=5)
[2026-06-07T01:01:29.451729Z] [notify] [tavern] sent 1/1 (main=0 | quest=0 | category=1 groups=5)
[2026-06-07T01:01:30.747195Z] [notify] [tavern] sent 1/1 (main=0 | quest=0 | category=1 groups=5)
[2026-06-07T01:01:34.600022Z] [notify] [tavern] sent 1/1 (main=0 | quest=0 | category=1 groups=5)
[2026-06-07T01:01:35.953044Z] [notify] [tavern] sent 1/1 (main=0 | quest=0 | category=1 groups=5)
[2026-06-07T01:01:37.737979Z] [notify] [tavern] sent 1/1 (main=0 | quest=0 | category=1 groups=5)
[2026-06-07T01:01:39.651687Z] [notify] [tavern] sent 1/1 (main=0 | quest=0 | category=1 groups=5)
[2026-06-07T01:02:10.169743Z] [notify] [tavern] sent 1/1 (main=0 | quest=0 | category=1 groups=5)
[2026-06-07T01:02:13.918251Z] [notify] [tavern] sent 1/1 (main=0 | quest=0 | category=1 groups=5)
[2026-06-07T01:02:17.281438Z] [notify] [tavern] sent 1/1 (main=0 | quest=0 | category=1 groups=5)
[2026-06-07T01:02:21.530743Z] [notify] [tavern] sent 1/1 (main=0 | quest=0 | category=1 groups=5)
[2026-06-07T01:02:25.461650Z] [notify] [tavern] sent 1/1 (main=0 | quest=0 | category=1 groups=5)
[2026-06-07T01:02:28.887708Z] [notify] [tavern] sent 1/1 (main=0 | quest=0 | category=1 groups=5)
[2026-06-07T01:02:33.253111Z] [notify] [tavern] sent 1/1 (main=0 | quest=0 | category=1 groups=5)
[2026-06-07T01:02:37.218994Z] [notify] [tavern] sent 1/1 (main=0 | quest=0 | category=1 groups=5)
[2026-06-07T01:02:41.801569Z] [notify] [tavern] sent 1/1 (main=0 | quest=0 | category=1 groups=5)
[2026-06-07T01:02:45.068539Z] [notify] [tavern] sent 1/1 (main=0 | quest=0 | category=1 groups=5)
[2026-06-07T01:03:58.807448Z] [notify] [tavern] sent 1/1 (main=0 | quest=0 | category=1 groups=5)
[2026-06-07T01:04:01.848393Z] [notify] [tavern] sent 1/1 (main=0 | quest=0 | category=1 groups=5)
[2026-06-07T01:15:59.382249Z] [notify] [tavern] sent 1/1 (main=0 | quest=0 | category=1 groups=5)
[2026-06-07T01:16:04.750670Z] [notify] [tavern] sent 1/1 (main=0 | quest=0 | category=1 groups=5)
[2026-06-07T01:16:08.467026Z] [notify] [tavern] sent 1/1 (main=0 | quest=0 | category=1 groups=5)
[2026-06-07T01:16:12.340771Z] [notify] [tavern] sent 1/1 (main=0 | quest=0 | category=1 groups=5)
[2026-06-07T01:16:15.264549Z] [notify] [tavern] sent 1/1 (main=0 | quest=0 | category=1 groups=5)
[2026-06-07T01:16:20.504597Z] [notify] [tavern] sent 1/1 (main=0 | quest=0 | category=1 groups=5)
[2026-06-07T01:16:23.976190Z] [notify] [tavern] sent 1/1 (main=0 | quest=0 | category=1 groups=5)
[2026-06-07T01:16:27.952506Z] [notify] [tavern] sent 1/1 (main=0 | quest=0 | category=1 groups=5)
[2026-06-07T01:16:30.716053Z] [notify] [tavern] sent 1/1 (main=0 | quest=0 | category=1 groups=5)
[2026-06-07T01:16:34.656177Z] [notify] [tavern] sent 1/1 (main=0 | quest=0 | category=1 groups=5)
[2026-06-07T01:16:37.619672Z] [notify] [tavern] sent 1/1 (main=0 | quest=0 | category=1 groups=5)
[2026-06-07T01:16:41.221023Z] [notify] [tavern] sent 1/1 (main=0 | quest=0 | category=1 groups=5)
[2026-06-07T01:16:43.584760Z] [notify] [tavern] sent 1/1 (main=0 | quest=0 | category=1 groups=5)
[2026-06-07T01:16:47.313735Z] [notify] [tavern] sent 1/1 (main=0 | quest=0 | category=1 groups=5)
[2026-06-07T01:16:49.633745Z] [notify] [tavern] sent 1/1 (main=0 | quest=0 | category=1 groups=5)
[2026-06-07T01:16:53.267134Z] [notify] [tavern] sent 1/1 (main=0 | quest=0 | category=1 groups=5)
[2026-06-07T01:16:55.654807Z] [notify] [tavern] sent 1/1 (main=0 | quest=0 | category=1 groups=5)
[2026-06-07T01:16:59.069550Z] [notify] [tavern] sent 1/1 (main=0 | quest=0 | category=1 groups=5)
[2026-06-07T01:17:01.853561Z] [notify] [tavern] sent 1/1 (main=0 | quest=0 | category=1 groups=5)
[2026-06-07T01:17:06.117785Z] [notify] [tavern] sent 1/1 (main=0 | quest=0 | category=1 groups=5)
[2026-06-07T01:17:08.924644Z] [notify] [tavern] sent 1/1 (main=0 | quest=0 | category=1 groups=5)
[2026-06-07T01:17:15.036751Z] [notify] [tavern] sent 2/2 (main=0 | quest=0 | category=2 groups=5)
[2026-06-07T01:17:15.640303Z] [notify] [tavern] sent 2/2 (main=0 | quest=0 | category=2 groups=5)
[2026-06-07T01:17:20.495368Z] [notify] [tavern] sent 1/1 (main=0 | quest=0 | category=1 groups=5)
[2026-06-07T01:17:24.192083Z] [notify] [tavern] sent 2/2 (main=0 | quest=0 | category=2 groups=5)
[2026-06-07T01:17:25.421878Z] [notify] [tavern] sent 2/2 (main=0 | quest=0 | category=2 groups=5)
[2026-06-07T01:17:31.143941Z] [notify] [tavern] sent 1/1 (main=0 | quest=0 | category=1 groups=5)
[2026-06-07T01:17:33.482874Z] [notify] [tavern] sent 2/2 (main=0 | quest=0 | category=2 groups=5)
[2026-06-07T01:17:34.000055Z] [notify] [tavern] sent 2/2 (main=0 | quest=0 | category=2 groups=5)
[2026-06-07T01:17:38.640304Z] [notify] [tavern] sent 1/1 (main=0 | quest=0 | category=1 groups=5)
[2026-06-07T01:17:43.155469Z] [notify] [tavern] sent 2/2 (main=0 | quest=0 | category=2 groups=5)
[2026-06-07T01:17:43.749691Z] [notify] [tavern] sent 2/2 (main=0 | quest=0 | category=2 groups=5)
[2026-06-07T01:17:47.735030Z] [notify] [tavern] sent 1/1 (main=0 | quest=0 | category=1 groups=5)
[2026-06-07T01:17:51.752311Z] [notify] [tavern] sent 2/2 (main=0 | quest=0 | category=2 groups=5)
[2026-06-07T01:17:52.201426Z] [notify] [tavern] sent 2/2 (main=0 | quest=0 | category=2 groups=5)
[2026-06-07T01:17:56.571647Z] [notify] [tavern] sent 1/1 (main=0 | quest=0 | category=1 groups=5)
[2026-06-07T01:18:00.335197Z] [notify] [tavern] sent 2/2 (main=0 | quest=0 | category=2 groups=5)
[2026-06-07T01:18:00.952489Z] [notify] [tavern] sent 2/2 (main=0 | quest=0 | category=2 groups=5)
[2026-06-07T01:18:05.305654Z] [notify] [tavern] sent 1/1 (main=0 | quest=0 | category=1 groups=5)
[2026-06-07T01:18:09.087814Z] [notify] [tavern] sent 2/2 (main=0 | quest=0 | category=2 groups=5)
[2026-06-07T01:18:09.908253Z] [notify] [tavern] sent 2/2 (main=0 | quest=0 | category=2 groups=5)
[2026-06-07T01:18:14.147923Z] [notify] [tavern] sent 1/1 (main=0 | quest=0 | category=1 groups=5)
[2026-06-07T01:18:18.144846Z] [notify] [tavern] sent 2/2 (main=0 | quest=0 | category=2 groups=5)
[2026-06-07T01:18:18.502516Z] [notify] [tavern] sent 2/2 (main=0 | quest=0 | category=2 groups=5)
[2026-06-07T01:18:22.906043Z] [notify] [tavern] sent 1/1 (main=0 | quest=0 | category=1 groups=5)
[2026-06-07T01:18:26.475914Z] [notify] [tavern] sent 2/2 (main=0 | quest=0 | category=2 groups=5)
[2026-06-07T01:18:26.863590Z] [notify] [tavern] sent 2/2 (main=0 | quest=0 | category=2 groups=5)
[2026-06-07T01:18:31.275496Z] [notify] [tavern] sent 1/1 (main=0 | quest=0 | category=1 groups=5)
[2026-06-07T01:18:35.463771Z] [notify] [tavern] sent 2/2 (main=0 | quest=0 | category=2 groups=5)
[2026-06-07T01:18:35.831274Z] [notify] [tavern] sent 2/2 (main=0 | quest=0 | category=2 groups=5)
[2026-06-07T01:18:40.011902Z] [notify] [tavern] sent 1/1 (main=0 | quest=0 | category=1 groups=5)
[2026-06-07T01:18:41.567462Z] [notify] [tavern] sent 1/1 (main=0 | quest=0 | category=1 groups=5)
[2026-06-07T01:18:47.164892Z] [notify] [tavern] sent 2/2 (main=0 | quest=0 | category=2 groups=5)
[2026-06-07T01:18:47.891975Z] [notify] [tavern] sent 2/2 (main=0 | quest=0 | category=2 groups=5)
[2026-06-07T01:18:52.373823Z] [notify] [tavern] sent 1/1 (main=0 | quest=0 | category=1 groups=5)
[2026-06-07T01:18:55.904589Z] [notify] [tavern] sent 2/2 (main=0 | quest=0 | category=2 groups=5)
[2026-06-07T01:18:56.893775Z] [notify] [tavern] sent 2/2 (main=0 | quest=0 | category=2 groups=5)
[2026-06-07T01:19:01.826901Z] [notify] [tavern] sent 1/1 (main=0 | quest=0 | category=1 groups=5)
[2026-06-07T01:19:06.192521Z] [notify] [tavern] sent 2/2 (main=0 | quest=0 | category=2 groups=5)
[2026-06-07T01:19:06.388914Z] [notify] [tavern] sent 2/2 (main=0 | quest=0 | category=2 groups=5)
[2026-06-07T01:19:11.353052Z] [notify] [tavern] sent 1/1 (main=0 | quest=0 | category=1 groups=5)
[2026-06-07T01:19:15.459380Z] [notify] [tavern] sent 2/2 (main=0 | quest=0 | category=2 groups=5)
[2026-06-07T01:19:16.168774Z] [notify] [tavern] sent 2/2 (main=0 | quest=0 | category=2 groups=5)
[2026-06-07T01:19:20.545002Z] [notify] [tavern] sent 1/1 (main=0 | quest=0 | category=1 groups=5)
[2026-06-07T01:19:24.212832Z] [notify] [tavern] sent 2/2 (main=0 | quest=0 | category=2 groups=5)
[2026-06-07T01:19:25.299863Z] [notify] [tavern] sent 2/2 (main=0 | quest=0 | category=2 groups=5)
[2026-06-07T01:19:26.649725Z] [notify] [tavern] sent 1/1 (main=0 | quest=0 | category=1 groups=5)
[2026-06-07T01:19:31.577275Z] [notify] [tavern] sent 1/1 (main=0 | quest=0 | category=1 groups=5)
[2026-06-07T01:19:35.480448Z] [notify] [tavern] sent 2/2 (main=0 | quest=0 | category=2 groups=5)
[2026-06-07T01:19:36.090115Z] [notify] [tavern] sent 2/2 (main=0 | quest=0 | category=2 groups=5)
[2026-06-07T01:19:40.685537Z] [notify] [tavern] sent 1/1 (main=0 | quest=0 | category=1 groups=5)
[2026-06-07T01:19:44.577601Z] [notify] [tavern] sent 2/2 (main=0 | quest=0 | category=2 groups=5)
[2026-06-07T01:19:45.604635Z] [notify] [tavern] sent 2/2 (main=0 | quest=0 | category=2 groups=5)
[2026-06-07T01:19:49.604781Z] [notify] [tavern] sent 1/1 (main=0 | quest=0 | category=1 groups=5)
[2026-06-07T01:19:53.700979Z] [notify] [tavern] sent 2/2 (main=0 | quest=0 | category=2 groups=5)
[2026-06-07T01:19:54.127175Z] [notify] [tavern] sent 2/2 (main=0 | quest=0 | category=2 groups=5)
[2026-06-07T01:19:58.941064Z] [notify] [tavern] sent 1/1 (main=0 | quest=0 | category=1 groups=5)
[2026-06-07T01:40:58.081327Z] [notify] [tavern] sent 1/1 (main=1 | quest=0 | category=0 groups=5)
[2026-06-07T01:51:22.034446Z] [notify] [tavern] sent 1/1 (main=1 | quest=0 | category=0 groups=5)
[2026-06-07T01:51:44.396743Z] [notify] [tavern] sent 1/1 (main=1 | quest=0 | category=0 groups=5)
[2026-06-07T01:52:04.732373Z] [notify] [tavern] sent 1/1 (main=1 | quest=0 | category=0 groups=5)
[2026-06-07T01:53:51.445896Z] [notify] [tavern] sent 1/1 (main=1 | quest=0 | category=0 groups=5)
[2026-06-07T01:54:59.108462Z] [notify] [tavern] sent 1/1 (main=1 | quest=0 | category=0 groups=5)
[2026-06-07T01:55:31.857854Z] [notify] [tavern] sent 2/2 (main=2 | quest=0 | category=0 groups=5)
[2026-06-07T01:56:36.017076Z] [notify] [tavern] sent 3/3 (main=3 | quest=0 | category=0 groups=5)
[2026-06-07T02:00:13.907620Z] [notify] [tavern] sent 5/5 (main=5 | quest=0 | category=0 groups=5)
[2026-06-07T02:02:58.735132Z] [notify] [tavern] sent 2/2 (main=2 | quest=0 | category=0 groups=5)
[2026-06-07T02:03:26.766815Z] [notify] [tavern] sent 1/1 (main=1 | quest=0 | category=0 groups=5)
[2026-06-07T02:05:06.557180Z] [notify] [tavern] sent 2/2 (main=2 | quest=0 | category=0 groups=5)
[2026-06-07T02:06:16.805563Z] [notify] [tavern] sent 1/1 (main=1 | quest=0 | category=0 groups=5)
[2026-06-07T02:07:08.123249Z] [notify] [tavern] sent 1/1 (main=1 | quest=0 | category=0 groups=5)
[2026-06-07T02:09:09.618125Z] [notify] [tavern] sent 1/1 (main=1 | quest=0 | category=0 groups=5)
[2026-06-07T02:10:08.545624Z] [notify] [tavern] sent 1/1 (main=1 | quest=0 | category=0 groups=5)
[2026-06-07T02:13:06.774893Z] [notify] [tavern] sent 1/1 (main=1 | quest=0 | category=0 groups=5)
[2026-06-07T02:15:55.174151Z] [notify] [tavern] sent 1/1 (main=1 | quest=0 | category=0 groups=5)
[2026-06-07T02:19:03.931080Z] [notify] [tavern] sent 1/1 (main=1 | quest=0 | category=0 groups=5)
[2026-06-07T02:21:57.363668Z] [notify] [tavern] sent 1/1 (main=1 | quest=0 | category=0 groups=5)
[2026-06-07T02:25:05.348442Z] [notify] [tavern] sent 1/1 (main=1 | quest=0 | category=0 groups=5)
[2026-06-07T02:28:04.592560Z] [notify] [tavern] sent 1/1 (main=1 | quest=0 | category=0 groups=5)
[2026-06-07T02:30:50.146170Z] [notify] [tavern] sent 1/1 (main=1 | quest=0 | category=0 groups=5)
[2026-06-07T02:33:54.405695Z] [notify] [tavern] sent 1/1 (main=1 | quest=0 | category=0 groups=5)
[2026-06-07T02:37:03.490334Z] [notify] [tavern] sent 1/1 (main=1 | quest=0 | category=0 groups=5)
[2026-06-07T02:39:59.716128Z] [notify] [tavern] sent 1/1 (main=1 | quest=0 | category=0 groups=5)
[2026-06-07T02:43:03.764524Z] [notify] [tavern] sent 1/1 (main=1 | quest=0 | category=0 groups=5)
[2026-06-07T02:46:01.494529Z] [notify] [tavern] sent 1/1 (main=1 | quest=0 | category=0 groups=5)
[2026-06-07T02:49:00.547518Z] [notify] [tavern] sent 1/1 (main=1 | quest=0 | category=0 groups=5)
[2026-06-07T02:52:11.716701Z] [notify] [tavern] sent 1/1 (main=1 | quest=0 | category=0 groups=5)
[2026-06-07T02:55:04.951166Z] [notify] [tavern] sent 1/1 (main=1 | quest=0 | category=0 groups=5)
[2026-06-07T02:57:58.486321Z] [notify] [tavern] sent 1/1 (main=1 | quest=0 | category=0 groups=5)
[2026-06-07T03:00:03.972993Z] [notify] [tavern] sent 1/1 (main=1 | quest=0 | category=0 groups=5)
[2026-06-07T03:00:48.496438Z] [notify] [tavern] sent 1/1 (main=1 | quest=0 | category=0 groups=5)
[2026-06-07T03:04:17.728606Z] [notify] [tavern] sent 1/1 (main=1 | quest=0 | category=0 groups=5)
[2026-06-07T03:07:03.056518Z] [notify] [tavern] sent 1/1 (main=1 | quest=0 | category=0 groups=5)
[2026-06-07T03:10:02.505932Z] [notify] [tavern] sent 1/1 (main=1 | quest=0 | category=0 groups=5)
[2026-06-07T03:12:57.474365Z] [notify] [tavern] sent 1/1 (main=1 | quest=0 | category=0 groups=5)
[2026-06-07T03:15:57.973451Z] [notify] [tavern] sent 1/1 (main=1 | quest=0 | category=0 groups=5)
[2026-06-07T03:19:04.987914Z] [notify] [tavern] sent 1/1 (main=1 | quest=0 | category=0 groups=5)
[2026-06-07T03:22:02.312685Z] [notify] [tavern] sent 1/1 (main=1 | quest=0 | category=0 groups=5)
[2026-06-07T03:43:52.748048Z] [notify] [tavern] sent 1/1 (main=1 | quest=0 | category=0 groups=5)
[2026-06-07T03:47:13.934163Z] [notify] [tavern] sent 1/1 (main=1 | quest=0 | category=0 groups=5)
[2026-06-07T03:50:11.115689Z] [notify] [tavern] sent 1/1 (main=1 | quest=0 | category=0 groups=5)
[2026-06-07T03:53:01.669861Z] [notify] [tavern] sent 1/1 (main=1 | quest=0 | category=0 groups=5)
[2026-06-07T03:56:15.653864Z] [notify] [tavern] sent 1/1 (main=1 | quest=0 | category=0 groups=5)
[2026-06-07T03:59:06.698789Z] [notify] [tavern] sent 1/1 (main=1 | quest=0 | category=0 groups=5)
[2026-06-07T04:00:06.960836Z] [notify] [tavern] sent 1/1 (main=1 | quest=0 | category=0 groups=5)
[2026-06-07T04:02:03.637188Z] [notify] [tavern] sent 1/1 (main=1 | quest=0 | category=0 groups=5)
[2026-06-07T04:05:02.317442Z] [notify] [tavern] sent 1/1 (main=1 | quest=0 | category=0 groups=5)
[2026-06-07T04:08:17.176122Z] [notify] [tavern] sent 1/1 (main=1 | quest=0 | category=0 groups=5)
[2026-06-07T04:11:16.226494Z] [notify] [tavern] sent 1/1 (main=1 | quest=0 | category=0 groups=5)
[2026-06-07T04:14:12.936718Z] [notify] [tavern] sent 1/1 (main=1 | quest=0 | category=0 groups=5)
[2026-06-07T04:17:17.433905Z] [notify] [tavern] sent 1/1 (main=1 | quest=0 | category=0 groups=5)
[2026-06-07T04:20:12.038958Z] [notify] [tavern] sent 1/1 (main=1 | quest=0 | category=0 groups=5)
[2026-06-07T04:23:02.034125Z] [notify] [tavern] sent 1/1 (main=1 | quest=0 | category=0 groups=5)
[2026-06-07T04:26:06.235860Z] [notify] [tavern] sent 1/1 (main=1 | quest=0 | category=0 groups=5)
[2026-06-07T04:29:17.624039Z] [notify] [tavern] sent 1/1 (main=1 | quest=0 | category=0 groups=5)
[2026-06-07T04:32:15.270878Z] [notify] [tavern] sent 1/1 (main=1 | quest=0 | category=0 groups=5)
[2026-06-07T04:35:09.572601Z] [notify] [tavern] sent 1/1 (main=1 | quest=0 | category=0 groups=5)
[2026-06-07T04:38:03.629290Z] [notify] [tavern] sent 1/1 (main=1 | quest=0 | category=0 groups=5)
[2026-06-07T04:41:07.741021Z] [notify] [tavern] sent 1/1 (main=1 | quest=0 | category=0 groups=5)
[2026-06-07T04:44:35.486542Z] [notify] [tavern] sent 1/1 (main=1 | quest=0 | category=0 groups=5)
[2026-06-07T04:46:40.554905Z] [notify] [tavern] sent 1/1 (main=1 | quest=0 | category=0 groups=5)
[2026-06-07T04:48:54.198982Z] [notify] [tavern] sent 1/1 (main=1 | quest=0 | category=0 groups=5)
[2026-06-07T04:49:09.597177Z] [notify] [tavern] sent 1/1 (main=1 | quest=0 | category=0 groups=5)
[2026-06-07T04:51:53.717142Z] [notify] [tavern] sent 1/1 (main=1 | quest=0 | category=0 groups=5)
[2026-06-07T04:55:33.442082Z] [notify] [tavern] sent 1/1 (main=1 | quest=0 | category=0 groups=5)
[2026-06-07T05:00:06.380748Z] [notify] [tavern] sent 1/1 (main=1 | quest=0 | category=0 groups=5)
[2026-06-07T05:16:15.056854Z] [notify] [tavern] sent 1/1 (main=1 | quest=0 | category=0 groups=5)
[2026-06-07T05:16:33.927322Z] [notify] [tavern] sent 1/1 (main=1 | quest=0 | category=0 groups=5)
[2026-06-07T05:17:00.285510Z] [notify] [tavern] sent 1/1 (main=1 | quest=0 | category=0 groups=5)
[2026-06-07T05:24:44.816411Z] [notify] [tavern] sent 1/1 (main=1 | quest=0 | category=0 groups=5)
[2026-06-07T05:24:59.835837Z] [notify] [tavern] sent 1/1 (main=1 | quest=0 | category=0 groups=5)
[2026-06-07T05:25:10.175588Z] [notify] [tavern] sent 1/1 (main=1 | quest=0 | category=0 groups=5)
[2026-06-07T05:25:34.184719Z] [notify] [tavern] sent 1/1 (main=1 | quest=0 | category=0 groups=5)
[2026-06-07T05:27:31.812838Z] [notify] [tavern] sent 1/1 (main=1 | quest=0 | category=0 groups=5)
[2026-06-07T05:29:39.793850Z] [notify] [tavern] sent 1/1 (main=1 | quest=0 | category=0 groups=5)
[2026-06-07T05:31:24.004194Z] [notify] [tavern] sent 1/1 (main=1 | quest=0 | category=0 groups=5)
[2026-06-07T05:31:39.407799Z] [notify] [tavern] sent 1/1 (main=1 | quest=0 | category=0 groups=5)
[2026-06-07T05:33:44.334621Z] [notify] [tavern] sent 1/1 (main=1 | quest=0 | category=0 groups=5)
[2026-06-07T05:35:35.311402Z] [notify] [tavern] sent 1/1 (main=1 | quest=0 | category=0 groups=5)
[2026-06-07T05:37:37.456952Z] [notify] [tavern] sent 1/1 (main=1 | quest=0 | category=0 groups=5)
[2026-06-07T05:38:32.124779Z] [notify] [tavern] sent 1/1 (main=1 | quest=0 | category=0 groups=5)
[2026-06-07T05:39:36.741497Z] [notify] [tavern] sent 1/1 (main=1 | quest=0 | category=0 groups=5)
[2026-06-07T05:41:54.140220Z] [notify] [tavern] sent 1/1 (main=1 | quest=0 | category=0 groups=5)
[2026-06-07T05:44:41.224857Z] [notify] [tavern] sent 1/1 (main=1 | quest=0 | category=0 groups=5)
[2026-06-07T05:45:58.629254Z] [notify] [tavern] sent 1/1 (main=1 | quest=0 | category=0 groups=5)
[2026-06-07T05:46:39.468042Z] [notify] [tavern] sent 1/1 (main=1 | quest=0 | category=0 groups=5)
[2026-06-07T05:46:47.684550Z] [notify] [tavern] sent 1/1 (main=1 | quest=0 | category=0 groups=5)
[2026-06-07T05:48:46.443763Z] [notify] [tavern] sent 1/1 (main=1 | quest=0 | category=0 groups=5)
[2026-06-07T05:50:39.772713Z] [notify] [tavern] sent 1/1 (main=1 | quest=0 | category=0 groups=5)
[2026-06-07T05:52:45.369716Z] [notify] [tavern] sent 1/1 (main=1 | quest=0 | category=0 groups=5)
[2026-06-07T05:54:43.017203Z] [notify] [tavern] sent 1/1 (main=1 | quest=0 | category=0 groups=5)
[2026-06-07T05:54:48.668419Z] [notify] [tavern] sent 1/1 (main=1 | quest=0 | category=0 groups=5)
[2026-06-07T05:56:46.284650Z] [notify] [tavern] sent 1/1 (main=1 | quest=0 | category=0 groups=5)
[2026-06-07T05:58:47.453739Z] [notify] [tavern] sent 1/1 (main=1 | quest=0 | category=0 groups=5)
[2026-06-07T06:00:07.003838Z] [notify] [tavern] sent 1/1 (main=1 | quest=0 | category=0 groups=5)
[2026-06-07T06:00:39.679828Z] [notify] [tavern] sent 1/1 (main=1 | quest=0 | category=0 groups=5)
[2026-06-07T06:01:57.450516Z] [notify] [tavern] sent 1/1 (main=1 | quest=0 | category=0 groups=5)
[2026-06-07T06:02:51.419287Z] [notify] [tavern] sent 1/1 (main=1 | quest=0 | category=0 groups=5)
[2026-06-07T06:03:02.402187Z] [notify] [tavern] sent 1/1 (main=1 | quest=0 | category=0 groups=5)
[2026-06-07T06:05:45.879564Z] [notify] [tavern] sent 1/1 (main=1 | quest=0 | category=0 groups=5)
[2026-06-07T06:07:42.065685Z] [notify] [tavern] sent 1/1 (main=1 | quest=0 | category=0 groups=5)
[2026-06-07T06:09:35.789634Z] [notify] [tavern] sent 1/1 (main=1 | quest=0 | category=0 groups=5)
[2026-06-07T06:09:46.234239Z] [notify] [tavern] sent 1/1 (main=1 | quest=0 | category=0 groups=5)
[2026-06-07T06:11:42.959737Z] [notify] [tavern] sent 1/1 (main=1 | quest=0 | category=0 groups=5)
[2026-06-07T06:13:53.310296Z] [notify] [tavern] sent 1/1 (main=1 | quest=0 | category=0 groups=5)
[2026-06-07T06:16:45.696841Z] [notify] [tavern] sent 1/1 (main=1 | quest=0 | category=0 groups=5)
[2026-06-07T06:18:49.063897Z] [notify] [tavern] sent 1/1 (main=1 | quest=0 | category=0 groups=5)
[2026-06-07T06:19:10.273833Z] [notify] [tavern] sent 1/1 (main=1 | quest=0 | category=0 groups=5)
[2026-06-07T06:20:49.058103Z] [notify] [tavern] sent 1/1 (main=1 | quest=0 | category=0 groups=5)
[2026-06-07T06:23:57.876711Z] [notify] [tavern] sent 1/1 (main=1 | quest=0 | category=0 groups=5)
[2026-06-07T06:27:01.847536Z] [notify] [tavern] sent 1/1 (main=1 | quest=0 | category=0 groups=5)
[2026-06-07T06:28:55.440726Z] [notify] [tavern] sent 1/1 (main=1 | quest=0 | category=0 groups=5)
[2026-06-07T06:29:53.184441Z] [notify] [tavern] sent 1/1 (main=1 | quest=0 | category=0 groups=5)
[2026-06-07T06:32:52.253496Z] [notify] [tavern] sent 1/1 (main=1 | quest=0 | category=0 groups=5)
[2026-06-07T06:36:00.184851Z] [notify] [tavern] sent 1/1 (main=1 | quest=0 | category=0 groups=5)
[2026-06-07T06:38:43.275256Z] [notify] [tavern] sent 1/1 (main=1 | quest=0 | category=0 groups=5)
[2026-06-07T06:38:53.514864Z] [notify] [tavern] sent 1/1 (main=1 | quest=0 | category=0 groups=5)
[2026-06-07T06:41:50.889958Z] [notify] [tavern] sent 1/1 (main=1 | quest=0 | category=0 groups=5)
[2026-06-07T06:44:54.393020Z] [notify] [tavern] sent 1/1 (main=1 | quest=0 | category=0 groups=5)
[2026-06-07T06:47:58.359844Z] [notify] [tavern] sent 1/1 (main=1 | quest=0 | category=0 groups=5)
[2026-06-07T06:50:55.968402Z] [notify] [tavern] sent 1/1 (main=1 | quest=0 | category=0 groups=5)
[2026-06-07T06:53:55.176500Z] [notify] [tavern] sent 1/1 (main=1 | quest=0 | category=0 groups=5)
[2026-06-07T06:56:58.396822Z] [notify] [tavern] sent 1/1 (main=1 | quest=0 | category=0 groups=5)
[2026-06-07T07:00:04.340023Z] [notify] [tavern] sent 1/1 (main=1 | quest=0 | category=0 groups=5)
[2026-06-07T07:00:17.320626Z] [notify] [tavern] sent 1/1 (main=1 | quest=0 | category=0 groups=5)
[2026-06-07T07:02:29.215134Z] [notify] [tavern] sent 1/1 (main=1 | quest=0 | category=0 groups=5)
[2026-06-07T07:03:00.111942Z] [notify] [tavern] sent 1/1 (main=1 | quest=0 | category=0 groups=5)
[2026-06-07T07:06:00.245858Z] [notify] [tavern] sent 1/1 (main=1 | quest=0 | category=0 groups=5)
[2026-06-07T07:08:53.307192Z] [notify] [tavern] sent 1/1 (main=1 | quest=0 | category=0 groups=5)
[2026-06-07T07:12:04.034950Z] [notify] [tavern] sent 1/1 (main=1 | quest=0 | category=0 groups=5)
[2026-06-07T07:14:56.864816Z] [notify] [tavern] sent 1/1 (main=1 | quest=0 | category=0 groups=5)
[2026-06-07T07:18:00.120473Z] [notify] [tavern] sent 1/1 (main=1 | quest=0 | category=0 groups=5)
[2026-06-07T07:20:51.469719Z] [notify] [tavern] sent 1/1 (main=1 | quest=0 | category=0 groups=5)
[2026-06-07T07:23:58.536025Z] [notify] [tavern] sent 1/1 (main=1 | quest=0 | category=0 groups=5)
[2026-06-07T07:26:55.297505Z] [notify] [tavern] sent 1/1 (main=1 | quest=0 | category=0 groups=5)
[2026-06-07T07:31:24.375141Z] [notify] [tavern] sent 1/1 (main=1 | quest=0 | category=0 groups=5)
[2026-06-07T07:36:54.942326Z] [notify] [tavern] sent 1/1 (main=1 | quest=0 | category=0 groups=5)
[2026-06-07T07:39:33.273017Z] [notify] [tavern] sent 1/1 (main=1 | quest=0 | category=0 groups=5)
[2026-06-07T07:39:37.160245Z] [notify] [tavern] sent 1/1 (main=1 | quest=0 | category=0 groups=5)
[2026-06-07T07:41:49.994138Z] [notify] [tavern] sent 1/1 (main=1 | quest=0 | category=0 groups=5)
[2026-06-07T07:44:52.411917Z] [notify] [tavern] sent 1/1 (main=1 | quest=0 | category=0 groups=5)
[2026-06-07T07:47:54.395473Z] [notify] [tavern] sent 1/1 (main=1 | quest=0 | category=0 groups=5)
[2026-06-07T07:50:56.271766Z] [notify] [tavern] sent 1/1 (main=1 | quest=0 | category=0 groups=5)
[2026-06-07T07:53:58.009789Z] [notify] [tavern] sent 1/1 (main=1 | quest=0 | category=0 groups=5)
[2026-06-07T07:56:57.874786Z] [notify] [tavern] sent 1/1 (main=1 | quest=0 | category=0 groups=5)
[2026-06-07T07:59:53.968274Z] [notify] [tavern] sent 1/1 (main=1 | quest=0 | category=0 groups=5)
[2026-06-07T08:00:07.299983Z] [notify] [tavern] sent 1/1 (main=1 | quest=0 | category=0 groups=5)
[2026-06-07T08:02:57.474933Z] [notify] [tavern] sent 1/1 (main=1 | quest=0 | category=0 groups=5)
[2026-06-07T08:05:57.969801Z] [notify] [tavern] sent 1/1 (main=1 | quest=0 | category=0 groups=5)
[2026-06-07T08:09:01.027309Z] [notify] [tavern] sent 1/1 (main=1 | quest=0 | category=0 groups=5)
[2026-06-07T08:11:53.939187Z] [notify] [tavern] sent 1/1 (main=1 | quest=0 | category=0 groups=5)
[2026-06-07T08:14:54.704634Z] [notify] [tavern] sent 1/1 (main=1 | quest=0 | category=0 groups=5)
[2026-06-07T08:22:58.074618Z] [notify] [tavern] sent 1/1 (main=1 | quest=0 | category=0 groups=5)
[2026-06-07T08:23:01.574866Z] [notify] [tavern] sent 1/1 (main=1 | quest=0 | category=0 groups=5)
[2026-06-07T08:25:57.395717Z] [notify] [tavern] sent 1/1 (main=1 | quest=0 | category=0 groups=5)
[2026-06-07T08:28:57.532078Z] [notify] [tavern] sent 1/1 (main=1 | quest=0 | category=0 groups=5)
[2026-06-07T08:31:57.211533Z] [notify] [tavern] sent 1/1 (main=1 | quest=0 | category=0 groups=5)
[2026-06-07T08:34:51.959578Z] [notify] [tavern] sent 1/1 (main=1 | quest=0 | category=0 groups=5)
[2026-06-07T08:37:57.224686Z] [notify] [tavern] sent 1/1 (main=1 | quest=0 | category=0 groups=5)
[2026-06-07T08:41:00.174419Z] [notify] [tavern] sent 1/1 (main=1 | quest=0 | category=0 groups=5)
[2026-06-07T08:43:58.393353Z] [notify] [tavern] sent 1/1 (main=1 | quest=0 | category=0 groups=5)
[2026-06-07T08:47:02.360739Z] [notify] [tavern] sent 1/1 (main=1 | quest=0 | category=0 groups=5)
[2026-06-07T08:49:57.785622Z] [notify] [tavern] sent 1/1 (main=1 | quest=0 | category=0 groups=5)
[2026-06-07T08:52:59.214855Z] [notify] [tavern] sent 1/1 (main=1 | quest=0 | category=0 groups=5)
[2026-06-07T08:56:08.067822Z] [notify] [tavern] sent 1/1 (main=1 | quest=0 | category=0 groups=5)
[2026-06-07T09:00:03.137220Z] [notify] [tavern] sent 1/1 (main=1 | quest=0 | category=0 groups=5)
[2026-06-07T09:01:27.179654Z] [notify] [tavern] sent 1/1 (main=1 | quest=0 | category=0 groups=5)
[2026-06-07T09:01:57.352991Z] [notify] [tavern] sent 1/1 (main=1 | quest=0 | category=0 groups=5)
[2026-06-07T09:02:57.206576Z] [notify] [tavern] sent 1/1 (main=1 | quest=0 | category=0 groups=5)
[2026-06-07T09:07:04.993146Z] [notify] [tavern] sent 1/1 (main=1 | quest=0 | category=0 groups=5)
[2026-06-07T09:09:57.837507Z] [notify] [tavern] sent 1/1 (main=1 | quest=0 | category=0 groups=5)
[2026-06-07T09:12:56.651279Z] [notify] [tavern] sent 1/1 (main=1 | quest=0 | category=0 groups=5)
[2026-06-07T09:15:57.704459Z] [notify] [tavern] sent 1/1 (main=1 | quest=0 | category=0 groups=5)
[2026-06-07T09:18:51.206878Z] [notify] [tavern] sent 1/1 (main=1 | quest=0 | category=0 groups=5)
[2026-06-07T09:21:57.234415Z] [notify] [tavern] sent 1/1 (main=1 | quest=0 | category=0 groups=5)
[2026-06-07T09:24:56.153849Z] [notify] [tavern] sent 1/1 (main=1 | quest=0 | category=0 groups=5)
[2026-06-07T09:27:54.338914Z] [notify] [tavern] sent 1/1 (main=1 | quest=0 | category=0 groups=5)
[2026-06-07T09:30:24.536348Z] [notify] [tavern] sent 1/1 (main=1 | quest=0 | category=0 groups=5)
[2026-06-07T09:32:54.647093Z] [notify] [tavern] sent 1/1 (main=1 | quest=0 | category=0 groups=5)
[2026-06-07T09:35:58.351816Z] [notify] [tavern] sent 1/1 (main=1 | quest=0 | category=0 groups=5)
[2026-06-07T09:38:56.845481Z] [notify] [tavern] sent 1/1 (main=1 | quest=0 | category=0 groups=5)
[2026-06-07T09:41:55.411683Z] [notify] [tavern] sent 1/1 (main=1 | quest=0 | category=0 groups=5)
[2026-06-07T09:44:53.784129Z] [notify] [tavern] sent 1/1 (main=1 | quest=0 | category=0 groups=5)
[2026-06-07T09:47:49.700947Z] [notify] [tavern] sent 1/1 (main=1 | quest=0 | category=0 groups=5)
[2026-06-07T09:50:53.651868Z] [notify] [tavern] sent 1/1 (main=1 | quest=0 | category=0 groups=5)
[2026-06-07T09:54:02.631282Z] [notify] [tavern] sent 1/1 (main=1 | quest=0 | category=0 groups=5)
[2026-06-07T09:56:57.366096Z] [notify] [tavern] sent 1/1 (main=1 | quest=0 | category=0 groups=5)
[2026-06-07T09:59:56.494867Z] [notify] [tavern] sent 1/1 (main=1 | quest=0 | category=0 groups=5)
[2026-06-07T10:00:06.902251Z] [notify] [tavern] sent 1/1 (main=1 | quest=0 | category=0 groups=5)
[2026-06-07T10:02:55.707491Z] [notify] [tavern] sent 1/1 (main=1 | quest=0 | category=0 groups=5)
[2026-06-07T10:06:16.783108Z] [notify] [tavern] sent 1/1 (main=1 | quest=0 | category=0 groups=5)
[2026-06-07T10:08:57.268603Z] [notify] [tavern] sent 1/1 (main=1 | quest=0 | category=0 groups=5)
[2026-06-07T10:11:53.201470Z] [notify] [tavern] sent 1/1 (main=1 | quest=0 | category=0 groups=5)
[2026-06-07T10:14:40.518356Z] [notify] [tavern] sent 1/1 (main=1 | quest=0 | category=0 groups=5)
[2026-06-07T10:14:53.569476Z] [notify] [tavern] sent 1/1 (main=1 | quest=0 | category=0 groups=5)
[2026-06-07T10:17:58.036173Z] [notify] [tavern] sent 1/1 (main=1 | quest=0 | category=0 groups=5)
[2026-06-07T10:20:57.782593Z] [notify] [tavern] sent 1/1 (main=1 | quest=0 | category=0 groups=5)
[2026-06-07T10:23:37.972002Z] [notify] [tavern] sent 1/1 (main=1 | quest=0 | category=0 groups=5)
[2026-06-07T10:23:51.937769Z] [notify] [tavern] sent 1/1 (main=1 | quest=0 | category=0 groups=5)
[2026-06-07T10:27:16.053354Z] [notify] [tavern] sent 1/1 (main=1 | quest=0 | category=0 groups=5)
[2026-06-07T10:29:51.739611Z] [notify] [tavern] sent 1/1 (main=1 | quest=0 | category=0 groups=5)
[2026-06-07T10:32:55.614318Z] [notify] [tavern] sent 1/1 (main=1 | quest=0 | category=0 groups=5)
[2026-06-07T10:36:05.263110Z] [notify] [tavern] sent 1/1 (main=1 | quest=0 | category=0 groups=5)
[2026-06-07T10:36:20.188650Z] [notify] [tavern] sent 1/1 (main=1 | quest=0 | category=0 groups=5)
[2026-06-07T10:38:58.578780Z] [notify] [tavern] sent 1/1 (main=1 | quest=0 | category=0 groups=5)
[2026-06-07T10:42:00.477115Z] [notify] [tavern] sent 1/1 (main=1 | quest=0 | category=0 groups=5)
[2026-06-07T10:45:01.372107Z] [notify] [tavern] sent 1/1 (main=1 | quest=0 | category=0 groups=5)
[2026-06-07T10:45:45.529338Z] [notify] [tavern] sent 1/1 (main=1 | quest=0 | category=0 groups=5)
[2026-06-07T10:48:03.967418Z] [notify] [tavern] sent 1/1 (main=1 | quest=0 | category=0 groups=5)
[2026-06-07T10:51:04.258741Z] [notify] [tavern] sent 1/1 (main=1 | quest=0 | category=0 groups=5)
[2026-06-07T10:57:11.499666Z] [notify] [tavern] sent 1/1 (main=1 | quest=0 | category=0 groups=5)
[2026-06-07T11:00:00.885775Z] [notify] [tavern] sent 1/1 (main=1 | quest=0 | category=0 groups=5)
[2026-06-07T11:00:05.855804Z] [notify] [tavern] sent 1/1 (main=1 | quest=0 | category=0 groups=5)
[2026-06-07T11:00:52.535963Z] [notify] [tavern] sent 1/1 (main=1 | quest=0 | category=0 groups=5)
[2026-06-07T11:01:41.176349Z] [notify] [tavern] sent 1/1 (main=1 | quest=0 | category=0 groups=5)
[2026-06-07T11:02:27.753068Z] [notify] [tavern] sent 1/1 (main=1 | quest=0 | category=0 groups=5)
[2026-06-07T11:06:02.118271Z] [notify] [tavern] sent 1/1 (main=1 | quest=0 | category=0 groups=5)
[2026-06-07T11:14:41.041790Z] [notify] [tavern] sent 1/1 (main=1 | quest=0 | category=0 groups=5)
[2026-06-07T11:18:00.372756Z] [notify] [tavern] sent 1/1 (main=1 | quest=0 | category=0 groups=5)
[2026-06-07T11:27:35.474147Z] [notify] [tavern] sent 1/1 (main=1 | quest=0 | category=0 groups=5)
[2026-06-07T11:27:35.650365Z] [notify] [tavern] sent 1/1 (main=1 | quest=0 | category=0 groups=5)
[2026-06-07T11:41:38.488947Z] [notify] [tavern] sent 1/1 (main=1 | quest=0 | category=0 groups=5)
[2026-06-07T11:53:14.215733Z] [notify] [tavern] sent 1/1 (main=1 | quest=0 | category=0 groups=5)
[2026-06-07T12:00:06.506870Z] [notify] [tavern] sent 1/1 (main=1 | quest=0 | category=0 groups=5)
[2026-06-07T12:01:38.793843Z] [notify] [tavern] sent 1/1 (main=1 | quest=0 | category=0 groups=5)
[2026-06-07T12:03:18.669171Z] [notify] [tavern] sent 1/1 (main=1 | quest=0 | category=0 groups=5)
[2026-06-07T13:00:04.788156Z] [notify] [tavern] sent 1/1 (main=1 | quest=0 | category=0 groups=5)
[2026-06-07T13:01:50.923059Z] [notify] [tavern] sent 1/1 (main=1 | quest=0 | category=0 groups=5)
[2026-06-07T13:02:33.974850Z] [notify] [tavern] sent 1/1 (main=1 | quest=0 | category=0 groups=5)
[2026-06-07T13:03:43.573053Z] [notify] [tavern] sent 1/1 (main=1 | quest=0 | category=0 groups=5)
[2026-06-07T13:03:48.886480Z] [notify] [tavern] sent 1/1 (main=1 | quest=0 | category=0 groups=5)
[2026-06-07T13:04:37.000399Z] [notify] [tavern] sent 1/1 (main=1 | quest=0 | category=0 groups=5)
[2026-06-07T13:08:09.696106Z] [notify] [tavern] sent 1/1 (main=1 | quest=0 | category=0 groups=5)
[2026-06-07T13:10:58.738880Z] [notify] [tavern] sent 1/1 (main=1 | quest=0 | category=0 groups=5)
[2026-06-07T13:14:02.474341Z] [notify] [tavern] sent 1/1 (main=1 | quest=0 | category=0 groups=5)
[2026-06-07T13:17:11.417603Z] [notify] [tavern] sent 1/1 (main=1 | quest=0 | category=0 groups=5)
[2026-06-07T13:19:45.897699Z] [notify] [tavern] sent 1/1 (main=1 | quest=0 | category=0 groups=5)
[2026-06-07T13:21:49.407136Z] [notify] [tavern] sent 1/1 (main=1 | quest=0 | category=0 groups=5)
[2026-06-07T13:24:55.035094Z] [notify] [tavern] sent 1/1 (main=1 | quest=0 | category=0 groups=5)
[2026-06-07T13:27:51.398753Z] [notify] [tavern] sent 1/1 (main=1 | quest=0 | category=0 groups=5)
[2026-06-07T13:29:48.908158Z] [notify] [tavern] sent 1/1 (main=1 | quest=0 | category=0 groups=5)
[2026-06-07T13:32:52.977229Z] [notify] [tavern] sent 1/1 (main=1 | quest=0 | category=0 groups=5)
[2026-06-07T13:35:57.705681Z] [notify] [tavern] sent 1/1 (main=1 | quest=0 | category=0 groups=5)
[2026-06-07T13:36:37.190552Z] [notify] [tavern] sent 1/1 (main=1 | quest=0 | category=0 groups=5)
[2026-06-07T13:38:58.130073Z] [notify] [tavern] sent 1/1 (main=1 | quest=0 | category=0 groups=5)
[2026-06-07T13:41:59.525601Z] [notify] [tavern] sent 1/1 (main=1 | quest=0 | category=0 groups=5)
[2026-06-07T13:45:00.487500Z] [notify] [tavern] sent 1/1 (main=1 | quest=0 | category=0 groups=5)
[2026-06-07T13:48:01.915010Z] [notify] [tavern] sent 1/1 (main=1 | quest=0 | category=0 groups=5)
[2026-06-07T13:50:56.690176Z] [notify] [tavern] sent 1/1 (main=1 | quest=0 | category=0 groups=5)
[2026-06-07T13:53:51.492597Z] [notify] [tavern] sent 1/1 (main=1 | quest=0 | category=0 groups=5)
[2026-06-07T13:56:54.737440Z] [notify] [tavern] sent 1/1 (main=1 | quest=0 | category=0 groups=5)
[2026-06-07T13:59:59.195772Z] [notify] [tavern] sent 1/1 (main=1 | quest=0 | category=0 groups=5)
[2026-06-07T14:00:05.845814Z] [notify] [tavern] sent 1/1 (main=1 | quest=0 | category=0 groups=5)
[2026-06-07T14:03:22.408977Z] [notify] [tavern] sent 1/1 (main=1 | quest=0 | category=0 groups=5)
[2026-06-07T14:06:33.572549Z] [notify] [tavern] sent 1/1 (main=1 | quest=0 | category=0 groups=5)
[2026-06-07T14:08:58.382787Z] [notify] [tavern] sent 1/1 (main=1 | quest=0 | category=0 groups=5)
[2026-06-07T14:10:02.726239Z] [notify] [tavern] sent 1/1 (main=1 | quest=0 | category=0 groups=5)
[2026-06-07T14:11:55.167390Z] [notify] [tavern] sent 1/1 (main=1 | quest=0 | category=0 groups=5)
[2026-06-07T14:15:04.572779Z] [notify] [tavern] sent 1/1 (main=1 | quest=0 | category=0 groups=5)
[2026-06-07T14:18:05.773907Z] [notify] [tavern] sent 1/1 (main=1 | quest=0 | category=0 groups=5)
[2026-06-07T14:20:57.237128Z] [notify] [tavern] sent 1/1 (main=1 | quest=0 | category=0 groups=5)
[2026-06-07T14:23:53.500204Z] [notify] [tavern] sent 1/1 (main=1 | quest=0 | category=0 groups=5)
[2026-06-07T14:26:54.564027Z] [notify] [tavern] sent 1/1 (main=1 | quest=0 | category=0 groups=5)
[2026-06-07T14:29:58.957263Z] [notify] [tavern] sent 1/1 (main=1 | quest=0 | category=0 groups=5)
[2026-06-07T14:33:17.898060Z] [notify] [tavern] sent 1/1 (main=1 | quest=0 | category=0 groups=5)
[2026-06-07T14:35:58.829316Z] [notify] [tavern] sent 1/1 (main=1 | quest=0 | category=0 groups=5)
[2026-06-07T14:38:57.898756Z] [notify] [tavern] sent 1/1 (main=1 | quest=0 | category=0 groups=5)
[2026-06-07T14:42:06.621165Z] [notify] [tavern] sent 1/1 (main=1 | quest=0 | category=0 groups=5)
[2026-06-07T14:43:34.222043Z] [notify] [tavern] sent 1/1 (main=1 | quest=0 | category=0 groups=5)
[2026-06-07T14:48:47.422112Z] [notify] [tavern] sent 1/1 (main=1 | quest=0 | category=0 groups=5)
[2026-06-07T15:00:00.257793Z] [notify] [tavern] sent 1/1 (main=1 | quest=0 | category=0 groups=5)
[2026-06-07T15:00:05.387528Z] [notify] [tavern] sent 1/1 (main=1 | quest=0 | category=0 groups=5)
[2026-06-07T15:00:19.673367Z] [notify] [tavern] sent 1/1 (main=1 | quest=0 | category=0 groups=5)
[2026-06-07T15:03:44.823211Z] [notify] [tavern] sent 1/1 (main=1 | quest=0 | category=0 groups=5)
[2026-06-07T15:10:33.585796Z] [notify] [tavern] sent 1/1 (main=1 | quest=0 | category=0 groups=5)
[2026-06-07T15:11:01.770596Z] [notify] [tavern] sent 1/1 (main=1 | quest=0 | category=0 groups=5)
[2026-06-07T15:13:01.101314Z] [notify] [tavern] sent 1/1 (main=1 | quest=0 | category=0 groups=5)
[2026-06-07T15:16:38.440009Z] [notify] [tavern] sent 1/1 (main=1 | quest=0 | category=0 groups=5)
[2026-06-07T15:20:36.963368Z] [notify] [tavern] sent 1/1 (main=1 | quest=0 | category=0 groups=5)
[2026-06-07T15:23:21.783450Z] [notify] [tavern] sent 1/1 (main=1 | quest=0 | category=0 groups=5)
[2026-06-07T15:26:37.977705Z] [notify] [tavern] sent 1/1 (main=1 | quest=0 | category=0 groups=5)
[2026-06-07T15:30:32.932819Z] [notify] [tavern] sent 1/1 (main=1 | quest=0 | category=0 groups=5)
[2026-06-07T15:33:05.057090Z] [notify] [tavern] sent 1/1 (main=1 | quest=0 | category=0 groups=5)
[2026-06-07T15:36:12.336697Z] [notify] [tavern] sent 1/1 (main=1 | quest=0 | category=0 groups=5)
[2026-06-07T15:39:01.797178Z] [notify] [tavern] sent 1/1 (main=1 | quest=0 | category=0 groups=5)
[2026-06-07T15:42:28.574042Z] [notify] [tavern] sent 1/1 (main=1 | quest=0 | category=0 groups=5)
[2026-06-07T15:45:08.323292Z] [notify] [tavern] sent 1/1 (main=1 | quest=0 | category=0 groups=5)
[2026-06-07T15:48:10.657443Z] [notify] [tavern] sent 1/1 (main=1 | quest=0 | category=0 groups=5)
[2026-06-07T15:50:07.602336Z] [notify] [tavern] sent 1/1 (main=1 | quest=0 | category=0 groups=5)
[2026-06-07T15:51:02.879575Z] [notify] [tavern] sent 1/1 (main=1 | quest=0 | category=0 groups=5)
[2026-06-07T15:53:59.975553Z] [notify] [tavern] sent 1/1 (main=1 | quest=0 | category=0 groups=5)
[2026-06-07T15:58:55.996798Z] [notify] [tavern] sent 1/1 (main=1 | quest=0 | category=0 groups=5)
[2026-06-07T15:59:32.790484Z] [notify] [tavern] sent 1/1 (main=1 | quest=0 | category=0 groups=5)
[2026-06-07T16:00:21.782486Z] [notify] [tavern] sent 1/1 (main=1 | quest=0 | category=0 groups=5)
[2026-06-07T16:01:22.692104Z] [notify] [tavern] sent 1/1 (main=1 | quest=0 | category=0 groups=5)
[2026-06-07T16:02:27.786380Z] [notify] [tavern] sent 1/1 (main=1 | quest=0 | category=0 groups=5)
[2026-06-07T22:30:32.613852Z] [notify] [tavern] sent 1/1 (main=1 | quest=0 | category=0 groups=5)
[2026-06-07T22:42:06.460565Z] [notify] [tavern] sent 1/1 (main=1 | quest=0 | category=0 groups=5)
[2026-06-07T22:45:47.211146Z] [notify] [tavern] sent 1/1 (main=1 | quest=0 | category=0 groups=5)
[2026-06-07T22:46:50.922702Z] [notify] [tavern] sent 1/1 (main=1 | quest=0 | category=0 groups=5)
[2026-06-07T22:47:21.490301Z] [notify] [tavern] sent 1/1 (main=1 | quest=0 | category=0 groups=5)
[2026-06-07T22:49:02.483628Z] [notify] [tavern] sent 1/1 (main=1 | quest=0 | category=0 groups=5)
[2026-06-07T22:50:35.664818Z] [notify] [tavern] sent 1/1 (main=1 | quest=0 | category=0 groups=5)
[2026-06-07T22:54:16.747843Z] [notify] [tavern] sent 1/1 (main=1 | quest=0 | category=0 groups=5)
[2026-06-07T22:57:14.423081Z] [notify] [tavern] sent 1/1 (main=1 | quest=0 | category=0 groups=5)
[2026-06-07T23:00:14.021028Z] [notify] [tavern] sent 1/1 (main=1 | quest=0 | category=0 groups=5)
[2026-06-07T23:03:26.019808Z] [notify] [tavern] sent 1/1 (main=1 | quest=0 | category=0 groups=5)
[2026-06-07T23:06:07.099186Z] [notify] [tavern] sent 1/1 (main=1 | quest=0 | category=0 groups=5)
[2026-06-07T23:09:51.178762Z] [notify] [tavern] sent 1/1 (main=1 | quest=0 | category=0 groups=5)
[2026-06-07T23:13:12.562014Z] [notify] [tavern] sent 1/1 (main=1 | quest=0 | category=0 groups=5)
[2026-06-07T23:16:12.708532Z] [notify] [tavern] sent 1/1 (main=1 | quest=0 | category=0 groups=5)
[2026-06-07T23:19:17.435449Z] [notify] [tavern] sent 1/1 (main=1 | quest=0 | category=0 groups=5)
[2026-06-07T23:22:14.501770Z] [notify] [tavern] sent 1/1 (main=1 | quest=0 | category=0 groups=5)
[2026-06-07T23:25:03.536155Z] [notify] [tavern] sent 1/1 (main=1 | quest=0 | category=0 groups=5)
[2026-06-07T23:28:05.905989Z] [notify] [tavern] sent 1/1 (main=1 | quest=0 | category=0 groups=5)
[2026-06-07T23:30:46.833117Z] [notify] [tavern] sent 1/1 (main=1 | quest=0 | category=0 groups=5)
[2026-06-07T23:34:14.162523Z] [notify] [tavern] sent 1/1 (main=1 | quest=0 | category=0 groups=5)
[2026-06-07T23:37:05.578674Z] [notify] [tavern] sent 1/1 (main=1 | quest=0 | category=0 groups=5)
[2026-06-07T23:40:44.554542Z] [notify] [tavern] sent 1/1 (main=1 | quest=0 | category=0 groups=5)
[2026-06-07T23:42:17.592151Z] [notify] [tavern] sent 1/1 (main=1 | quest=0 | category=0 groups=5)
[2026-06-07T23:43:04.904715Z] [notify] [tavern] sent 1/1 (main=1 | quest=0 | category=0 groups=5)
[2026-06-08T00:03:20.554284Z] [notify] [tavern] sent 1/1 (main=1 | quest=0 | category=0 groups=5)
[2026-06-08T00:08:28.674281Z] [notify] [tavern] sent 1/1 (main=1 | quest=0 | category=0 groups=5)
[2026-06-08T00:09:46.108555Z] [notify] [tavern] sent 1/1 (main=1 | quest=0 | category=0 groups=5)
[2026-06-08T00:10:13.411231Z] [notify] [tavern] sent 1/1 (main=1 | quest=0 | category=0 groups=5)
[2026-06-08T00:58:21.699451Z] [notify] [tavern] sent 1/1 (main=1 | quest=0 | category=0 groups=5)
[2026-06-08T01:00:04.168131Z] [notify] [tavern] sent 1/1 (main=1 | quest=0 | category=0 groups=5)
[2026-06-08T01:18:22.238273Z] [notify] [tavern] sent 1/1 (main=1 | quest=0 | category=0 groups=5)
[2026-06-08T01:27:04.032537Z] [notify] [tavern] sent 1/1 (main=1 | quest=0 | category=0 groups=5)
[2026-06-08T01:29:46.141800Z] [notify] [tavern] sent 1/1 (main=1 | quest=0 | category=0 groups=5)
[2026-06-08T01:30:44.802376Z] [notify] [tavern] sent 1/1 (main=1 | quest=0 | category=0 groups=5)
[2026-06-08T01:34:11.569653Z] [notify] [tavern] sent 1/1 (main=1 | quest=0 | category=0 groups=5)
[2026-06-08T01:37:07.912781Z] [notify] [tavern] sent 1/1 (main=1 | quest=0 | category=0 groups=5)
[2026-06-08T01:40:08.739861Z] [notify] [tavern] sent 1/1 (main=1 | quest=0 | category=0 groups=5)
[2026-06-08T01:44:05.847827Z] [notify] [tavern] sent 1/1 (main=1 | quest=0 | category=0 groups=5)
[2026-06-08T01:47:17.091582Z] [notify] [tavern] sent 1/1 (main=1 | quest=0 | category=0 groups=5)
[2026-06-08T01:50:12.088345Z] [notify] [tavern] sent 1/1 (main=1 | quest=0 | category=0 groups=5)
[2026-06-08T01:53:27.944552Z] [notify] [tavern] sent 1/1 (main=1 | quest=0 | category=0 groups=5)
[2026-06-08T01:56:05.877075Z] [notify] [tavern] sent 1/1 (main=1 | quest=0 | category=0 groups=5)
[2026-06-08T01:58:56.253826Z] [notify] [tavern] sent 1/1 (main=1 | quest=0 | category=0 groups=5)
[2026-06-08T02:00:10.726070Z] [notify] [tavern] sent 2/2 (main=2 | quest=0 | category=0 groups=5)
[2026-06-08T02:02:04.617428Z] [notify] [tavern] sent 1/1 (main=1 | quest=0 | category=0 groups=5)
[2026-06-08T02:05:12.110249Z] [notify] [tavern] sent 1/1 (main=1 | quest=0 | category=0 groups=5)
[2026-06-08T02:08:03.286892Z] [notify] [tavern] sent 1/1 (main=1 | quest=0 | category=0 groups=5)
[2026-06-08T02:11:22.163185Z] [notify] [tavern] sent 1/1 (main=1 | quest=0 | category=0 groups=5)
[2026-06-08T02:16:16.585479Z] [notify] [tavern] sent 1/1 (main=1 | quest=0 | category=0 groups=5)
[2026-06-08T02:16:23.356139Z] [notify] [tavern] sent 1/1 (main=1 | quest=0 | category=0 groups=5)
[2026-06-08T02:19:01.312316Z] [notify] [tavern] sent 1/1 (main=1 | quest=0 | category=0 groups=5)
[2026-06-08T02:22:07.613863Z] [notify] [tavern] sent 1/1 (main=1 | quest=0 | category=0 groups=5)
[2026-06-08T02:25:08.290797Z] [notify] [tavern] sent 1/1 (main=1 | quest=0 | category=0 groups=5)
[2026-06-08T02:28:05.090289Z] [notify] [tavern] sent 1/1 (main=1 | quest=0 | category=0 groups=5)
[2026-06-08T02:30:36.126105Z] [notify] [tavern] sent 1/1 (main=1 | quest=0 | category=0 groups=5)
[2026-06-08T02:33:01.723105Z] [notify] [tavern] sent 1/1 (main=1 | quest=0 | category=0 groups=5)
[2026-06-08T02:35:53.452436Z] [notify] [tavern] sent 1/1 (main=1 | quest=0 | category=0 groups=5)
[2026-06-08T02:38:50.486618Z] [notify] [tavern] sent 1/1 (main=1 | quest=0 | category=0 groups=5)
[2026-06-08T02:41:54.206816Z] [notify] [tavern] sent 1/1 (main=1 | quest=0 | category=0 groups=5)
[2026-06-08T02:44:55.477582Z] [notify] [tavern] sent 1/1 (main=1 | quest=0 | category=0 groups=5)
[2026-06-08T02:47:46.462609Z] [notify] [tavern] sent 1/1 (main=1 | quest=0 | category=0 groups=5)
[2026-06-08T02:50:57.749276Z] [notify] [tavern] sent 1/1 (main=1 | quest=0 | category=0 groups=5)
[2026-06-08T02:53:53.697963Z] [notify] [tavern] sent 1/1 (main=1 | quest=0 | category=0 groups=5)
[2026-06-08T02:56:49.936194Z] [notify] [tavern] sent 1/1 (main=1 | quest=0 | category=0 groups=5)
[2026-06-08T02:59:57.420911Z] [notify] [tavern] sent 1/1 (main=1 | quest=0 | category=0 groups=5)
[2026-06-08T03:00:03.579185Z] [notify] [tavern] sent 1/1 (main=1 | quest=0 | category=0 groups=5)
[2026-06-08T03:02:58.660511Z] [notify] [tavern] sent 1/1 (main=1 | quest=0 | category=0 groups=5)
[2026-06-08T03:05:51.619369Z] [notify] [tavern] sent 1/1 (main=1 | quest=0 | category=0 groups=5)
[2026-06-08T03:08:52.876824Z] [notify] [tavern] sent 1/1 (main=1 | quest=0 | category=0 groups=5)
[2026-06-08T03:12:00.498805Z] [notify] [tavern] sent 1/1 (main=1 | quest=0 | category=0 groups=5)
[2026-06-08T03:14:47.490573Z] [notify] [tavern] sent 1/1 (main=1 | quest=0 | category=0 groups=5)
[2026-06-08T03:17:49.858057Z] [notify] [tavern] sent 1/1 (main=1 | quest=0 | category=0 groups=5)
[2026-06-08T03:20:55.705872Z] [notify] [tavern] sent 1/1 (main=1 | quest=0 | category=0 groups=5)
[2026-06-08T03:23:56.787372Z] [notify] [tavern] sent 1/1 (main=1 | quest=0 | category=0 groups=5)
[2026-06-08T03:27:08.546682Z] [notify] [tavern] sent 1/1 (main=1 | quest=0 | category=0 groups=5)
[2026-06-08T03:29:50.483792Z] [notify] [tavern] sent 1/1 (main=1 | quest=0 | category=0 groups=5)
[2026-06-08T03:32:56.299478Z] [notify] [tavern] sent 1/1 (main=1 | quest=0 | category=0 groups=5)
[2026-06-08T03:35:53.394876Z] [notify] [tavern] sent 1/1 (main=1 | quest=0 | category=0 groups=5)
[2026-06-08T03:38:45.088388Z] [notify] [tavern] sent 1/1 (main=1 | quest=0 | category=0 groups=5)
[2026-06-08T03:41:54.413007Z] [notify] [tavern] sent 1/1 (main=1 | quest=0 | category=0 groups=5)
[2026-06-08T03:44:56.231035Z] [notify] [tavern] sent 1/1 (main=1 | quest=0 | category=0 groups=5)
[2026-06-08T03:47:57.618282Z] [notify] [tavern] sent 1/1 (main=1 | quest=0 | category=0 groups=5)
[2026-06-08T03:51:08.066804Z] [notify] [tavern] sent 1/1 (main=1 | quest=0 | category=0 groups=5)
[2026-06-08T03:53:51.082792Z] [notify] [tavern] sent 1/1 (main=1 | quest=0 | category=0 groups=5)
[2026-06-08T03:56:54.387882Z] [notify] [tavern] sent 1/1 (main=1 | quest=0 | category=0 groups=5)
[2026-06-08T03:59:55.782012Z] [notify] [tavern] sent 1/1 (main=1 | quest=0 | category=0 groups=5)
[2026-06-08T04:00:08.159377Z] [notify] [tavern] sent 1/1 (main=1 | quest=0 | category=0 groups=5)
[2026-06-08T04:02:57.226050Z] [notify] [tavern] sent 1/1 (main=1 | quest=0 | category=0 groups=5)
[2026-06-08T04:06:05.741913Z] [notify] [tavern] sent 1/1 (main=1 | quest=0 | category=0 groups=5)
[2026-06-08T04:08:58.473146Z] [notify] [tavern] sent 1/1 (main=1 | quest=0 | category=0 groups=5)
[2026-06-08T04:11:50.070489Z] [notify] [tavern] sent 1/1 (main=1 | quest=0 | category=0 groups=5)
[2026-06-08T04:15:57.256435Z] [notify] [tavern] sent 1/1 (main=1 | quest=0 | category=0 groups=5)
[2026-06-08T04:16:03.845642Z] [notify] [tavern] sent 1/1 (main=1 | quest=0 | category=0 groups=5)
[2026-06-08T04:19:00.046143Z] [notify] [tavern] sent 1/1 (main=1 | quest=0 | category=0 groups=5)
[2026-06-08T04:22:57.337882Z] [notify] [tavern] sent 1/1 (main=1 | quest=0 | category=0 groups=5)
[2026-06-08T04:25:53.646257Z] [notify] [tavern] sent 1/1 (main=1 | quest=0 | category=0 groups=5)
[2026-06-08T04:28:56.211574Z] [notify] [tavern] sent 1/1 (main=1 | quest=0 | category=0 groups=5)
[2026-06-08T04:32:07.614101Z] [notify] [tavern] sent 1/1 (main=1 | quest=0 | category=0 groups=5)
[2026-06-08T04:34:56.259374Z] [notify] [tavern] sent 1/1 (main=1 | quest=0 | category=0 groups=5)
[2026-06-08T04:38:07.715804Z] [notify] [tavern] sent 1/1 (main=1 | quest=0 | category=0 groups=5)
[2026-06-08T04:41:34.185670Z] [notify] [tavern] sent 1/1 (main=1 | quest=0 | category=0 groups=5)
[2026-06-08T04:44:48.895051Z] [notify] [tavern] sent 1/1 (main=1 | quest=0 | category=0 groups=5)
[2026-06-08T04:47:38.477997Z] [notify] [tavern] sent 1/1 (main=1 | quest=0 | category=0 groups=5)
[2026-06-08T04:50:38.098516Z] [notify] [tavern] sent 1/1 (main=1 | quest=0 | category=0 groups=5)
[2026-06-08T04:56:09.473668Z] [notify] [tavern] sent 1/1 (main=1 | quest=0 | category=0 groups=5)
[2026-06-08T05:00:07.114025Z] [notify] [tavern] sent 1/1 (main=1 | quest=0 | category=0 groups=5)
[2026-06-08T05:01:55.460871Z] [notify] [tavern] sent 1/1 (main=1 | quest=0 | category=0 groups=5)
[2026-06-08T05:02:14.033287Z] [notify] [tavern] sent 1/1 (main=1 | quest=0 | category=0 groups=5)
[2026-06-08T06:00:04.600484Z] [notify] [tavern] sent 1/1 (main=1 | quest=0 | category=0 groups=5)
[2026-06-08T06:44:40.948844Z] [notify] [tavern] sent 1/1 (main=1 | quest=0 | category=0 groups=5)
[2026-06-08T06:47:03.069004Z] [notify] [tavern] sent 1/1 (main=1 | quest=0 | category=0 groups=5)
[2026-06-08T06:47:38.900844Z] [notify] [tavern] sent 1/1 (main=1 | quest=0 | category=0 groups=5)
[2026-06-08T06:48:51.398637Z] [notify] [tavern] sent 1/1 (main=1 | quest=0 | category=0 groups=5)
[2026-06-08T06:49:21.394769Z] [notify] [tavern] sent 1/1 (main=1 | quest=0 | category=0 groups=5)
[2026-06-08T06:51:17.159352Z] [notify] [tavern] sent 1/1 (main=1 | quest=0 | category=0 groups=5)
[2026-06-08T06:51:46.296329Z] [notify] [tavern] sent 1/1 (main=1 | quest=0 | category=0 groups=5)
[2026-06-08T06:53:37.856816Z] [notify] [tavern] sent 1/1 (main=1 | quest=0 | category=0 groups=5)
[2026-06-08T06:55:42.905944Z] [notify] [tavern] sent 1/1 (main=1 | quest=0 | category=0 groups=5)
[2026-06-08T06:57:40.885875Z] [notify] [tavern] sent 1/1 (main=1 | quest=0 | category=0 groups=5)
[2026-06-08T06:59:41.361150Z] [notify] [tavern] sent 1/1 (main=1 | quest=0 | category=0 groups=5)
[2026-06-08T07:00:08.560057Z] [notify] [tavern] sent 1/1 (main=1 | quest=0 | category=0 groups=5)
[2026-06-08T07:01:46.959096Z] [notify] [tavern] sent 1/1 (main=1 | quest=0 | category=0 groups=5)
[2026-06-08T07:06:00.080639Z] [notify] [tavern] sent 1/1 (main=1 | quest=0 | category=0 groups=5)
[2026-06-08T07:06:06.180482Z] [notify] [tavern] sent 1/1 (main=1 | quest=0 | category=0 groups=5)
[2026-06-08T07:08:59.109770Z] [notify] [tavern] sent 1/1 (main=1 | quest=0 | category=0 groups=5)
[2026-06-08T07:11:52.804513Z] [notify] [tavern] sent 1/1 (main=1 | quest=0 | category=0 groups=5)
[2026-06-08T07:14:48.706698Z] [notify] [tavern] sent 1/1 (main=1 | quest=0 | category=0 groups=5)
[2026-06-08T07:17:55.595588Z] [notify] [tavern] sent 1/1 (main=1 | quest=0 | category=0 groups=5)
[2026-06-08T07:20:56.014091Z] [notify] [tavern] sent 1/1 (main=1 | quest=0 | category=0 groups=5)
[2026-06-08T07:23:57.620816Z] [notify] [tavern] sent 1/1 (main=1 | quest=0 | category=0 groups=5)
[2026-06-08T07:26:58.810161Z] [notify] [tavern] sent 1/1 (main=1 | quest=0 | category=0 groups=5)
[2026-06-08T07:30:09.694771Z] [notify] [tavern] sent 1/1 (main=1 | quest=0 | category=0 groups=5)
[2026-06-08T07:33:00.554566Z] [notify] [tavern] sent 1/1 (main=1 | quest=0 | category=0 groups=5)
[2026-06-08T07:35:58.730185Z] [notify] [tavern] sent 1/1 (main=1 | quest=0 | category=0 groups=5)
[2026-06-08T07:38:59.987411Z] [notify] [tavern] sent 1/1 (main=1 | quest=0 | category=0 groups=5)
[2026-06-08T07:41:58.122691Z] [notify] [tavern] sent 1/1 (main=1 | quest=0 | category=0 groups=5)
[2026-06-08T07:45:03.443684Z] [notify] [tavern] sent 1/1 (main=1 | quest=0 | category=0 groups=5)
[2026-06-08T07:47:59.392991Z] [notify] [tavern] sent 1/1 (main=1 | quest=0 | category=0 groups=5)
[2026-06-08T07:51:04.778648Z] [notify] [tavern] sent 1/1 (main=1 | quest=0 | category=0 groups=5)
[2026-06-08T07:54:12.895604Z] [notify] [tavern] sent 1/1 (main=1 | quest=0 | category=0 groups=5)
[2026-06-08T07:57:00.366737Z] [notify] [tavern] sent 1/1 (main=1 | quest=0 | category=0 groups=5)
[2026-06-08T08:00:06.327449Z] [notify] [tavern] sent 1/1 (main=1 | quest=0 | category=0 groups=5)
[2026-06-08T08:00:11.512332Z] [notify] [tavern] sent 1/1 (main=1 | quest=0 | category=0 groups=5)
[2026-06-08T08:03:02.482480Z] [notify] [tavern] sent 1/1 (main=1 | quest=0 | category=0 groups=5)
[2026-06-08T08:06:03.008563Z] [notify] [tavern] sent 1/1 (main=1 | quest=0 | category=0 groups=5)
[2026-06-08T08:08:59.637141Z] [notify] [tavern] sent 1/1 (main=1 | quest=0 | category=0 groups=5)
[2026-06-08T08:12:00.804614Z] [notify] [tavern] sent 1/1 (main=1 | quest=0 | category=0 groups=5)
[2026-06-08T08:15:00.853486Z] [notify] [tavern] sent 1/1 (main=1 | quest=0 | category=0 groups=5)
[2026-06-08T08:18:12.202758Z] [notify] [tavern] sent 1/1 (main=1 | quest=0 | category=0 groups=5)
[2026-06-08T08:21:07.617171Z] [notify] [tavern] sent 1/1 (main=1 | quest=0 | category=0 groups=5)
[2026-06-08T08:24:14.992549Z] [notify] [tavern] sent 1/1 (main=1 | quest=0 | category=0 groups=5)
[2026-06-08T08:27:05.160290Z] [notify] [tavern] sent 1/1 (main=1 | quest=0 | category=0 groups=5)
[2026-06-08T08:30:07.277961Z] [notify] [tavern] sent 1/1 (main=1 | quest=0 | category=0 groups=5)
[2026-06-08T08:33:12.851034Z] [notify] [tavern] sent 1/1 (main=1 | quest=0 | category=0 groups=5)
[2026-06-08T08:36:04.452201Z] [notify] [tavern] sent 1/1 (main=1 | quest=0 | category=0 groups=5)
[2026-06-08T08:39:14.855039Z] [notify] [tavern] sent 1/1 (main=1 | quest=0 | category=0 groups=5)
[2026-06-08T08:42:07.925410Z] [notify] [tavern] sent 1/1 (main=1 | quest=0 | category=0 groups=5)
[2026-06-08T08:45:14.688224Z] [notify] [tavern] sent 1/1 (main=1 | quest=0 | category=0 groups=5)
[2026-06-08T08:48:01.491847Z] [notify] [tavern] sent 1/1 (main=1 | quest=0 | category=0 groups=5)
[2026-06-08T08:51:08.081834Z] [notify] [tavern] sent 1/1 (main=1 | quest=0 | category=0 groups=5)
[2026-06-08T08:54:10.953102Z] [notify] [tavern] sent 1/1 (main=1 | quest=0 | category=0 groups=5)
[2026-06-08T08:57:06.395788Z] [notify] [tavern] sent 1/1 (main=1 | quest=0 | category=0 groups=5)
[2026-06-08T09:00:03.194601Z] [notify] [tavern] sent 1/1 (main=1 | quest=0 | category=0 groups=5)
[2026-06-08T09:00:09.551088Z] [notify] [tavern] sent 1/1 (main=1 | quest=0 | category=0 groups=5)
[2026-06-08T09:03:15.520751Z] [notify] [tavern] sent 1/1 (main=1 | quest=0 | category=0 groups=5)
[2026-06-08T09:06:05.776955Z] [notify] [tavern] sent 1/1 (main=1 | quest=0 | category=0 groups=5)
[2026-06-08T09:09:21.185983Z] [notify] [tavern] sent 1/1 (main=1 | quest=0 | category=0 groups=5)
[2026-06-08T09:12:09.241358Z] [notify] [tavern] sent 1/1 (main=1 | quest=0 | category=0 groups=5)
[2026-06-08T09:15:09.933443Z] [notify] [tavern] sent 1/1 (main=1 | quest=0 | category=0 groups=5)
[2026-06-08T09:18:01.852376Z] [notify] [tavern] sent 1/1 (main=1 | quest=0 | category=0 groups=5)
[2026-06-08T09:21:10.576770Z] [notify] [tavern] sent 1/1 (main=1 | quest=0 | category=0 groups=5)
[2026-06-08T09:24:12.001852Z] [notify] [tavern] sent 1/1 (main=1 | quest=0 | category=0 groups=5)
[2026-06-08T09:27:15.162249Z] [notify] [tavern] sent 1/1 (main=1 | quest=0 | category=0 groups=5)
[2026-06-08T09:30:17.670873Z] [notify] [tavern] sent 1/1 (main=1 | quest=0 | category=0 groups=5)
[2026-06-08T09:33:13.213436Z] [notify] [tavern] sent 1/1 (main=1 | quest=0 | category=0 groups=5)
[2026-06-08T09:36:10.585640Z] [notify] [tavern] sent 1/1 (main=1 | quest=0 | category=0 groups=5)
[2026-06-08T09:39:07.238587Z] [notify] [tavern] sent 1/1 (main=1 | quest=0 | category=0 groups=5)
[2026-06-08T09:42:06.026233Z] [notify] [tavern] sent 1/1 (main=1 | quest=0 | category=0 groups=5)
[2026-06-08T09:45:12.031423Z] [notify] [tavern] sent 1/1 (main=1 | quest=0 | category=0 groups=5)
[2026-06-08T09:48:54.785642Z] [notify] [tavern] sent 1/1 (main=1 | quest=0 | category=0 groups=5)
[2026-06-08T09:52:16.316654Z] [notify] [tavern] sent 1/1 (main=1 | quest=0 | category=0 groups=5)
[2026-06-08T09:55:12.969762Z] [notify] [tavern] sent 1/1 (main=1 | quest=0 | category=0 groups=5)
[2026-06-08T09:58:16.869551Z] [notify] [tavern] sent 1/1 (main=1 | quest=0 | category=0 groups=5)
[2026-06-08T10:00:07.731985Z] [notify] [tavern] sent 1/1 (main=1 | quest=0 | category=0 groups=5)
[2026-06-08T10:00:49.368031Z] [notify] [tavern] sent 1/1 (main=1 | quest=0 | category=0 groups=5)
[2026-06-08T10:03:56.392513Z] [notify] [tavern] sent 1/1 (main=1 | quest=0 | category=0 groups=5)
[2026-06-08T10:06:53.464248Z] [notify] [tavern] sent 1/1 (main=1 | quest=0 | category=0 groups=5)
[2026-06-08T10:09:44.755430Z] [notify] [tavern] sent 1/1 (main=1 | quest=0 | category=0 groups=5)
[2026-06-08T10:13:47.320620Z] [notify] [tavern] sent 1/1 (main=1 | quest=0 | category=0 groups=5)
[2026-06-08T10:21:28.889938Z] [notify] [tavern] sent 1/1 (main=1 | quest=0 | category=0 groups=5)
[2026-06-08T11:00:04.242592Z] [notify] [tavern] sent 1/1 (main=1 | quest=0 | category=0 groups=5)
[2026-06-08T12:00:06.453747Z] [notify] [tavern] sent 1/1 (main=1 | quest=0 | category=0 groups=5)
[2026-06-08T12:34:49.027704Z] [notify] [tavern] sent 1/1 (main=1 | quest=0 | category=0 groups=5)
[2026-06-08T12:35:41.692742Z] [notify] [tavern] sent 1/1 (main=1 | quest=0 | category=0 groups=5)
[2026-06-08T13:00:11.277239Z] [notify] [tavern] sent 1/1 (main=1 | quest=0 | category=0 groups=5)
[2026-06-08T13:17:35.927803Z] [notify] [tavern] sent 1/1 (main=1 | quest=0 | category=0 groups=5)
[2026-06-08T13:18:52.669113Z] [notify] [tavern] sent 1/1 (main=1 | quest=0 | category=0 groups=5)
[2026-06-08T13:20:41.706398Z] [notify] [tavern] sent 1/1 (main=1 | quest=0 | category=0 groups=5)
[2026-06-08T13:24:49.502784Z] [notify] [tavern] sent 1/1 (main=1 | quest=0 | category=0 groups=5)
[2026-06-08T13:28:47.882899Z] [notify] [tavern] sent 1/1 (main=1 | quest=0 | category=0 groups=5)
[2026-06-08T13:32:40.226145Z] [notify] [tavern] sent 1/1 (main=1 | quest=0 | category=0 groups=5)
[2026-06-08T13:36:22.325440Z] [notify] [tavern] sent 1/1 (main=1 | quest=0 | category=0 groups=5)
[2026-06-08T13:39:21.374961Z] [notify] [tavern] sent 1/1 (main=1 | quest=0 | category=0 groups=5)
[2026-06-08T13:42:26.059415Z] [notify] [tavern] sent 1/1 (main=1 | quest=0 | category=0 groups=5)
[2026-06-08T13:46:26.125010Z] [notify] [tavern] sent 1/1 (main=1 | quest=0 | category=0 groups=5)
[2026-06-08T13:49:32.700430Z] [notify] [tavern] sent 1/1 (main=1 | quest=0 | category=0 groups=5)
[2026-06-08T13:53:20.376572Z] [notify] [tavern] sent 1/1 (main=1 | quest=0 | category=0 groups=5)
[2026-06-08T13:56:28.136457Z] [notify] [tavern] sent 1/1 (main=1 | quest=0 | category=0 groups=5)
[2026-06-08T13:59:25.608568Z] [notify] [tavern] sent 1/1 (main=1 | quest=0 | category=0 groups=5)
[2026-06-08T14:00:07.733495Z] [notify] [tavern] sent 1/1 (main=1 | quest=0 | category=0 groups=5)
[2026-06-08T14:02:22.510361Z] [notify] [tavern] sent 1/1 (main=1 | quest=0 | category=0 groups=5)
[2026-06-08T14:05:29.690206Z] [notify] [tavern] sent 1/1 (main=1 | quest=0 | category=0 groups=5)
[2026-06-08T14:10:18.421169Z] [notify] [tavern] sent 1/1 (main=1 | quest=0 | category=0 groups=5)
[2026-06-08T14:13:41.407288Z] [notify] [tavern] sent 1/1 (main=1 | quest=0 | category=0 groups=5)
[2026-06-08T14:17:30.170162Z] [notify] [tavern] sent 1/1 (main=1 | quest=0 | category=0 groups=5)
[2026-06-08T14:21:23.905247Z] [notify] [tavern] sent 1/1 (main=1 | quest=0 | category=0 groups=5)
[2026-06-08T14:24:26.661663Z] [notify] [tavern] sent 1/1 (main=1 | quest=0 | category=0 groups=5)
[2026-06-08T14:27:13.039586Z] [notify] [tavern] sent 1/1 (main=1 | quest=0 | category=0 groups=5)
[2026-06-08T14:30:40.028447Z] [notify] [tavern] sent 1/1 (main=1 | quest=0 | category=0 groups=5)
[2026-06-08T14:34:13.443102Z] [notify] [tavern] sent 1/1 (main=1 | quest=0 | category=0 groups=5)
[2026-06-08T14:37:25.229716Z] [notify] [tavern] sent 1/1 (main=1 | quest=0 | category=0 groups=5)
[2026-06-08T14:40:07.933057Z] [notify] [tavern] sent 1/1 (main=1 | quest=0 | category=0 groups=5)
[2026-06-08T14:46:24.130376Z] [notify] [tavern] sent 1/1 (main=1 | quest=0 | category=0 groups=5)
[2026-06-08T14:47:16.374314Z] [notify] [tavern] sent 1/1 (main=1 | quest=0 | category=0 groups=5)
[2026-06-08T15:00:08.745565Z] [notify] [tavern] sent 1/1 (main=1 | quest=0 | category=0 groups=5)
[2026-06-08T15:50:08.330897Z] [notify] [tavern] sent 1/1 (main=1 | quest=0 | category=0 groups=5)
[2026-06-08T16:00:33.549137Z] [notify] [tavern] sent 1/1 (main=1 | quest=0 | category=0 groups=5)
[2026-06-08T18:37:30.517976Z] [notify] [tavern] sent 1/1 (main=1 | quest=0 | category=0 groups=5)
[2026-06-08T23:44:15.759609Z] [notify] [tavern] sent 1/1 (main=1 | quest=0 | category=0 groups=5)
[2026-06-08T23:45:26.747346Z] [notify] [tavern] sent 1/1 (main=1 | quest=0 | category=0 groups=5)
[2026-06-08T23:45:53.303842Z] [notify] [tavern] sent 1/1 (main=1 | quest=0 | category=0 groups=5)
[2026-06-09T00:09:59.834729Z] [notify] [tavern] sent 1/1 (main=1 | quest=0 | category=0 groups=5)
[2026-06-09T00:10:05.661476Z] [notify] [tavern] sent 1/1 (main=1 | quest=0 | category=0 groups=5)
[2026-06-09T00:10:38.284435Z] [notify] [tavern] sent 1/1 (main=1 | quest=0 | category=0 groups=5)
[2026-06-09T00:13:42.683577Z] [notify] [tavern] sent 1/1 (main=1 | quest=0 | category=0 groups=5)
[2026-06-09T00:15:40.062295Z] [notify] [tavern] sent 1/1 (main=1 | quest=0 | category=0 groups=5)
[2026-06-09T00:17:38.701127Z] [notify] [tavern] sent 1/1 (main=1 | quest=0 | category=0 groups=5)
[2026-06-09T00:19:47.413707Z] [notify] [tavern] sent 1/1 (main=1 | quest=0 | category=0 groups=5)
[2026-06-09T00:23:52.820668Z] [notify] [tavern] sent 1/1 (main=1 | quest=0 | category=0 groups=5)
[2026-06-09T00:23:57.520227Z] [notify] [tavern] sent 1/1 (main=1 | quest=0 | category=0 groups=5)
[2026-06-09T00:27:08.053951Z] [notify] [tavern] sent 1/1 (main=1 | quest=0 | category=0 groups=5)
[2026-06-09T00:29:36.386724Z] [notify] [tavern] sent 1/1 (main=1 | quest=0 | category=0 groups=5)
[2026-06-09T00:31:45.524763Z] [notify] [tavern] sent 1/1 (main=1 | quest=0 | category=0 groups=5)
[2026-06-09T00:33:45.795801Z] [notify] [tavern] sent 1/1 (main=1 | quest=0 | category=0 groups=5)
[2026-06-09T00:35:49.174435Z] [notify] [tavern] sent 1/1 (main=1 | quest=0 | category=0 groups=5)
[2026-06-09T00:38:42.075478Z] [notify] [tavern] sent 1/1 (main=1 | quest=0 | category=0 groups=5)
[2026-06-09T00:40:51.125564Z] [notify] [tavern] sent 1/1 (main=1 | quest=0 | category=0 groups=5)
[2026-06-09T00:43:45.667551Z] [notify] [tavern] sent 1/1 (main=1 | quest=0 | category=0 groups=5)
[2026-06-09T00:45:49.459809Z] [notify] [tavern] sent 1/1 (main=1 | quest=0 | category=0 groups=5)
[2026-06-09T00:48:45.242750Z] [notify] [tavern] sent 1/1 (main=1 | quest=0 | category=0 groups=5)
[2026-06-09T00:50:53.428280Z] [notify] [tavern] sent 1/1 (main=1 | quest=0 | category=0 groups=5)
[2026-06-09T00:53:50.694731Z] [notify] [tavern] sent 1/1 (main=1 | quest=0 | category=0 groups=5)
[2026-06-09T00:56:41.129118Z] [notify] [tavern] sent 1/1 (main=1 | quest=0 | category=0 groups=5)
[2026-06-09T00:58:50.567455Z] [notify] [tavern] sent 1/1 (main=1 | quest=0 | category=0 groups=5)
[2026-06-09T01:00:05.424933Z] [notify] [tavern] sent 1/1 (main=1 | quest=0 | category=0 groups=5)
[2026-06-09T01:01:56.603844Z] [notify] [tavern] sent 1/1 (main=1 | quest=0 | category=0 groups=5)
[2026-06-09T01:04:51.885090Z] [notify] [tavern] sent 1/1 (main=1 | quest=0 | category=0 groups=5)
[2026-06-09T01:07:44.826956Z] [notify] [tavern] sent 1/1 (main=1 | quest=0 | category=0 groups=5)
[2026-06-09T01:09:42.787443Z] [notify] [tavern] sent 1/1 (main=1 | quest=0 | category=0 groups=5)
[2026-06-09T01:11:51.458914Z] [notify] [tavern] sent 1/1 (main=1 | quest=0 | category=0 groups=5)
[2026-06-09T01:14:52.768995Z] [notify] [tavern] sent 1/1 (main=1 | quest=0 | category=0 groups=5)
[2026-06-09T01:17:53.178415Z] [notify] [tavern] sent 1/1 (main=1 | quest=0 | category=0 groups=5)
[2026-06-09T01:21:00.642433Z] [notify] [tavern] sent 1/1 (main=1 | quest=0 | category=0 groups=5)
[2026-06-09T01:23:54.337817Z] [notify] [tavern] sent 1/1 (main=1 | quest=0 | category=0 groups=5)
[2026-06-09T01:26:49.018407Z] [notify] [tavern] sent 1/1 (main=1 | quest=0 | category=0 groups=5)
[2026-06-09T01:29:49.543041Z] [notify] [tavern] sent 1/1 (main=1 | quest=0 | category=0 groups=5)
[2026-06-09T01:32:48.252031Z] [notify] [tavern] sent 1/1 (main=1 | quest=0 | category=0 groups=5)
[2026-06-09T01:36:47.307298Z] [notify] [tavern] sent 1/1 (main=1 | quest=0 | category=0 groups=5)
[2026-06-09T01:36:53.116988Z] [notify] [tavern] sent 1/1 (main=1 | quest=0 | category=0 groups=5)
[2026-06-09T01:40:01.971420Z] [notify] [tavern] sent 1/1 (main=1 | quest=0 | category=0 groups=5)
[2026-06-09T01:42:57.470062Z] [notify] [tavern] sent 1/1 (main=1 | quest=0 | category=0 groups=5)
[2026-06-09T01:45:56.762009Z] [notify] [tavern] sent 1/1 (main=1 | quest=0 | category=0 groups=5)
[2026-06-09T01:48:50.483393Z] [notify] [tavern] sent 1/1 (main=1 | quest=0 | category=0 groups=5)
[2026-06-09T01:51:51.804246Z] [notify] [tavern] sent 1/1 (main=1 | quest=0 | category=0 groups=5)
[2026-06-09T01:54:50.822883Z] [notify] [tavern] sent 1/1 (main=1 | quest=0 | category=0 groups=5)
[2026-06-09T01:59:52.651896Z] [notify] [tavern] sent 1/1 (main=1 | quest=0 | category=0 groups=5)
[2026-06-09T01:59:56.756143Z] [notify] [tavern] sent 1/1 (main=1 | quest=0 | category=0 groups=5)
[2026-06-09T02:00:08.765023Z] [notify] [tavern] sent 2/2 (main=2 | quest=0 | category=0 groups=5)
[2026-06-09T02:03:05.496519Z] [notify] [tavern] sent 1/1 (main=1 | quest=0 | category=0 groups=5)
[2026-06-09T02:05:50.339490Z] [notify] [tavern] sent 1/1 (main=1 | quest=0 | category=0 groups=5)
[2026-06-09T02:09:05.359096Z] [notify] [tavern] sent 1/1 (main=1 | quest=0 | category=0 groups=5)
[2026-06-09T02:11:53.802344Z] [notify] [tavern] sent 1/1 (main=1 | quest=0 | category=0 groups=5)
[2026-06-09T02:14:48.117516Z] [notify] [tavern] sent 1/1 (main=1 | quest=0 | category=0 groups=5)
[2026-06-09T02:17:56.131887Z] [notify] [tavern] sent 1/1 (main=1 | quest=0 | category=0 groups=5)
[2026-06-09T02:20:59.291988Z] [notify] [tavern] sent 1/1 (main=1 | quest=0 | category=0 groups=5)
[2026-06-09T02:23:55.710648Z] [notify] [tavern] sent 1/1 (main=1 | quest=0 | category=0 groups=5)
[2026-06-09T02:26:54.780008Z] [notify] [tavern] sent 1/1 (main=1 | quest=0 | category=0 groups=5)
[2026-06-09T02:29:53.315817Z] [notify] [tavern] sent 1/1 (main=1 | quest=0 | category=0 groups=5)
[2026-06-09T02:32:56.058240Z] [notify] [tavern] sent 1/1 (main=1 | quest=0 | category=0 groups=5)
[2026-06-09T02:35:56.311194Z] [notify] [tavern] sent 1/1 (main=1 | quest=0 | category=0 groups=5)
[2026-06-09T02:38:50.803188Z] [notify] [tavern] sent 1/1 (main=1 | quest=0 | category=0 groups=5)
[2026-06-09T02:41:59.451792Z] [notify] [tavern] sent 1/1 (main=1 | quest=0 | category=0 groups=5)
[2026-06-09T02:44:53.801726Z] [notify] [tavern] sent 1/1 (main=1 | quest=0 | category=0 groups=5)
[2026-06-09T02:48:02.795215Z] [notify] [tavern] sent 1/1 (main=1 | quest=0 | category=0 groups=5)
[2026-06-09T02:50:50.937001Z] [notify] [tavern] sent 1/1 (main=1 | quest=0 | category=0 groups=5)
[2026-06-09T02:54:00.248221Z] [notify] [tavern] sent 1/1 (main=1 | quest=0 | category=0 groups=5)
[2026-06-09T02:56:52.662809Z] [notify] [tavern] sent 1/1 (main=1 | quest=0 | category=0 groups=5)
[2026-06-09T02:59:54.379591Z] [notify] [tavern] sent 1/1 (main=1 | quest=0 | category=0 groups=5)
[2026-06-09T03:00:04.013547Z] [notify] [tavern] sent 1/1 (main=1 | quest=0 | category=0 groups=5)
[2026-06-09T03:03:16.339521Z] [notify] [tavern] sent 1/1 (main=1 | quest=0 | category=0 groups=5)
[2026-06-09T03:06:01.156848Z] [notify] [tavern] sent 1/1 (main=1 | quest=0 | category=0 groups=5)
[2026-06-09T03:08:54.844040Z] [notify] [tavern] sent 1/1 (main=1 | quest=0 | category=0 groups=5)
[2026-06-09T03:11:59.321880Z] [notify] [tavern] sent 1/1 (main=1 | quest=0 | category=0 groups=5)
[2026-06-09T03:15:03.682428Z] [notify] [tavern] sent 1/1 (main=1 | quest=0 | category=0 groups=5)
[2026-06-09T03:17:54.348115Z] [notify] [tavern] sent 1/1 (main=1 | quest=0 | category=0 groups=5)
[2026-06-09T03:22:04.989241Z] [notify] [tavern] sent 1/1 (main=1 | quest=0 | category=0 groups=5)
[2026-06-09T03:24:48.826279Z] [notify] [tavern] sent 1/1 (main=1 | quest=0 | category=0 groups=5)
[2026-06-09T03:27:31.469207Z] [notify] [tavern] sent 1/1 (main=1 | quest=0 | category=0 groups=5)
[2026-06-09T03:55:42.709492Z] [notify] [tavern] sent 1/1 (main=1 | quest=0 | category=0 groups=5)
[2026-06-09T03:56:56.468444Z] [notify] [tavern] sent 1/1 (main=1 | quest=0 | category=0 groups=5)
[2026-06-09T03:57:23.791765Z] [notify] [tavern] sent 1/1 (main=1 | quest=0 | category=0 groups=5)
[2026-06-09T03:57:47.303720Z] [notify] [tavern] sent 1/1 (main=1 | quest=0 | category=0 groups=5)
[2026-06-09T03:59:16.384543Z] [notify] [tavern] sent 1/1 (main=1 | quest=0 | category=0 groups=5)
[2026-06-09T04:00:07.695967Z] [notify] [tavern] sent 1/1 (main=1 | quest=0 | category=0 groups=5)
[2026-06-09T04:23:38.125698Z] [notify] [tavern] sent 1/1 (main=1 | quest=0 | category=0 groups=5)
[2026-06-09T04:27:11.512654Z] [notify] [tavern] sent 1/1 (main=1 | quest=0 | category=0 groups=5)
[2026-06-09T04:55:04.226317Z] [notify] [tavern] sent 1/1 (main=1 | quest=0 | category=0 groups=5)
[2026-06-09T05:00:07.401272Z] [notify] [tavern] sent 1/1 (main=1 | quest=0 | category=0 groups=5)
[2026-06-09T05:03:47.824135Z] [notify] [tavern] sent 1/1 (main=1 | quest=0 | category=0 groups=5)
[2026-06-09T05:15:39.751236Z] [notify] [tavern] sent 1/1 (main=1 | quest=0 | category=0 groups=5)
[2026-06-09T05:17:14.007405Z] [notify] [tavern] sent 1/1 (main=1 | quest=0 | category=0 groups=5)
[2026-06-09T05:20:39.984231Z] [notify] [tavern] sent 1/1 (main=1 | quest=0 | category=0 groups=5)
[2026-06-09T05:21:40.739819Z] [notify] [tavern] sent 1/1 (main=1 | quest=0 | category=0 groups=5)
[2026-06-09T05:23:40.508044Z] [notify] [tavern] sent 1/1 (main=1 | quest=0 | category=0 groups=5)
[2026-06-09T05:24:25.380379Z] [notify] [tavern] sent 1/1 (main=1 | quest=0 | category=0 groups=5)
[2026-06-09T05:29:39.772003Z] [notify] [tavern] sent 1/1 (main=1 | quest=0 | category=0 groups=5)
[2026-06-09T05:31:27.144736Z] [notify] [tavern] sent 1/1 (main=1 | quest=0 | category=0 groups=5)
[2026-06-09T05:36:30.098250Z] [notify] [tavern] sent 1/1 (main=1 | quest=0 | category=0 groups=5)
[2026-06-09T05:38:50.244267Z] [notify] [tavern] sent 1/1 (main=1 | quest=0 | category=0 groups=5)
[2026-06-09T05:40:09.605023Z] [notify] [tavern] sent 1/1 (main=1 | quest=0 | category=0 groups=5)
[2026-06-09T05:47:09.658510Z] [notify] [tavern] sent 1/1 (main=1 | quest=0 | category=0 groups=5)
[2026-06-09T05:54:44.103787Z] [notify] [tavern] sent 1/1 (main=1 | quest=0 | category=0 groups=5)
[2026-06-09T05:58:06.576526Z] [notify] [tavern] sent 1/1 (main=1 | quest=0 | category=0 groups=5)
[2026-06-09T05:59:14.865640Z] [notify] [tavern] sent 1/1 (main=1 | quest=0 | category=0 groups=5)
[2026-06-09T05:59:59.776976Z] [notify] [tavern] sent 1/1 (main=1 | quest=0 | category=0 groups=5)
[2026-06-09T06:00:04.232510Z] [notify] [tavern] sent 1/1 (main=1 | quest=0 | category=0 groups=5)
[2026-06-09T06:00:33.323823Z] [notify] [tavern] sent 1/1 (main=1 | quest=0 | category=0 groups=5)
[2026-06-09T06:01:35.800634Z] [notify] [tavern] sent 1/1 (main=1 | quest=0 | category=0 groups=5)
[2026-06-09T06:04:11.535053Z] [notify] [tavern] sent 1/1 (main=1 | quest=0 | category=0 groups=5)
[2026-06-09T06:05:05.787329Z] [notify] [tavern] sent 1/1 (main=1 | quest=0 | category=0 groups=5)
[2026-06-09T06:07:01.410861Z] [notify] [tavern] sent 1/1 (main=1 | quest=0 | category=0 groups=5)
[2026-06-09T06:07:54.820357Z] [notify] [tavern] sent 1/1 (main=1 | quest=0 | category=0 groups=5)
[2026-06-09T06:10:04.506857Z] [notify] [tavern] sent 1/1 (main=1 | quest=0 | category=0 groups=5)
[2026-06-09T06:10:50.179074Z] [notify] [tavern] sent 1/1 (main=1 | quest=0 | category=0 groups=5)
[2026-06-09T06:13:04.913319Z] [notify] [tavern] sent 1/1 (main=1 | quest=0 | category=0 groups=5)
[2026-06-09T06:13:59.172850Z] [notify] [tavern] sent 1/1 (main=1 | quest=0 | category=0 groups=5)
[2026-06-09T06:16:28.770438Z] [notify] [tavern] sent 1/1 (main=1 | quest=0 | category=0 groups=5)
[2026-06-09T06:16:58.475186Z] [notify] [tavern] sent 1/1 (main=1 | quest=0 | category=0 groups=5)
[2026-06-09T06:19:11.878435Z] [notify] [tavern] sent 1/1 (main=1 | quest=0 | category=0 groups=5)
[2026-06-09T06:20:04.278347Z] [notify] [tavern] sent 1/1 (main=1 | quest=0 | category=0 groups=5)
[2026-06-09T06:22:07.924290Z] [notify] [tavern] sent 1/1 (main=1 | quest=0 | category=0 groups=5)
[2026-06-09T06:23:06.695617Z] [notify] [tavern] sent 1/1 (main=1 | quest=0 | category=0 groups=5)
[2026-06-09T06:25:05.460631Z] [notify] [tavern] sent 1/1 (main=1 | quest=0 | category=0 groups=5)
[2026-06-09T06:25:58.595731Z] [notify] [tavern] sent 1/1 (main=1 | quest=0 | category=0 groups=5)
[2026-06-09T06:28:02.523756Z] [notify] [tavern] sent 1/1 (main=1 | quest=0 | category=0 groups=5)
[2026-06-09T06:29:06.404516Z] [notify] [tavern] sent 1/1 (main=1 | quest=0 | category=0 groups=5)
[2026-06-09T06:30:20.774963Z] [notify] [tavern] sent 1/1 (main=1 | quest=0 | category=0 groups=5)
[2026-06-09T06:31:48.963790Z] [notify] [tavern] sent 1/1 (main=1 | quest=0 | category=0 groups=5)
[2026-06-09T06:32:58.765189Z] [notify] [tavern] sent 1/1 (main=1 | quest=0 | category=0 groups=5)
[2026-06-09T06:34:52.459891Z] [notify] [tavern] sent 1/1 (main=1 | quest=0 | category=0 groups=5)
[2026-06-09T06:36:02.721005Z] [notify] [tavern] sent 1/1 (main=1 | quest=0 | category=0 groups=5)
[2026-06-09T06:37:51.597979Z] [notify] [tavern] sent 1/1 (main=1 | quest=0 | category=0 groups=5)
[2026-06-09T06:39:06.271184Z] [notify] [tavern] sent 1/1 (main=1 | quest=0 | category=0 groups=5)
[2026-06-09T06:40:55.385569Z] [notify] [tavern] sent 1/1 (main=1 | quest=0 | category=0 groups=5)
[2026-06-09T06:41:58.469166Z] [notify] [tavern] sent 1/1 (main=1 | quest=0 | category=0 groups=5)
[2026-06-09T06:43:56.190336Z] [notify] [tavern] sent 1/1 (main=1 | quest=0 | category=0 groups=5)
[2026-06-09T06:45:11.154203Z] [notify] [tavern] sent 1/1 (main=1 | quest=0 | category=0 groups=5)
[2026-06-09T06:46:54.485136Z] [notify] [tavern] sent 1/1 (main=1 | quest=0 | category=0 groups=5)
[2026-06-09T06:48:09.447374Z] [notify] [tavern] sent 1/1 (main=1 | quest=0 | category=0 groups=5)
[2026-06-09T06:49:58.817877Z] [notify] [tavern] sent 1/1 (main=1 | quest=0 | category=0 groups=5)
[2026-06-09T06:51:07.231953Z] [notify] [tavern] sent 1/1 (main=1 | quest=0 | category=0 groups=5)
[2026-06-09T06:52:50.094442Z] [notify] [tavern] sent 1/1 (main=1 | quest=0 | category=0 groups=5)
[2026-06-09T06:53:59.812573Z] [notify] [tavern] sent 1/1 (main=1 | quest=0 | category=0 groups=5)
[2026-06-09T06:55:47.287696Z] [notify] [tavern] sent 1/1 (main=1 | quest=0 | category=0 groups=5)
[2026-06-09T06:56:56.856917Z] [notify] [tavern] sent 1/1 (main=1 | quest=0 | category=0 groups=5)
[2026-06-09T06:58:56.514149Z] [notify] [tavern] sent 1/1 (main=1 | quest=0 | category=0 groups=5)
[2026-06-09T07:00:05.179510Z] [notify] [tavern] sent 1/1 (main=1 | quest=0 | category=0 groups=5)
[2026-06-09T07:00:09.913185Z] [notify] [tavern] sent 1/1 (main=1 | quest=0 | category=0 groups=5)
[2026-06-09T07:01:48.171215Z] [notify] [tavern] sent 1/1 (main=1 | quest=0 | category=0 groups=5)
[2026-06-09T07:03:01.304480Z] [notify] [tavern] sent 1/1 (main=1 | quest=0 | category=0 groups=5)
[2026-06-09T07:04:47.416849Z] [notify] [tavern] sent 1/1 (main=1 | quest=0 | category=0 groups=5)
[2026-06-09T07:06:07.490735Z] [notify] [tavern] sent 1/1 (main=1 | quest=0 | category=0 groups=5)
[2026-06-09T07:08:00.162995Z] [notify] [tavern] sent 1/1 (main=1 | quest=0 | category=0 groups=5)
[2026-06-09T07:09:04.362944Z] [notify] [tavern] sent 1/1 (main=1 | quest=0 | category=0 groups=5)
[2026-06-09T07:11:05.094024Z] [notify] [tavern] sent 1/1 (main=1 | quest=0 | category=0 groups=5)
[2026-06-09T07:12:18.724750Z] [notify] [tavern] sent 1/1 (main=1 | quest=0 | category=0 groups=5)
[2026-06-09T07:13:51.325982Z] [notify] [tavern] sent 1/1 (main=1 | quest=0 | category=0 groups=5)
[2026-06-09T07:15:05.324814Z] [notify] [tavern] sent 1/1 (main=1 | quest=0 | category=0 groups=5)
[2026-06-09T07:16:45.969188Z] [notify] [tavern] sent 1/1 (main=1 | quest=0 | category=0 groups=5)
[2026-06-09T07:18:04.631274Z] [notify] [tavern] sent 1/1 (main=1 | quest=0 | category=0 groups=5)
[2026-06-09T07:20:05.205791Z] [notify] [tavern] sent 1/1 (main=1 | quest=0 | category=0 groups=5)
[2026-06-09T07:21:08.808979Z] [notify] [tavern] sent 1/1 (main=1 | quest=0 | category=0 groups=5)
[2026-06-09T07:23:04.681026Z] [notify] [tavern] sent 1/1 (main=1 | quest=0 | category=0 groups=5)
[2026-06-09T07:24:07.170258Z] [notify] [tavern] sent 1/1 (main=1 | quest=0 | category=0 groups=5)
[2026-06-09T07:25:55.636056Z] [notify] [tavern] sent 1/1 (main=1 | quest=0 | category=0 groups=5)
[2026-06-09T07:27:05.975064Z] [notify] [tavern] sent 1/1 (main=1 | quest=0 | category=0 groups=5)
[2026-06-09T07:28:49.336645Z] [notify] [tavern] sent 1/1 (main=1 | quest=0 | category=0 groups=5)
[2026-06-09T07:30:03.251031Z] [notify] [tavern] sent 1/1 (main=1 | quest=0 | category=0 groups=5)
[2026-06-09T07:31:57.314082Z] [notify] [tavern] sent 1/1 (main=1 | quest=0 | category=0 groups=5)
[2026-06-09T07:33:10.501117Z] [notify] [tavern] sent 1/1 (main=1 | quest=0 | category=0 groups=5)
[2026-06-09T07:34:54.021277Z] [notify] [tavern] sent 1/1 (main=1 | quest=0 | category=0 groups=5)
[2026-06-09T07:36:07.166315Z] [notify] [tavern] sent 1/1 (main=1 | quest=0 | category=0 groups=5)
[2026-06-09T07:38:02.025204Z] [notify] [tavern] sent 1/1 (main=1 | quest=0 | category=0 groups=5)
[2026-06-09T07:39:20.785665Z] [notify] [tavern] sent 1/1 (main=1 | quest=0 | category=0 groups=5)
[2026-06-09T07:41:06.884327Z] [notify] [tavern] sent 1/1 (main=1 | quest=0 | category=0 groups=5)
[2026-06-09T07:42:17.199326Z] [notify] [tavern] sent 1/1 (main=1 | quest=0 | category=0 groups=5)
[2026-06-09T07:44:14.026859Z] [notify] [tavern] sent 1/1 (main=1 | quest=0 | category=0 groups=5)
[2026-06-09T07:45:16.255396Z] [notify] [tavern] sent 1/1 (main=1 | quest=0 | category=0 groups=5)
[2026-06-09T07:47:00.387985Z] [notify] [tavern] sent 1/1 (main=1 | quest=0 | category=0 groups=5)
[2026-06-09T07:48:02.996892Z] [notify] [tavern] sent 1/1 (main=1 | quest=0 | category=0 groups=5)
[2026-06-09T07:49:46.002448Z] [notify] [tavern] sent 1/1 (main=1 | quest=0 | category=0 groups=5)
[2026-06-09T07:51:04.255861Z] [notify] [tavern] sent 1/1 (main=1 | quest=0 | category=0 groups=5)
[2026-06-09T07:52:37.032968Z] [notify] [tavern] sent 1/1 (main=1 | quest=0 | category=0 groups=5)
[2026-06-09T07:54:05.229029Z] [notify] [tavern] sent 1/1 (main=1 | quest=0 | category=0 groups=5)
[2026-06-09T07:54:57.841440Z] [notify] [tavern] sent 1/1 (main=1 | quest=0 | category=0 groups=5)
[2026-06-09T07:56:57.710172Z] [notify] [tavern] sent 1/1 (main=1 | quest=0 | category=0 groups=5)
[2026-06-09T07:57:40.858695Z] [notify] [tavern] sent 1/1 (main=1 | quest=0 | category=0 groups=5)
[2026-06-09T07:59:41.105930Z] [notify] [tavern] sent 1/1 (main=1 | quest=0 | category=0 groups=5)
[2026-06-09T07:59:58.622944Z] [notify] [tavern] sent 1/1 (main=1 | quest=0 | category=0 groups=5)
[2026-06-09T08:00:05.218818Z] [notify] [tavern] sent 1/1 (main=1 | quest=0 | category=0 groups=5)
[2026-06-09T08:03:04.399331Z] [notify] [tavern] sent 1/1 (main=1 | quest=0 | category=0 groups=5)
[2026-06-09T08:03:11.148360Z] [notify] [tavern] sent 1/1 (main=1 | quest=0 | category=0 groups=5)
[2026-06-09T08:05:58.283351Z] [notify] [tavern] sent 1/1 (main=1 | quest=0 | category=0 groups=5)
[2026-06-09T08:06:07.180785Z] [notify] [tavern] sent 1/1 (main=1 | quest=0 | category=0 groups=5)
[2026-06-09T08:08:50.243044Z] [notify] [tavern] sent 1/1 (main=1 | quest=0 | category=0 groups=5)
[2026-06-09T08:09:03.965867Z] [notify] [tavern] sent 1/1 (main=1 | quest=0 | category=0 groups=5)
[2026-06-09T08:11:50.081779Z] [notify] [tavern] sent 1/1 (main=1 | quest=0 | category=0 groups=5)
[2026-06-09T08:12:13.533927Z] [notify] [tavern] sent 1/1 (main=1 | quest=0 | category=0 groups=5)
[2026-06-09T08:14:52.196937Z] [notify] [tavern] sent 1/1 (main=1 | quest=0 | category=0 groups=5)
[2026-06-09T08:15:15.867988Z] [notify] [tavern] sent 1/1 (main=1 | quest=0 | category=0 groups=5)
[2026-06-09T08:17:55.066858Z] [notify] [tavern] sent 1/1 (main=1 | quest=0 | category=0 groups=5)
[2026-06-09T08:18:15.017434Z] [notify] [tavern] sent 1/1 (main=1 | quest=0 | category=0 groups=5)
[2026-06-09T08:18:21.253433Z] [notify] [tavern] sent 1/1 (main=1 | quest=0 | category=0 groups=5)
[2026-06-09T08:21:00.457303Z] [notify] [tavern] sent 1/1 (main=1 | quest=0 | category=0 groups=5)
[2026-06-09T08:21:08.162028Z] [notify] [tavern] sent 1/1 (main=1 | quest=0 | category=0 groups=5)
[2026-06-09T08:24:02.862708Z] [notify] [tavern] sent 1/1 (main=1 | quest=0 | category=0 groups=5)
[2026-06-09T08:24:10.949150Z] [notify] [tavern] sent 1/1 (main=1 | quest=0 | category=0 groups=5)
[2026-06-09T08:26:54.516944Z] [notify] [tavern] sent 1/1 (main=1 | quest=0 | category=0 groups=5)
[2026-06-09T08:27:04.356079Z] [notify] [tavern] sent 1/1 (main=1 | quest=0 | category=0 groups=5)
[2026-06-09T08:29:52.665936Z] [notify] [tavern] sent 1/1 (main=1 | quest=0 | category=0 groups=5)
[2026-06-09T08:30:10.544820Z] [notify] [tavern] sent 1/1 (main=1 | quest=0 | category=0 groups=5)
[2026-06-09T08:32:51.151289Z] [notify] [tavern] sent 1/1 (main=1 | quest=0 | category=0 groups=5)
[2026-06-09T08:33:09.516788Z] [notify] [tavern] sent 1/1 (main=1 | quest=0 | category=0 groups=5)
[2026-06-09T08:35:51.099504Z] [notify] [tavern] sent 1/1 (main=1 | quest=0 | category=0 groups=5)
[2026-06-09T08:36:14.954540Z] [notify] [tavern] sent 1/1 (main=1 | quest=0 | category=0 groups=5)
[2026-06-09T08:38:54.645411Z] [notify] [tavern] sent 1/1 (main=1 | quest=0 | category=0 groups=5)
[2026-06-09T08:39:04.583970Z] [notify] [tavern] sent 1/1 (main=1 | quest=0 | category=0 groups=5)
[2026-06-09T08:41:43.249323Z] [notify] [tavern] sent 1/1 (main=1 | quest=0 | category=0 groups=5)
[2026-06-09T08:43:33.729426Z] [notify] [tavern] sent 1/1 (main=1 | quest=0 | category=0 groups=5)
[2026-06-09T08:44:47.441172Z] [notify] [tavern] sent 1/1 (main=1 | quest=0 | category=0 groups=5)
[2026-06-09T08:45:27.117369Z] [notify] [tavern] sent 1/1 (main=1 | quest=0 | category=0 groups=5)
[2026-06-09T08:47:30.847288Z] [notify] [tavern] sent 1/1 (main=1 | quest=0 | category=0 groups=5)
[2026-06-09T08:47:43.262951Z] [notify] [tavern] sent 1/1 (main=1 | quest=0 | category=0 groups=5)
[2026-06-09T08:49:29.235801Z] [notify] [tavern] sent 1/1 (main=1 | quest=0 | category=0 groups=5)
[2026-06-09T08:50:48.253000Z] [notify] [tavern] sent 1/1 (main=1 | quest=0 | category=0 groups=5)
[2026-06-09T08:51:31.096786Z] [notify] [tavern] sent 1/1 (main=1 | quest=0 | category=0 groups=5)
[2026-06-09T08:53:34.810307Z] [notify] [tavern] sent 1/1 (main=1 | quest=0 | category=0 groups=5)
[2026-06-09T08:53:42.344010Z] [notify] [tavern] sent 1/1 (main=1 | quest=0 | category=0 groups=5)
[2026-06-09T08:55:31.510424Z] [notify] [tavern] sent 1/1 (main=1 | quest=0 | category=0 groups=5)
[2026-06-09T08:56:44.011524Z] [notify] [tavern] sent 1/1 (main=1 | quest=0 | category=0 groups=5)
[2026-06-09T08:57:32.235215Z] [notify] [tavern] sent 1/1 (main=1 | quest=0 | category=0 groups=5)
[2026-06-09T08:59:35.879666Z] [notify] [tavern] sent 1/1 (main=1 | quest=0 | category=0 groups=5)
[2026-06-09T08:59:55.382793Z] [notify] [tavern] sent 1/1 (main=1 | quest=0 | category=0 groups=5)
[2026-06-09T09:00:05.482294Z] [notify] [tavern] sent 1/1 (main=1 | quest=0 | category=0 groups=5)
[2026-06-09T09:01:33.882035Z] [notify] [tavern] sent 1/1 (main=1 | quest=0 | category=0 groups=5)
[2026-06-09T09:02:43.241421Z] [notify] [tavern] sent 1/1 (main=1 | quest=0 | category=0 groups=5)
[2026-06-09T09:03:35.787425Z] [notify] [tavern] sent 1/1 (main=1 | quest=0 | category=0 groups=5)
[2026-06-09T09:05:35.830369Z] [notify] [tavern] sent 1/1 (main=1 | quest=0 | category=0 groups=5)
[2026-06-09T09:05:44.168275Z] [notify] [tavern] sent 1/1 (main=1 | quest=0 | category=0 groups=5)
[2026-06-09T09:07:32.915286Z] [notify] [tavern] sent 1/1 (main=1 | quest=0 | category=0 groups=5)
[2026-06-09T09:08:50.844458Z] [notify] [tavern] sent 1/1 (main=1 | quest=0 | category=0 groups=5)
[2026-06-09T09:09:34.448108Z] [notify] [tavern] sent 1/1 (main=1 | quest=0 | category=0 groups=5)
[2026-06-09T09:11:35.644691Z] [notify] [tavern] sent 1/1 (main=1 | quest=0 | category=0 groups=5)
[2026-06-09T09:11:53.723436Z] [notify] [tavern] sent 1/1 (main=1 | quest=0 | category=0 groups=5)
[2026-06-09T09:13:47.212103Z] [notify] [tavern] sent 1/1 (main=1 | quest=0 | category=0 groups=5)
[2026-06-09T09:15:12.083873Z] [notify] [tavern] sent 1/1 (main=1 | quest=0 | category=0 groups=5)
[2026-06-09T09:16:45.573234Z] [notify] [tavern] sent 1/1 (main=1 | quest=0 | category=0 groups=5)
[2026-06-09T09:19:41.486592Z] [notify] [tavern] sent 1/1 (main=1 | quest=0 | category=0 groups=5)
[2026-06-09T09:20:20.398148Z] [notify] [tavern] sent 1/1 (main=1 | quest=0 | category=0 groups=5)
[2026-06-09T09:21:09.392489Z] [notify] [tavern] sent 1/1 (main=1 | quest=0 | category=0 groups=5)
[2026-06-09T09:22:19.902058Z] [notify] [tavern] sent 1/1 (main=1 | quest=0 | category=0 groups=5)
[2026-06-09T09:27:00.528268Z] [notify] [tavern] sent 1/1 (main=1 | quest=0 | category=0 groups=5)
[2026-06-09T09:28:06.327583Z] [notify] [tavern] sent 1/1 (main=1 | quest=0 | category=0 groups=5)
[2026-06-09T09:29:24.456089Z] [notify] [tavern] sent 1/1 (main=1 | quest=0 | category=0 groups=5)
[2026-06-09T10:00:08.155448Z] [notify] [tavern] sent 1/1 (main=1 | quest=0 | category=0 groups=5)
[2026-06-09T10:01:13.917751Z] [notify] [tavern] sent 1/1 (main=1 | quest=0 | category=0 groups=5)
[2026-06-09T11:00:07.669639Z] [notify] [tavern] sent 1/1 (main=1 | quest=0 | category=0 groups=5)
[2026-06-09T11:00:11.496430Z] [notify] [tavern] sent 1/1 (main=1 | quest=0 | category=0 groups=5)
[2026-06-09T11:00:56.329069Z] [notify] [tavern] sent 1/1 (main=1 | quest=0 | category=0 groups=5)
[2026-06-09T11:01:13.256752Z] [notify] [tavern] sent 1/1 (main=1 | quest=0 | category=0 groups=5)
[2026-06-09T11:02:40.288174Z] [notify] [tavern] sent 1/1 (main=1 | quest=0 | category=0 groups=5)
[2026-06-09T11:03:53.321962Z] [notify] [tavern] sent 1/1 (main=1 | quest=0 | category=0 groups=5)
[2026-06-09T11:06:00.837181Z] [notify] [tavern] sent 1/1 (main=1 | quest=0 | category=0 groups=5)
[2026-06-09T11:06:48.371497Z] [notify] [tavern] sent 1/1 (main=1 | quest=0 | category=0 groups=5)
[2026-06-09T11:08:47.258460Z] [notify] [tavern] sent 1/1 (main=1 | quest=0 | category=0 groups=5)
[2026-06-09T11:09:44.253239Z] [notify] [tavern] sent 1/1 (main=1 | quest=0 | category=0 groups=5)
[2026-06-09T11:11:32.239952Z] [notify] [tavern] sent 1/1 (main=1 | quest=0 | category=0 groups=5)
[2026-06-09T11:11:41.962403Z] [notify] [tavern] sent 1/1 (main=1 | quest=0 | category=0 groups=5)
[2026-06-09T11:13:52.297776Z] [notify] [tavern] sent 1/1 (main=1 | quest=0 | category=0 groups=5)
[2026-06-09T11:14:54.398212Z] [notify] [tavern] sent 1/1 (main=1 | quest=0 | category=0 groups=5)
[2026-06-09T11:16:50.082946Z] [notify] [tavern] sent 1/1 (main=1 | quest=0 | category=0 groups=5)
[2026-06-09T11:18:04.307173Z] [notify] [tavern] sent 1/1 (main=1 | quest=0 | category=0 groups=5)
[2026-06-09T11:19:47.633111Z] [notify] [tavern] sent 1/1 (main=1 | quest=0 | category=0 groups=5)
[2026-06-09T11:21:01.199686Z] [notify] [tavern] sent 1/1 (main=1 | quest=0 | category=0 groups=5)
[2026-06-09T11:22:50.536659Z] [notify] [tavern] sent 1/1 (main=1 | quest=0 | category=0 groups=5)
[2026-06-09T11:23:58.266381Z] [notify] [tavern] sent 1/1 (main=1 | quest=0 | category=0 groups=5)
[2026-06-09T11:25:52.527552Z] [notify] [tavern] sent 1/1 (main=1 | quest=0 | category=0 groups=5)
[2026-06-09T11:26:55.338172Z] [notify] [tavern] sent 1/1 (main=1 | quest=0 | category=0 groups=5)
[2026-06-09T11:28:52.951172Z] [notify] [tavern] sent 1/1 (main=1 | quest=0 | category=0 groups=5)
[2026-06-09T11:30:08.672956Z] [notify] [tavern] sent 1/1 (main=1 | quest=0 | category=0 groups=5)
[2026-06-09T11:32:02.458053Z] [notify] [tavern] sent 1/1 (main=1 | quest=0 | category=0 groups=5)
[2026-06-09T11:32:59.490288Z] [notify] [tavern] sent 1/1 (main=1 | quest=0 | category=0 groups=5)
[2026-06-09T11:34:54.627361Z] [notify] [tavern] sent 1/1 (main=1 | quest=0 | category=0 groups=5)
[2026-06-09T11:35:48.739037Z] [notify] [tavern] sent 1/1 (main=1 | quest=0 | category=0 groups=5)
[2026-06-09T11:37:48.394537Z] [notify] [tavern] sent 1/1 (main=1 | quest=0 | category=0 groups=5)
[2026-06-09T11:38:58.127142Z] [notify] [tavern] sent 1/1 (main=1 | quest=0 | category=0 groups=5)
[2026-06-09T11:40:51.052655Z] [notify] [tavern] sent 1/1 (main=1 | quest=0 | category=0 groups=5)
[2026-06-09T11:41:49.026934Z] [notify] [tavern] sent 1/1 (main=1 | quest=0 | category=0 groups=5)
[2026-06-09T11:43:41.532049Z] [notify] [tavern] sent 1/1 (main=1 | quest=0 | category=0 groups=5)
[2026-06-09T11:44:48.967410Z] [notify] [tavern] sent 1/1 (main=1 | quest=0 | category=0 groups=5)
[2026-06-09T11:45:43.358689Z] [notify] [tavern] sent 1/1 (main=1 | quest=0 | category=0 groups=5)
[2026-06-09T11:47:49.852527Z] [notify] [tavern] sent 1/1 (main=1 | quest=0 | category=0 groups=5)
[2026-06-09T11:47:58.750478Z] [notify] [tavern] sent 1/1 (main=1 | quest=0 | category=0 groups=5)
[2026-06-09T11:50:57.659172Z] [notify] [tavern] sent 1/1 (main=1 | quest=0 | category=0 groups=5)
[2026-06-09T11:51:02.816088Z] [notify] [tavern] sent 1/1 (main=1 | quest=0 | category=0 groups=5)
[2026-06-09T11:53:52.802378Z] [notify] [tavern] sent 1/1 (main=1 | quest=0 | category=0 groups=5)
[2026-06-09T11:54:00.245691Z] [notify] [tavern] sent 1/1 (main=1 | quest=0 | category=0 groups=5)
[2026-06-09T11:56:44.694323Z] [notify] [tavern] sent 1/1 (main=1 | quest=0 | category=0 groups=5)
[2026-06-09T11:56:51.787534Z] [notify] [tavern] sent 1/1 (main=1 | quest=0 | category=0 groups=5)
[2026-06-09T11:59:51.096421Z] [notify] [tavern] sent 1/1 (main=1 | quest=0 | category=0 groups=5)
[2026-06-09T11:59:58.007311Z] [notify] [tavern] sent 1/1 (main=1 | quest=0 | category=0 groups=5)
[2026-06-09T12:00:07.866576Z] [notify] [tavern] sent 1/1 (main=1 | quest=0 | category=0 groups=5)
[2026-06-09T12:02:47.753739Z] [notify] [tavern] sent 1/1 (main=1 | quest=0 | category=0 groups=5)
[2026-06-09T12:03:00.169211Z] [notify] [tavern] sent 1/1 (main=1 | quest=0 | category=0 groups=5)
[2026-06-09T12:05:53.135059Z] [notify] [tavern] sent 1/1 (main=1 | quest=0 | category=0 groups=5)
[2026-06-09T12:05:57.864474Z] [notify] [tavern] sent 1/1 (main=1 | quest=0 | category=0 groups=5)
[2026-06-09T12:08:51.199093Z] [notify] [tavern] sent 1/1 (main=1 | quest=0 | category=0 groups=5)
[2026-06-09T12:08:57.863469Z] [notify] [tavern] sent 1/1 (main=1 | quest=0 | category=0 groups=5)
[2026-06-09T12:11:47.666994Z] [notify] [tavern] sent 1/1 (main=1 | quest=0 | category=0 groups=5)
[2026-06-09T12:11:52.585836Z] [notify] [tavern] sent 1/1 (main=1 | quest=0 | category=0 groups=5)
[2026-06-09T12:14:46.846054Z] [notify] [tavern] sent 1/1 (main=1 | quest=0 | category=0 groups=5)
[2026-06-09T12:14:53.345577Z] [notify] [tavern] sent 1/1 (main=1 | quest=0 | category=0 groups=5)
[2026-06-09T12:17:53.810621Z] [notify] [tavern] sent 1/1 (main=1 | quest=0 | category=0 groups=5)
[2026-06-09T12:18:00.649622Z] [notify] [tavern] sent 1/1 (main=1 | quest=0 | category=0 groups=5)
[2026-06-09T12:20:49.917810Z] [notify] [tavern] sent 1/1 (main=1 | quest=0 | category=0 groups=5)
[2026-06-09T12:21:02.092575Z] [notify] [tavern] sent 1/1 (main=1 | quest=0 | category=0 groups=5)
[2026-06-09T12:24:40.439557Z] [notify] [tavern] sent 1/1 (main=1 | quest=0 | category=0 groups=5)
[2026-06-09T12:25:19.688907Z] [notify] [tavern] sent 1/1 (main=1 | quest=0 | category=0 groups=5)
[2026-06-09T12:27:50.994397Z] [notify] [tavern] sent 1/1 (main=1 | quest=0 | category=0 groups=5)
[2026-06-09T12:27:59.092630Z] [notify] [tavern] sent 1/1 (main=1 | quest=0 | category=0 groups=5)
[2026-06-09T12:30:36.286459Z] [notify] [tavern] sent 1/1 (main=1 | quest=0 | category=0 groups=5)
[2026-06-09T12:30:53.770458Z] [notify] [tavern] sent 1/1 (main=1 | quest=0 | category=0 groups=5)
[2026-06-09T12:32:52.443995Z] [notify] [tavern] sent 1/1 (main=1 | quest=0 | category=0 groups=5)
[2026-06-09T12:33:54.437960Z] [notify] [tavern] sent 1/1 (main=1 | quest=0 | category=0 groups=5)
[2026-06-09T12:35:52.428601Z] [notify] [tavern] sent 1/1 (main=1 | quest=0 | category=0 groups=5)
[2026-06-09T12:36:57.398166Z] [notify] [tavern] sent 1/1 (main=1 | quest=0 | category=0 groups=5)
[2026-06-09T12:38:53.678702Z] [notify] [tavern] sent 1/1 (main=1 | quest=0 | category=0 groups=5)
[2026-06-09T12:39:47.813509Z] [notify] [tavern] sent 1/1 (main=1 | quest=0 | category=0 groups=5)
[2026-06-09T12:41:46.403402Z] [notify] [tavern] sent 1/1 (main=1 | quest=0 | category=0 groups=5)
[2026-06-09T12:42:44.424660Z] [notify] [tavern] sent 1/1 (main=1 | quest=0 | category=0 groups=5)
[2026-06-09T12:44:49.588697Z] [notify] [tavern] sent 1/1 (main=1 | quest=0 | category=0 groups=5)
[2026-06-09T12:45:52.185125Z] [notify] [tavern] sent 1/1 (main=1 | quest=0 | category=0 groups=5)
[2026-06-09T12:47:45.657734Z] [notify] [tavern] sent 1/1 (main=1 | quest=0 | category=0 groups=5)
[2026-06-09T12:48:50.025525Z] [notify] [tavern] sent 1/1 (main=1 | quest=0 | category=0 groups=5)
[2026-06-09T12:50:50.495495Z] [notify] [tavern] sent 1/1 (main=1 | quest=0 | category=0 groups=5)
[2026-06-09T12:51:54.697972Z] [notify] [tavern] sent 1/1 (main=1 | quest=0 | category=0 groups=5)
[2026-06-09T12:53:52.889437Z] [notify] [tavern] sent 1/1 (main=1 | quest=0 | category=0 groups=5)
[2026-06-09T12:55:02.666448Z] [notify] [tavern] sent 1/1 (main=1 | quest=0 | category=0 groups=5)
[2026-06-09T12:56:46.889211Z] [notify] [tavern] sent 1/1 (main=1 | quest=0 | category=0 groups=5)
[2026-06-09T12:57:51.707892Z] [notify] [tavern] sent 1/1 (main=1 | quest=0 | category=0 groups=5)
[2026-06-09T12:59:48.095451Z] [notify] [tavern] sent 1/1 (main=1 | quest=0 | category=0 groups=5)
[2026-06-09T13:00:07.365907Z] [notify] [tavern] sent 1/1 (main=1 | quest=0 | category=0 groups=5)
[2026-06-09T13:00:35.279794Z] [notify] [tavern] sent 1/1 (main=1 | quest=0 | category=0 groups=5)
[2026-06-09T13:02:49.862633Z] [notify] [tavern] sent 1/1 (main=1 | quest=0 | category=0 groups=5)
[2026-06-09T13:02:58.819649Z] [notify] [tavern] sent 1/1 (main=1 | quest=0 | category=0 groups=5)
[2026-06-09T13:05:53.778132Z] [notify] [tavern] sent 1/1 (main=1 | quest=0 | category=0 groups=5)
[2026-06-09T13:06:02.427956Z] [notify] [tavern] sent 1/1 (main=1 | quest=0 | category=0 groups=5)
[2026-06-09T13:08:50.822922Z] [notify] [tavern] sent 1/1 (main=1 | quest=0 | category=0 groups=5)
[2026-06-09T13:08:57.024012Z] [notify] [tavern] sent 1/1 (main=1 | quest=0 | category=0 groups=5)
[2026-06-09T13:11:50.925801Z] [notify] [tavern] sent 1/1 (main=1 | quest=0 | category=0 groups=5)
[2026-06-09T13:11:55.650862Z] [notify] [tavern] sent 1/1 (main=1 | quest=0 | category=0 groups=5)
[2026-06-09T13:15:04.230069Z] [notify] [tavern] sent 1/1 (main=1 | quest=0 | category=0 groups=5)
[2026-06-09T13:15:17.322587Z] [notify] [tavern] sent 1/1 (main=1 | quest=0 | category=0 groups=5)
[2026-06-09T13:17:54.783998Z] [notify] [tavern] sent 1/1 (main=1 | quest=0 | category=0 groups=5)
[2026-06-09T13:18:06.093248Z] [notify] [tavern] sent 1/1 (main=1 | quest=0 | category=0 groups=5)
[2026-06-09T13:20:56.883891Z] [notify] [tavern] sent 1/1 (main=1 | quest=0 | category=0 groups=5)
[2026-06-09T13:21:03.449553Z] [notify] [tavern] sent 1/1 (main=1 | quest=0 | category=0 groups=5)
[2026-06-09T13:23:51.853658Z] [notify] [tavern] sent 1/1 (main=1 | quest=0 | category=0 groups=5)
[2026-06-09T13:24:08.461711Z] [notify] [tavern] sent 1/1 (main=1 | quest=0 | category=0 groups=5)
[2026-06-09T13:26:56.784670Z] [notify] [tavern] sent 1/1 (main=1 | quest=0 | category=0 groups=5)
[2026-06-09T13:27:02.296994Z] [notify] [tavern] sent 1/1 (main=1 | quest=0 | category=0 groups=5)
[2026-06-09T13:29:53.099966Z] [notify] [tavern] sent 1/1 (main=1 | quest=0 | category=0 groups=5)
[2026-06-09T13:30:06.325278Z] [notify] [tavern] sent 1/1 (main=1 | quest=0 | category=0 groups=5)
[2026-06-09T13:32:51.965788Z] [notify] [tavern] sent 1/1 (main=1 | quest=0 | category=0 groups=5)
[2026-06-09T13:32:57.415185Z] [notify] [tavern] sent 1/1 (main=1 | quest=0 | category=0 groups=5)
[2026-06-09T13:35:56.008952Z] [notify] [tavern] sent 1/1 (main=1 | quest=0 | category=0 groups=5)
[2026-06-09T13:36:02.324929Z] [notify] [tavern] sent 1/1 (main=1 | quest=0 | category=0 groups=5)
[2026-06-09T13:38:55.440416Z] [notify] [tavern] sent 1/1 (main=1 | quest=0 | category=0 groups=5)
[2026-06-09T13:39:01.726953Z] [notify] [tavern] sent 1/1 (main=1 | quest=0 | category=0 groups=5)
[2026-06-09T13:41:52.302411Z] [notify] [tavern] sent 1/1 (main=1 | quest=0 | category=0 groups=5)
[2026-06-09T13:41:57.106749Z] [notify] [tavern] sent 1/1 (main=1 | quest=0 | category=0 groups=5)
[2026-06-09T13:44:54.952969Z] [notify] [tavern] sent 1/1 (main=1 | quest=0 | category=0 groups=5)
[2026-06-09T13:45:00.257273Z] [notify] [tavern] sent 1/1 (main=1 | quest=0 | category=0 groups=5)
[2026-06-09T13:47:54.033815Z] [notify] [tavern] sent 1/1 (main=1 | quest=0 | category=0 groups=5)
[2026-06-09T13:48:00.672359Z] [notify] [tavern] sent 1/1 (main=1 | quest=0 | category=0 groups=5)
[2026-06-09T13:50:52.018809Z] [notify] [tavern] sent 1/1 (main=1 | quest=0 | category=0 groups=5)
[2026-06-09T13:50:58.738014Z] [notify] [tavern] sent 1/1 (main=1 | quest=0 | category=0 groups=5)
[2026-06-09T13:54:13.298611Z] [notify] [tavern] sent 1/1 (main=1 | quest=0 | category=0 groups=5)
[2026-06-09T13:54:20.201605Z] [notify] [tavern] sent 1/1 (main=1 | quest=0 | category=0 groups=5)
[2026-06-09T13:57:08.712131Z] [notify] [tavern] sent 1/1 (main=1 | quest=0 | category=0 groups=5)
[2026-06-09T13:57:13.880294Z] [notify] [tavern] sent 1/1 (main=1 | quest=0 | category=0 groups=5)
[2026-06-09T13:59:54.694822Z] [notify] [tavern] sent 1/1 (main=1 | quest=0 | category=0 groups=5)
[2026-06-09T14:00:03.501835Z] [notify] [tavern] sent 1/1 (main=1 | quest=0 | category=0 groups=5)
[2026-06-09T14:00:08.944354Z] [notify] [tavern] sent 1/1 (main=1 | quest=0 | category=0 groups=5)
[2026-06-09T14:03:03.969426Z] [notify] [tavern] sent 1/1 (main=1 | quest=0 | category=0 groups=5)
[2026-06-09T14:03:15.788561Z] [notify] [tavern] sent 1/1 (main=1 | quest=0 | category=0 groups=5)
[2026-06-09T14:06:00.954826Z] [notify] [tavern] sent 1/1 (main=1 | quest=0 | category=0 groups=5)
[2026-06-09T14:06:08.109394Z] [notify] [tavern] sent 1/1 (main=1 | quest=0 | category=0 groups=5)
[2026-06-09T14:09:02.162909Z] [notify] [tavern] sent 1/1 (main=1 | quest=0 | category=0 groups=5)
[2026-06-09T14:09:19.506130Z] [notify] [tavern] sent 1/1 (main=1 | quest=0 | category=0 groups=5)
[2026-06-09T14:12:13.689581Z] [notify] [tavern] sent 1/1 (main=1 | quest=0 | category=0 groups=5)
[2026-06-09T14:12:20.373315Z] [notify] [tavern] sent 1/1 (main=1 | quest=0 | category=0 groups=5)
[2026-06-09T14:14:55.768047Z] [notify] [tavern] sent 1/1 (main=1 | quest=0 | category=0 groups=5)
[2026-06-09T14:19:04.873658Z] [notify] [tavern] sent 1/1 (main=1 | quest=0 | category=0 groups=5)
[2026-06-09T14:22:37.523273Z] [notify] [tavern] sent 1/1 (main=1 | quest=0 | category=0 groups=5)
[2026-06-09T14:22:47.105873Z] [notify] [tavern] sent 1/1 (main=1 | quest=0 | category=0 groups=5)
[2026-06-09T14:23:44.554850Z] [notify] [tavern] sent 1/1 (main=1 | quest=0 | category=0 groups=5)
[2026-06-09T15:00:07.689279Z] [notify] [tavern] sent 1/1 (main=1 | quest=0 | category=0 groups=5)
[2026-06-09T15:26:09.557914Z] [notify] [tavern] sent 1/1 (main=1 | quest=0 | category=0 groups=5)
[2026-06-09T15:28:36.282790Z] [notify] [tavern] sent 1/1 (main=1 | quest=0 | category=0 groups=5)
[2026-06-09T15:30:26.285419Z] [notify] [tavern] sent 1/1 (main=1 | quest=0 | category=0 groups=5)
[2026-06-09T15:31:16.477567Z] [notify] [tavern] sent 1/1 (main=1 | quest=0 | category=0 groups=5)
[2026-06-09T15:31:58.424780Z] [notify] [tavern] sent 1/1 (main=1 | quest=0 | category=0 groups=5)
[2026-06-09T15:34:00.769418Z] [notify] [tavern] sent 1/1 (main=1 | quest=0 | category=0 groups=5)
[2026-06-09T15:35:37.683528Z] [notify] [tavern] sent 1/1 (main=1 | quest=0 | category=0 groups=5)
[2026-06-09T15:38:47.768556Z] [notify] [tavern] sent 1/1 (main=1 | quest=0 | category=0 groups=5)
[2026-06-09T15:50:06.391434Z] [notify] [tavern] sent 1/1 (main=1 | quest=0 | category=0 groups=5)
[2026-06-09T15:53:17.503563Z] [notify] [tavern] sent 1/1 (main=1 | quest=0 | category=0 groups=5)
[2026-06-09T15:59:55.537618Z] [notify] [tavern] sent 1/1 (main=1 | quest=0 | category=0 groups=5)
[2026-06-09T16:00:50.636156Z] [notify] [tavern] sent 2/2 (main=2 | quest=0 | category=0 groups=5)
[2026-06-09T16:00:59.296824Z] [notify] [tavern] sent 2/2 (main=2 | quest=0 | category=0 groups=5)
[2026-06-09T16:05:18.277513Z] [notify] [tavern] sent 1/1 (main=1 | quest=0 | category=0 groups=5)
[2026-06-09T16:06:09.324404Z] [notify] [tavern] sent 1/1 (main=1 | quest=0 | category=0 groups=5)
[2026-06-09T22:30:49.235469Z] [notify] [tavern] sent 1/1 (main=1 | quest=0 | category=0 groups=5)
[2026-06-09T22:31:09.624857Z] [notify] [tavern] sent 1/1 (main=1 | quest=0 | category=0 groups=5)
[2026-06-09T22:31:25.847374Z] [notify] [tavern] sent 1/1 (main=1 | quest=0 | category=0 groups=5)
[2026-06-09T22:33:46.614570Z] [notify] [tavern] sent 1/1 (main=1 | quest=0 | category=0 groups=5)
[2026-06-09T22:36:21.099254Z] [notify] [tavern] sent 1/1 (main=1 | quest=0 | category=0 groups=5)
[2026-06-09T22:36:51.771309Z] [notify] [tavern] sent 1/1 (main=1 | quest=0 | category=0 groups=5)
[2026-06-09T22:37:42.899042Z] [notify] [tavern] sent 1/1 (main=1 | quest=0 | category=0 groups=5)
[2026-06-09T22:39:06.718696Z] [notify] [tavern] sent 1/1 (main=1 | quest=0 | category=0 groups=5)
[2026-06-09T22:40:36.978586Z] [notify] [tavern] sent 1/1 (main=1 | quest=0 | category=0 groups=5)
[2026-06-09T22:41:10.104091Z] [notify] [tavern] sent 1/1 (main=1 | quest=0 | category=0 groups=5)
[2026-06-09T22:43:36.122928Z] [notify] [tavern] sent 1/1 (main=1 | quest=0 | category=0 groups=5)
[2026-06-09T22:46:28.699553Z] [notify] [tavern] sent 1/1 (main=1 | quest=0 | category=0 groups=5)
[2026-06-09T23:01:07.158765Z] [notify] [tavern] sent 1/1 (main=1 | quest=0 | category=0 groups=5)
[2026-06-09T23:03:47.751958Z] [notify] [tavern] sent 1/1 (main=1 | quest=0 | category=0 groups=5)
[2026-06-09T23:22:35.108768Z] [notify] [tavern] sent 1/1 (main=1 | quest=0 | category=0 groups=5)
[2026-06-09T23:26:08.973789Z] [notify] [tavern] sent 1/1 (main=1 | quest=0 | category=0 groups=5)
[2026-06-09T23:28:08.969158Z] [notify] [tavern] sent 1/1 (main=1 | quest=0 | category=0 groups=5)
[2026-06-09T23:42:44.191270Z] [notify] [tavern] sent 1/1 (main=1 | quest=0 | category=0 groups=5)
[2026-06-09T23:42:50.488846Z] [notify] [tavern] sent 1/1 (main=1 | quest=0 | category=0 groups=5)
[2026-06-09T23:44:45.914217Z] [notify] [tavern] sent 1/1 (main=1 | quest=0 | category=0 groups=5)
[2026-06-09T23:47:26.366988Z] [notify] [tavern] sent 1/1 (main=1 | quest=0 | category=0 groups=5)
[2026-06-09T23:59:00.589067Z] [notify] [tavern] sent 1/1 (main=1 | quest=0 | category=0 groups=5)
[2026-06-10T00:03:09.623766Z] [notify] [tavern] sent 1/1 (main=1 | quest=0 | category=0 groups=5)
[2026-06-10T00:03:32.527986Z] [notify] [tavern] sent 1/1 (main=1 | quest=0 | category=0 groups=5)
[2026-06-10T00:03:47.248943Z] [notify] [tavern] sent 1/1 (main=1 | quest=0 | category=0 groups=5)
[2026-06-10T00:04:44.483606Z] [notify] [tavern] sent 1/1 (main=1 | quest=0 | category=0 groups=5)
[2026-06-10T00:05:13.013505Z] [notify] [tavern] sent 1/1 (main=1 | quest=0 | category=0 groups=5)
[2026-06-10T00:10:09.061612Z] [notify] [tavern] sent 1/1 (main=1 | quest=0 | category=0 groups=5)
[2026-06-10T00:13:42.487111Z] [notify] [tavern] sent 1/1 (main=1 | quest=0 | category=0 groups=5)
[2026-06-10T00:22:24.492771Z] [notify] [tavern] sent 1/1 (main=1 | quest=0 | category=0 groups=5)
[2026-06-10T00:24:55.574086Z] [notify] [tavern] sent 1/1 (main=1 | quest=0 | category=0 groups=5)
[2026-06-10T00:36:47.146533Z] [notify] [tavern] sent 1/1 (main=1 | quest=0 | category=0 groups=5)
[2026-06-10T00:36:59.581009Z] [notify] [tavern] sent 1/1 (main=1 | quest=0 | category=0 groups=5)
[2026-06-10T00:37:44.558599Z] [notify] [tavern] sent 1/1 (main=1 | quest=0 | category=0 groups=5)
[2026-06-10T00:38:13.121533Z] [notify] [tavern] sent 1/1 (main=1 | quest=0 | category=0 groups=5)
[2026-06-10T00:38:42.189060Z] [notify] [tavern] sent 1/1 (main=1 | quest=0 | category=0 groups=5)
[2026-06-10T00:39:15.374267Z] [notify] [tavern] sent 1/1 (main=1 | quest=0 | category=0 groups=5)
[2026-06-10T00:40:29.998286Z] [notify] [tavern] sent 1/1 (main=1 | quest=0 | category=0 groups=5)
[2026-06-10T00:43:12.036008Z] [notify] [tavern] sent 1/1 (main=1 | quest=0 | category=0 groups=5)
[2026-06-10T00:43:20.624749Z] [notify] [tavern] sent 1/1 (main=1 | quest=0 | category=0 groups=5)
[2026-06-10T00:43:48.224890Z] [notify] [tavern] sent 1/1 (main=1 | quest=0 | category=0 groups=5)
[2026-06-10T00:43:49.966728Z] [notify] [tavern] sent 1/1 (main=1 | quest=0 | category=0 groups=5)
[2026-06-10T00:45:53.540608Z] [notify] [tavern] sent 1/1 (main=1 | quest=0 | category=0 groups=5)
[2026-06-10T00:46:06.443270Z] [notify] [tavern] sent 1/1 (main=1 | quest=0 | category=0 groups=5)
[2026-06-10T00:46:33.881971Z] [notify] [tavern] sent 1/1 (main=1 | quest=0 | category=0 groups=5)
[2026-06-10T00:47:08.704030Z] [notify] [tavern] sent 1/1 (main=1 | quest=0 | category=0 groups=5)
[2026-06-10T00:48:11.375883Z] [notify] [tavern] sent 1/1 (main=1 | quest=0 | category=0 groups=5)
[2026-06-10T00:49:25.612962Z] [notify] [tavern] sent 1/1 (main=1 | quest=0 | category=0 groups=5)
[2026-06-10T00:50:44.026536Z] [notify] [tavern] sent 1/1 (main=1 | quest=0 | category=0 groups=5)
[2026-06-10T00:52:27.907889Z] [notify] [tavern] sent 1/1 (main=1 | quest=0 | category=0 groups=5)
[2026-06-10T00:52:46.217394Z] [notify] [tavern] sent 1/1 (main=1 | quest=0 | category=0 groups=5)
[2026-06-10T00:54:26.969761Z] [notify] [tavern] sent 1/1 (main=1 | quest=0 | category=0 groups=5)
[2026-06-10T00:55:19.677394Z] [notify] [tavern] sent 1/1 (main=1 | quest=0 | category=0 groups=5)
[2026-06-10T00:57:43.702833Z] [notify] [tavern] sent 1/1 (main=1 | quest=0 | category=0 groups=5)
[2026-06-10T00:58:32.011209Z] [notify] [tavern] sent 1/1 (main=1 | quest=0 | category=0 groups=5)
[2026-06-10T00:59:39.366751Z] [notify] [tavern] sent 1/1 (main=1 | quest=0 | category=0 groups=5)
[2026-06-10T00:59:40.452022Z] [notify] [tavern] sent 1/1 (main=1 | quest=0 | category=0 groups=5)
[2026-06-10T01:00:05.640154Z] [notify] [tavern] sent 1/1 (main=1 | quest=0 | category=0 groups=5)
[2026-06-10T01:00:36.051423Z] [notify] [tavern] sent 1/1 (main=1 | quest=0 | category=0 groups=5)
[2026-06-10T01:01:21.540972Z] [notify] [tavern] sent 1/1 (main=1 | quest=0 | category=0 groups=5)
[2026-06-10T01:04:00.773156Z] [notify] [tavern] sent 1/1 (main=1 | quest=0 | category=0 groups=5)
[2026-06-10T01:04:39.171939Z] [notify] [tavern] sent 1/1 (main=1 | quest=0 | category=0 groups=5)
[2026-06-10T01:04:51.927503Z] [notify] [tavern] sent 1/1 (main=1 | quest=0 | category=0 groups=5)
[2026-06-10T01:07:33.226171Z] [notify] [tavern] sent 1/1 (main=1 | quest=0 | category=0 groups=5)
[2026-06-10T01:07:33.406509Z] [notify] [tavern] sent 1/1 (main=1 | quest=0 | category=0 groups=5)
[2026-06-10T01:08:23.328739Z] [notify] [tavern] sent 1/1 (main=1 | quest=0 | category=0 groups=5)
[2026-06-10T01:10:17.029867Z] [notify] [tavern] sent 1/1 (main=1 | quest=0 | category=0 groups=5)
[2026-06-10T01:11:26.088201Z] [notify] [tavern] sent 1/1 (main=1 | quest=0 | category=0 groups=5)
[2026-06-10T01:13:25.284528Z] [notify] [tavern] sent 1/1 (main=1 | quest=0 | category=0 groups=5)
[2026-06-10T01:14:13.549016Z] [notify] [tavern] sent 1/1 (main=1 | quest=0 | category=0 groups=5)
[2026-06-10T01:14:40.455564Z] [notify] [tavern] sent 1/1 (main=1 | quest=0 | category=0 groups=5)
[2026-06-10T01:16:34.646925Z] [notify] [tavern] sent 1/1 (main=1 | quest=0 | category=0 groups=5)
[2026-06-10T01:18:39.817153Z] [notify] [tavern] sent 1/1 (main=1 | quest=0 | category=0 groups=5)
[2026-06-10T01:19:27.824448Z] [notify] [tavern] sent 1/1 (main=1 | quest=0 | category=0 groups=5)
[2026-06-10T01:21:06.302995Z] [notify] [tavern] sent 1/1 (main=1 | quest=0 | category=0 groups=5)
[2026-06-10T01:22:42.210739Z] [notify] [tavern] sent 1/1 (main=1 | quest=0 | category=0 groups=5)
[2026-06-10T01:22:51.568956Z] [notify] [tavern] sent 1/1 (main=1 | quest=0 | category=0 groups=5)
[2026-06-10T01:25:32.504212Z] [notify] [tavern] sent 1/1 (main=1 | quest=0 | category=0 groups=5)
[2026-06-10T01:26:36.511325Z] [notify] [tavern] sent 1/1 (main=1 | quest=0 | category=0 groups=5)
[2026-06-10T01:28:25.524372Z] [notify] [tavern] sent 1/1 (main=1 | quest=0 | category=0 groups=5)
[2026-06-10T01:30:35.157539Z] [notify] [tavern] sent 1/1 (main=1 | quest=0 | category=0 groups=5)
[2026-06-10T01:31:11.821489Z] [notify] [tavern] sent 1/1 (main=1 | quest=0 | category=0 groups=5)
[2026-06-10T01:31:55.239383Z] [notify] [tavern] sent 1/1 (main=1 | quest=0 | category=0 groups=5)
[2026-06-10T01:33:35.395995Z] [notify] [tavern] sent 1/1 (main=1 | quest=0 | category=0 groups=5)
[2026-06-10T01:34:28.441311Z] [notify] [tavern] sent 1/1 (main=1 | quest=0 | category=0 groups=5)
[2026-06-10T01:37:54.352240Z] [notify] [tavern] sent 1/1 (main=1 | quest=0 | category=0 groups=5)
[2026-06-10T01:39:04.886598Z] [notify] [tavern] sent 1/1 (main=1 | quest=0 | category=0 groups=5)
[2026-06-10T01:41:37.893848Z] [notify] [tavern] sent 1/1 (main=1 | quest=0 | category=0 groups=5)
[2026-06-10T01:41:51.945240Z] [notify] [tavern] sent 1/1 (main=1 | quest=0 | category=0 groups=5)
[2026-06-10T01:42:34.545578Z] [notify] [tavern] sent 1/1 (main=1 | quest=0 | category=0 groups=5)
[2026-06-10T01:45:39.718739Z] [notify] [tavern] sent 1/1 (main=1 | quest=0 | category=0 groups=5)
[2026-06-10T01:45:52.204921Z] [notify] [tavern] sent 1/1 (main=1 | quest=0 | category=0 groups=5)
[2026-06-10T01:48:33.595961Z] [notify] [tavern] sent 1/1 (main=1 | quest=0 | category=0 groups=5)
[2026-06-10T01:49:41.862301Z] [notify] [tavern] sent 1/1 (main=1 | quest=0 | category=0 groups=5)
[2026-06-10T01:51:34.587446Z] [notify] [tavern] sent 1/1 (main=1 | quest=0 | category=0 groups=5)
[2026-06-10T01:53:40.424800Z] [notify] [tavern] sent 1/1 (main=1 | quest=0 | category=0 groups=5)
[2026-06-10T01:54:39.201846Z] [notify] [tavern] sent 1/1 (main=1 | quest=0 | category=0 groups=5)
[2026-06-10T01:57:43.267239Z] [notify] [tavern] sent 1/1 (main=1 | quest=0 | category=0 groups=5)
[2026-06-10T01:57:56.232410Z] [notify] [tavern] sent 1/1 (main=1 | quest=0 | category=0 groups=5)
[2026-06-10T02:00:12.042160Z] [notify] [tavern] sent 2/2 (main=2 | quest=0 | category=0 groups=5)
[2026-06-10T02:00:12.181689Z] [notify] [tavern] sent 2/2 (main=2 | quest=0 | category=0 groups=5)
[2026-06-10T02:00:43.913791Z] [notify] [tavern] sent 1/1 (main=1 | quest=0 | category=0 groups=5)
[2026-06-10T02:01:23.946074Z] [notify] [tavern] sent 1/1 (main=1 | quest=0 | category=0 groups=5)
[2026-06-10T02:03:42.988920Z] [notify] [tavern] sent 1/1 (main=1 | quest=0 | category=0 groups=5)
[2026-06-10T02:04:36.634055Z] [notify] [tavern] sent 1/1 (main=1 | quest=0 | category=0 groups=5)
[2026-06-10T02:06:36.194570Z] [notify] [tavern] sent 1/1 (main=1 | quest=0 | category=0 groups=5)
[2026-06-10T02:06:53.617211Z] [notify] [tavern] sent 1/1 (main=1 | quest=0 | category=0 groups=5)
[2026-06-10T02:08:38.981258Z] [notify] [tavern] sent 1/1 (main=1 | quest=0 | category=0 groups=5)
[2026-06-10T02:09:36.761878Z] [notify] [tavern] sent 1/1 (main=1 | quest=0 | category=0 groups=5)
[2026-06-10T02:12:36.630293Z] [notify] [tavern] sent 1/1 (main=1 | quest=0 | category=0 groups=5)
[2026-06-10T02:12:49.730687Z] [notify] [tavern] sent 1/1 (main=1 | quest=0 | category=0 groups=5)
[2026-06-10T02:14:03.168478Z] [notify] [tavern] sent 1/1 (main=1 | quest=0 | category=0 groups=5)
[2026-06-10T02:15:33.760497Z] [notify] [tavern] sent 1/1 (main=1 | quest=0 | category=0 groups=5)
[2026-06-10T02:15:34.801103Z] [notify] [tavern] sent 1/1 (main=1 | quest=0 | category=0 groups=5)
[2026-06-10T02:16:31.995640Z] [notify] [tavern] sent 1/1 (main=1 | quest=0 | category=0 groups=5)
[2026-06-10T02:18:20.736239Z] [notify] [tavern] sent 1/1 (main=1 | quest=0 | category=0 groups=5)
[2026-06-10T02:20:34.893515Z] [notify] [tavern] sent 1/1 (main=1 | quest=0 | category=0 groups=5)
[2026-06-10T02:22:18.198741Z] [notify] [tavern] sent 1/1 (main=1 | quest=0 | category=0 groups=5)
[2026-06-10T02:24:23.288769Z] [notify] [tavern] sent 1/1 (main=1 | quest=0 | category=0 groups=5)
[2026-06-10T02:27:32.994542Z] [notify] [tavern] sent 1/1 (main=1 | quest=0 | category=0 groups=5)
[2026-06-10T02:27:51.406897Z] [notify] [tavern] sent 1/1 (main=1 | quest=0 | category=0 groups=5)
[2026-06-10T02:28:04.393845Z] [notify] [tavern] sent 1/1 (main=1 | quest=0 | category=0 groups=5)
[2026-06-10T02:30:44.355308Z] [notify] [tavern] sent 1/1 (main=1 | quest=0 | category=0 groups=5)
[2026-06-10T02:31:33.822196Z] [notify] [tavern] sent 1/1 (main=1 | quest=0 | category=0 groups=5)
[2026-06-10T02:34:34.520531Z] [notify] [tavern] sent 1/1 (main=1 | quest=0 | category=0 groups=5)
[2026-06-10T02:34:35.524305Z] [notify] [tavern] sent 1/1 (main=1 | quest=0 | category=0 groups=5)
[2026-06-10T02:35:39.056034Z] [notify] [tavern] sent 1/1 (main=1 | quest=0 | category=0 groups=5)
[2026-06-10T02:37:30.984002Z] [notify] [tavern] sent 1/1 (main=1 | quest=0 | category=0 groups=5)
[2026-06-10T02:39:47.564876Z] [notify] [tavern] sent 1/1 (main=1 | quest=0 | category=0 groups=5)
[2026-06-10T02:40:35.327344Z] [notify] [tavern] sent 1/1 (main=1 | quest=0 | category=0 groups=5)
[2026-06-10T02:40:54.837557Z] [notify] [tavern] sent 1/1 (main=1 | quest=0 | category=0 groups=5)
[2026-06-10T02:43:30.282462Z] [notify] [tavern] sent 1/1 (main=1 | quest=0 | category=0 groups=5)
[2026-06-10T02:43:39.118563Z] [notify] [tavern] sent 1/1 (main=1 | quest=0 | category=0 groups=5)
[2026-06-10T02:46:19.734225Z] [notify] [tavern] sent 1/1 (main=1 | quest=0 | category=0 groups=5)
[2026-06-10T02:47:32.327281Z] [notify] [tavern] sent 1/1 (main=1 | quest=0 | category=0 groups=5)
[2026-06-10T02:49:20.754945Z] [notify] [tavern] sent 1/1 (main=1 | quest=0 | category=0 groups=5)
[2026-06-10T02:51:37.121702Z] [notify] [tavern] sent 1/1 (main=1 | quest=0 | category=0 groups=5)
[2026-06-10T02:52:25.157568Z] [notify] [tavern] sent 1/1 (main=1 | quest=0 | category=0 groups=5)
[2026-06-10T02:55:36.084936Z] [notify] [tavern] sent 1/1 (main=1 | quest=0 | category=0 groups=5)
[2026-06-10T02:55:59.658086Z] [notify] [tavern] sent 1/1 (main=1 | quest=0 | category=0 groups=5)
[2026-06-10T02:58:29.352937Z] [notify] [tavern] sent 1/1 (main=1 | quest=0 | category=0 groups=5)
[2026-06-10T02:59:38.338570Z] [notify] [tavern] sent 1/1 (main=1 | quest=0 | category=0 groups=5)
[2026-06-10T03:00:07.599960Z] [notify] [tavern] sent 1/1 (main=1 | quest=0 | category=0 groups=5)
[2026-06-10T03:00:07.883304Z] [notify] [tavern] sent 1/1 (main=1 | quest=0 | category=0 groups=5)
[2026-06-10T03:01:07.689568Z] [notify] [tavern] sent 1/1 (main=1 | quest=0 | category=0 groups=5)
[2026-06-10T03:03:29.331860Z] [notify] [tavern] sent 1/1 (main=1 | quest=0 | category=0 groups=5)
[2026-06-10T03:03:58.288153Z] [notify] [tavern] sent 1/1 (main=1 | quest=0 | category=0 groups=5)
[2026-06-10T03:04:40.275025Z] [notify] [tavern] sent 1/1 (main=1 | quest=0 | category=0 groups=5)
[2026-06-10T03:07:55.108227Z] [notify] [tavern] sent 1/1 (main=1 | quest=0 | category=0 groups=5)
[2026-06-10T03:08:03.717146Z] [notify] [tavern] sent 1/1 (main=1 | quest=0 | category=0 groups=5)
[2026-06-10T03:11:34.776880Z] [notify] [tavern] sent 1/1 (main=1 | quest=0 | category=0 groups=5)
[2026-06-10T03:11:49.135274Z] [notify] [tavern] sent 1/1 (main=1 | quest=0 | category=0 groups=5)
[2026-06-10T03:14:40.864731Z] [notify] [tavern] sent 1/1 (main=1 | quest=0 | category=0 groups=5)
[2026-06-10T03:15:55.453866Z] [notify] [tavern] sent 1/1 (main=1 | quest=0 | category=0 groups=5)
[2026-06-10T03:18:38.354058Z] [notify] [tavern] sent 1/1 (main=1 | quest=0 | category=0 groups=5)
[2026-06-10T03:20:18.394785Z] [notify] [tavern] sent 1/1 (main=1 | quest=0 | category=0 groups=5)
[2026-06-10T03:20:51.976175Z] [notify] [tavern] sent 1/1 (main=1 | quest=0 | category=0 groups=5)
[2026-06-10T03:21:03.047265Z] [notify] [tavern] sent 1/1 (main=1 | quest=0 | category=0 groups=5)
[2026-06-10T03:21:18.265140Z] [notify] [tavern] sent 1/1 (main=1 | quest=0 | category=0 groups=5)
[2026-06-10T03:22:51.066337Z] [notify] [tavern] sent 1/1 (main=1 | quest=0 | category=0 groups=5)
[2026-06-10T03:26:43.181260Z] [notify] [tavern] sent 1/1 (main=1 | quest=0 | category=0 groups=5)
[2026-06-10T03:27:37.641052Z] [notify] [tavern] sent 1/1 (main=1 | quest=0 | category=0 groups=5)
[2026-06-10T03:30:32.993823Z] [notify] [tavern] sent 1/1 (main=1 | quest=0 | category=0 groups=5)
[2026-06-10T03:35:22.884950Z] [notify] [tavern] sent 1/1 (main=1 | quest=0 | category=0 groups=5)
[2026-06-10T03:36:43.230283Z] [notify] [tavern] sent 1/1 (main=1 | quest=0 | category=0 groups=5)
[2026-06-10T03:38:04.467989Z] [notify] [tavern] sent 1/1 (main=1 | quest=0 | category=0 groups=5)
[2026-06-10T03:41:46.688851Z] [notify] [tavern] sent 1/1 (main=1 | quest=0 | category=0 groups=5)
[2026-06-10T03:41:55.297044Z] [notify] [tavern] sent 1/1 (main=1 | quest=0 | category=0 groups=5)
[2026-06-10T03:43:30.649549Z] [notify] [tavern] sent 1/1 (main=1 | quest=0 | category=0 groups=5)
[2026-06-10T03:45:42.450606Z] [notify] [tavern] sent 1/1 (main=1 | quest=0 | category=0 groups=5)
[2026-06-10T03:48:55.448518Z] [notify] [tavern] sent 1/1 (main=1 | quest=0 | category=0 groups=5)
[2026-06-10T03:49:19.544880Z] [notify] [tavern] sent 1/1 (main=1 | quest=0 | category=0 groups=5)
[2026-06-10T03:50:24.905331Z] [notify] [tavern] sent 1/1 (main=1 | quest=0 | category=0 groups=5)
[2026-06-10T03:51:47.526218Z] [notify] [tavern] sent 1/1 (main=1 | quest=0 | category=0 groups=5)
[2026-06-10T03:52:25.510089Z] [notify] [tavern] sent 1/1 (main=1 | quest=0 | category=0 groups=5)
[2026-06-10T03:52:27.669045Z] [notify] [tavern] sent 1/1 (main=1 | quest=0 | category=0 groups=5)
[2026-06-10T03:53:29.330734Z] [notify] [tavern] sent 1/1 (main=1 | quest=0 | category=0 groups=5)
[2026-06-10T03:57:51.798695Z] [notify] [tavern] sent 1/1 (main=1 | quest=0 | category=0 groups=5)
[2026-06-10T03:58:27.144602Z] [notify] [tavern] sent 1/1 (main=1 | quest=0 | category=0 groups=5)
[2026-06-10T04:00:08.057232Z] [notify] [tavern] sent 1/1 (main=1 | quest=0 | category=0 groups=5)
[2026-06-10T04:00:17.761909Z] [notify] [tavern] sent 1/1 (main=1 | quest=0 | category=0 groups=5)
[2026-06-10T04:05:02.152175Z] [notify] [tavern] sent 1/1 (main=1 | quest=0 | category=0 groups=5)
[2026-06-10T04:06:51.812725Z] [notify] [tavern] sent 1/1 (main=1 | quest=0 | category=0 groups=5)
[2026-06-10T04:12:14.531182Z] [notify] [tavern] sent 1/1 (main=1 | quest=0 | category=0 groups=5)
[2026-06-10T04:16:10.054856Z] [notify] [tavern] sent 1/1 (main=1 | quest=0 | category=0 groups=5)
[2026-06-10T04:18:00.924687Z] [notify] [tavern] sent 1/1 (main=1 | quest=0 | category=0 groups=5)
[2026-06-10T04:23:54.339402Z] [notify] [tavern] sent 1/1 (main=1 | quest=0 | category=0 groups=5)
[2026-06-10T04:25:55.371029Z] [notify] [tavern] sent 1/1 (main=1 | quest=0 | category=0 groups=5)
[2026-06-10T04:28:50.847175Z] [notify] [tavern] sent 1/1 (main=1 | quest=0 | category=0 groups=5)
[2026-06-10T04:35:44.865023Z] [notify] [tavern] sent 1/1 (main=1 | quest=0 | category=0 groups=5)
[2026-06-10T04:47:46.639576Z] [notify] [tavern] sent 1/1 (main=1 | quest=0 | category=0 groups=5)
[2026-06-10T05:00:08.655764Z] [notify] [tavern] sent 1/1 (main=1 | quest=0 | category=0 groups=5)
[2026-06-10T05:00:30.454281Z] [notify] [tavern] sent 1/1 (main=1 | quest=0 | category=0 groups=5)
[2026-06-10T05:31:47.375094Z] [notify] [tavern] sent 1/1 (main=1 | quest=0 | category=0 groups=5)
[2026-06-10T05:32:50.316256Z] [notify] [tavern] sent 1/1 (main=1 | quest=0 | category=0 groups=5)
[2026-06-10T05:33:12.202627Z] [notify] [tavern] sent 1/1 (main=1 | quest=0 | category=0 groups=5)
[2026-06-10T05:33:44.511645Z] [notify] [tavern] sent 1/1 (main=1 | quest=0 | category=0 groups=5)
[2026-06-10T05:34:16.024471Z] [notify] [tavern] sent 1/1 (main=1 | quest=0 | category=0 groups=5)
[2026-06-10T05:35:09.137475Z] [notify] [tavern] sent 1/1 (main=1 | quest=0 | category=0 groups=5)
[2026-06-10T06:00:10.897486Z] [notify] [tavern] sent 1/1 (main=1 | quest=0 | category=0 groups=5)
[2026-06-10T06:05:20.271169Z] [notify] [tavern] sent 1/1 (main=1 | quest=0 | category=0 groups=5)
[2026-06-10T06:06:17.772722Z] [notify] [tavern] sent 1/1 (main=1 | quest=0 | category=0 groups=5)
[2026-06-10T06:06:34.905198Z] [notify] [tavern] sent 1/1 (main=1 | quest=0 | category=0 groups=5)
[2026-06-10T06:07:04.200326Z] [notify] [tavern] sent 1/1 (main=1 | quest=0 | category=0 groups=5)
[2026-06-10T06:07:47.053543Z] [notify] [tavern] sent 1/1 (main=1 | quest=0 | category=0 groups=5)
[2026-06-10T06:08:01.189151Z] [notify] [tavern] sent 1/1 (main=1 | quest=0 | category=0 groups=5)
[2026-06-10T06:11:17.905320Z] [notify] [tavern] sent 1/1 (main=1 | quest=0 | category=0 groups=5)
[2026-06-10T06:11:41.934287Z] [notify] [tavern] sent 1/1 (main=1 | quest=0 | category=0 groups=5)
[2026-06-10T06:14:38.406310Z] [notify] [tavern] sent 1/1 (main=1 | quest=0 | category=0 groups=5)
[2026-06-10T06:15:48.126214Z] [notify] [tavern] sent 1/1 (main=1 | quest=0 | category=0 groups=5)
[2026-06-10T06:18:24.124188Z] [notify] [tavern] sent 1/1 (main=1 | quest=0 | category=0 groups=5)
[2026-06-10T06:19:27.778166Z] [notify] [tavern] sent 1/1 (main=1 | quest=0 | category=0 groups=5)
[2026-06-10T06:21:18.188752Z] [notify] [tavern] sent 1/1 (main=1 | quest=0 | category=0 groups=5)
[2026-06-10T06:22:17.087050Z] [notify] [tavern] sent 1/1 (main=1 | quest=0 | category=0 groups=5)
[2026-06-10T06:24:27.161827Z] [notify] [tavern] sent 1/1 (main=1 | quest=0 | category=0 groups=5)
[2026-06-10T06:25:10.660540Z] [notify] [tavern] sent 1/1 (main=1 | quest=0 | category=0 groups=5)
[2026-06-10T06:27:11.348739Z] [notify] [tavern] sent 1/1 (main=1 | quest=0 | category=0 groups=5)
[2026-06-10T06:28:09.607601Z] [notify] [tavern] sent 1/1 (main=1 | quest=0 | category=0 groups=5)
[2026-06-10T06:30:15.062255Z] [notify] [tavern] sent 1/1 (main=1 | quest=0 | category=0 groups=5)
[2026-06-10T06:30:34.123458Z] [notify] [tavern] sent 1/1 (main=1 | quest=0 | category=0 groups=5)
[2026-06-10T06:30:34.567224Z] [notify] [tavern] sent 1/1 (main=1 | quest=0 | category=0 groups=5)
[2026-06-10T06:33:29.242894Z] [notify] [tavern] sent 1/1 (main=1 | quest=0 | category=0 groups=5)
[2026-06-10T06:33:42.377020Z] [notify] [tavern] sent 1/1 (main=1 | quest=0 | category=0 groups=5)
[2026-06-10T06:36:28.632957Z] [notify] [tavern] sent 1/1 (main=1 | quest=0 | category=0 groups=5)
[2026-06-10T06:36:42.265638Z] [notify] [tavern] sent 1/1 (main=1 | quest=0 | category=0 groups=5)
[2026-06-10T06:39:39.240398Z] [notify] [tavern] sent 1/1 (main=1 | quest=0 | category=0 groups=5)
[2026-06-10T06:40:08.474258Z] [notify] [tavern] sent 1/1 (main=1 | quest=0 | category=0 groups=5)
[2026-06-10T06:40:29.553807Z] [notify] [tavern] sent 1/1 (main=1 | quest=0 | category=0 groups=5)
[2026-06-10T06:42:35.271506Z] [notify] [tavern] sent 1/1 (main=1 | quest=0 | category=0 groups=5)
[2026-06-10T06:43:09.535794Z] [notify] [tavern] sent 1/1 (main=1 | quest=0 | category=0 groups=5)
[2026-06-10T06:45:13.542909Z] [notify] [tavern] sent 1/1 (main=1 | quest=0 | category=0 groups=5)
[2026-06-10T06:48:00.227338Z] [notify] [tavern] sent 1/1 (main=1 | quest=0 | category=0 groups=5)
[2026-06-10T06:48:38.898973Z] [notify] [tavern] sent 1/1 (main=1 | quest=0 | category=0 groups=5)
[2026-06-10T06:51:24.606615Z] [notify] [tavern] sent 1/1 (main=1 | quest=0 | category=0 groups=5)
[2026-06-10T06:51:37.813322Z] [notify] [tavern] sent 1/1 (main=1 | quest=0 | category=0 groups=5)
[2026-06-10T06:54:24.344919Z] [notify] [tavern] sent 1/1 (main=1 | quest=0 | category=0 groups=5)
[2026-06-10T06:54:36.803389Z] [notify] [tavern] sent 1/1 (main=1 | quest=0 | category=0 groups=5)
[2026-06-10T06:57:22.822616Z] [notify] [tavern] sent 1/1 (main=1 | quest=0 | category=0 groups=5)
[2026-06-10T06:57:36.432734Z] [notify] [tavern] sent 1/1 (main=1 | quest=0 | category=0 groups=5)
[2026-06-10T07:00:07.796923Z] [notify] [tavern] sent 1/1 (main=1 | quest=0 | category=0 groups=5)
[2026-06-10T07:00:14.641303Z] [notify] [tavern] sent 1/1 (main=1 | quest=0 | category=0 groups=5)
[2026-06-10T07:00:28.801355Z] [notify] [tavern] sent 1/1 (main=1 | quest=0 | category=0 groups=5)
[2026-06-10T07:03:19.170286Z] [notify] [tavern] sent 1/1 (main=1 | quest=0 | category=0 groups=5)
[2026-06-10T07:03:34.684569Z] [notify] [tavern] sent 1/1 (main=1 | quest=0 | category=0 groups=5)
[2026-06-10T07:06:13.440143Z] [notify] [tavern] sent 1/1 (main=1 | quest=0 | category=0 groups=5)
[2026-06-10T07:06:26.719770Z] [notify] [tavern] sent 1/1 (main=1 | quest=0 | category=0 groups=5)
[2026-06-10T07:09:21.319827Z] [notify] [tavern] sent 1/1 (main=1 | quest=0 | category=0 groups=5)
[2026-06-10T07:09:34.088767Z] [notify] [tavern] sent 1/1 (main=1 | quest=0 | category=0 groups=5)
[2026-06-10T07:12:19.304851Z] [notify] [tavern] sent 1/1 (main=1 | quest=0 | category=0 groups=5)
[2026-06-10T07:12:42.088616Z] [notify] [tavern] sent 1/1 (main=1 | quest=0 | category=0 groups=5)
[2026-06-10T07:12:43.085106Z] [notify] [tavern] sent 1/1 (main=1 | quest=0 | category=0 groups=5)
[2026-06-10T07:15:22.627802Z] [notify] [tavern] sent 1/1 (main=1 | quest=0 | category=0 groups=5)
[2026-06-10T07:16:22.422582Z] [notify] [tavern] sent 1/1 (main=1 | quest=0 | category=0 groups=5)
[2026-06-10T07:18:17.713830Z] [notify] [tavern] sent 1/1 (main=1 | quest=0 | category=0 groups=5)
[2026-06-10T07:19:23.659776Z] [notify] [tavern] sent 1/1 (main=1 | quest=0 | category=0 groups=5)
[2026-06-10T07:21:36.281971Z] [notify] [tavern] sent 1/1 (main=1 | quest=0 | category=0 groups=5)
[2026-06-10T07:22:25.234034Z] [notify] [tavern] sent 1/1 (main=1 | quest=0 | category=0 groups=5)
[2026-06-10T07:25:20.014799Z] [notify] [tavern] sent 1/1 (main=1 | quest=0 | category=0 groups=5)
[2026-06-10T07:25:32.867656Z] [notify] [tavern] sent 1/1 (main=1 | quest=0 | category=0 groups=5)
[2026-06-10T07:28:28.713358Z] [notify] [tavern] sent 1/1 (main=1 | quest=0 | category=0 groups=5)
[2026-06-10T07:28:41.949166Z] [notify] [tavern] sent 1/1 (main=1 | quest=0 | category=0 groups=5)
[2026-06-10T07:31:29.078399Z] [notify] [tavern] sent 1/1 (main=1 | quest=0 | category=0 groups=5)
[2026-06-10T07:32:23.250782Z] [notify] [tavern] sent 1/1 (main=1 | quest=0 | category=0 groups=5)
[2026-06-10T07:35:33.233895Z] [notify] [tavern] sent 1/1 (main=1 | quest=0 | category=0 groups=5)
[2026-06-10T07:35:46.825416Z] [notify] [tavern] sent 1/1 (main=1 | quest=0 | category=0 groups=5)
[2026-06-10T07:39:27.960436Z] [notify] [tavern] sent 1/1 (main=1 | quest=0 | category=0 groups=5)
[2026-06-10T07:39:45.971632Z] [notify] [tavern] sent 1/1 (main=1 | quest=0 | category=0 groups=5)
[2026-06-10T07:42:26.205894Z] [notify] [tavern] sent 1/1 (main=1 | quest=0 | category=0 groups=5)
[2026-06-10T07:43:25.583980Z] [notify] [tavern] sent 1/1 (main=1 | quest=0 | category=0 groups=5)
[2026-06-10T07:45:24.878927Z] [notify] [tavern] sent 1/1 (main=1 | quest=0 | category=0 groups=5)
[2026-06-10T07:47:25.947404Z] [notify] [tavern] sent 1/1 (main=1 | quest=0 | category=0 groups=5)
[2026-06-10T07:48:14.650464Z] [notify] [tavern] sent 1/1 (main=1 | quest=0 | category=0 groups=5)
[2026-06-10T07:51:15.901215Z] [notify] [tavern] sent 1/1 (main=1 | quest=0 | category=0 groups=5)
[2026-06-10T07:51:29.745373Z] [notify] [tavern] sent 1/1 (main=1 | quest=0 | category=0 groups=5)
[2026-06-10T07:54:19.444337Z] [notify] [tavern] sent 1/1 (main=1 | quest=0 | category=0 groups=5)
[2026-06-10T07:55:28.346892Z] [notify] [tavern] sent 1/1 (main=1 | quest=0 | category=0 groups=5)
[2026-06-10T07:58:44.094674Z] [notify] [tavern] sent 1/1 (main=1 | quest=0 | category=0 groups=5)
[2026-06-10T07:59:35.125367Z] [notify] [tavern] sent 1/1 (main=1 | quest=0 | category=0 groups=5)
[2026-06-10T08:00:10.112611Z] [notify] [tavern] sent 1/1 (main=1 | quest=0 | category=0 groups=5)
[2026-06-10T08:03:27.155313Z] [notify] [tavern] sent 1/1 (main=1 | quest=0 | category=0 groups=5)
[2026-06-10T08:03:41.204044Z] [notify] [tavern] sent 1/1 (main=1 | quest=0 | category=0 groups=5)
[2026-06-10T08:07:41.478372Z] [notify] [tavern] sent 1/1 (main=1 | quest=0 | category=0 groups=5)
[2026-06-10T08:07:54.550781Z] [notify] [tavern] sent 1/1 (main=1 | quest=0 | category=0 groups=5)
[2026-06-10T08:11:33.745876Z] [notify] [tavern] sent 1/1 (main=1 | quest=0 | category=0 groups=5)
[2026-06-10T08:11:48.755900Z] [notify] [tavern] sent 1/1 (main=1 | quest=0 | category=0 groups=5)
[2026-06-10T08:15:26.950529Z] [notify] [tavern] sent 1/1 (main=1 | quest=0 | category=0 groups=5)
[2026-06-10T08:15:40.338324Z] [notify] [tavern] sent 1/1 (main=1 | quest=0 | category=0 groups=5)
[2026-06-10T08:18:15.810750Z] [notify] [tavern] sent 1/1 (main=1 | quest=0 | category=0 groups=5)
[2026-06-10T08:20:15.604026Z] [notify] [tavern] sent 1/1 (main=1 | quest=0 | category=0 groups=5)
[2026-06-10T08:21:23.521702Z] [notify] [tavern] sent 1/1 (main=1 | quest=0 | category=0 groups=5)
[2026-06-10T08:23:59.302139Z] [notify] [tavern] sent 1/1 (main=1 | quest=0 | category=0 groups=5)
[2026-06-10T08:24:27.847473Z] [notify] [tavern] sent 1/1 (main=1 | quest=0 | category=0 groups=5)
[2026-06-10T08:27:43.903511Z] [notify] [tavern] sent 1/1 (main=1 | quest=0 | category=0 groups=5)
[2026-06-10T08:28:33.624797Z] [notify] [tavern] sent 1/1 (main=1 | quest=0 | category=0 groups=5)
[2026-06-10T08:30:52.785268Z] [notify] [tavern] sent 1/1 (main=1 | quest=0 | category=0 groups=5)
[2026-06-10T08:32:16.304843Z] [notify] [tavern] sent 1/1 (main=1 | quest=0 | category=0 groups=5)
[2026-06-10T08:34:20.855152Z] [notify] [tavern] sent 1/1 (main=1 | quest=0 | category=0 groups=5)
[2026-06-10T08:36:36.885914Z] [notify] [tavern] sent 1/1 (main=1 | quest=0 | category=0 groups=5)
[2026-06-10T08:37:31.261968Z] [notify] [tavern] sent 1/1 (main=1 | quest=0 | category=0 groups=5)
[2026-06-10T08:40:40.933309Z] [notify] [tavern] sent 1/1 (main=1 | quest=0 | category=0 groups=5)
[2026-06-10T08:40:54.287866Z] [notify] [tavern] sent 1/1 (main=1 | quest=0 | category=0 groups=5)
[2026-06-10T08:44:25.435917Z] [notify] [tavern] sent 1/1 (main=1 | quest=0 | category=0 groups=5)
[2026-06-10T08:44:38.396081Z] [notify] [tavern] sent 1/1 (main=1 | quest=0 | category=0 groups=5)
[2026-06-10T08:47:45.588640Z] [notify] [tavern] sent 1/1 (main=1 | quest=0 | category=0 groups=5)
[2026-06-10T08:48:44.139089Z] [notify] [tavern] sent 1/1 (main=1 | quest=0 | category=0 groups=5)
[2026-06-10T08:51:24.052122Z] [notify] [tavern] sent 1/1 (main=1 | quest=0 | category=0 groups=5)
[2026-06-10T08:52:20.536889Z] [notify] [tavern] sent 1/1 (main=1 | quest=0 | category=0 groups=5)
[2026-06-10T08:55:28.396663Z] [notify] [tavern] sent 1/1 (main=1 | quest=0 | category=0 groups=5)
[2026-06-10T08:57:22.522629Z] [notify] [tavern] sent 1/1 (main=1 | quest=0 | category=0 groups=5)
[2026-06-10T08:58:36.424134Z] [notify] [tavern] sent 1/1 (main=1 | quest=0 | category=0 groups=5)
[2026-06-10T09:00:06.181802Z] [notify] [tavern] sent 1/1 (main=1 | quest=0 | category=0 groups=5)
[2026-06-10T09:02:34.122070Z] [notify] [tavern] sent 1/1 (main=1 | quest=0 | category=0 groups=5)
[2026-06-10T09:03:33.818671Z] [notify] [tavern] sent 1/1 (main=1 | quest=0 | category=0 groups=5)
[2026-06-10T09:06:28.031744Z] [notify] [tavern] sent 1/1 (main=1 | quest=0 | category=0 groups=5)
[2026-06-10T09:09:37.674458Z] [notify] [tavern] sent 1/1 (main=1 | quest=0 | category=0 groups=5)
[2026-06-10T09:09:50.823142Z] [notify] [tavern] sent 1/1 (main=1 | quest=0 | category=0 groups=5)
[2026-06-10T09:15:27.273033Z] [notify] [tavern] sent 1/1 (main=1 | quest=0 | category=0 groups=5)
[2026-06-10T09:26:36.683847Z] [notify] [tavern] sent 1/1 (main=1 | quest=0 | category=0 groups=5)
[2026-06-10T09:27:00.724481Z] [notify] [tavern] sent 1/1 (main=1 | quest=0 | category=0 groups=5)
[2026-06-10T09:27:38.372509Z] [notify] [tavern] sent 1/1 (main=1 | quest=0 | category=0 groups=5)
[2026-06-10T09:28:14.422962Z] [notify] [tavern] sent 1/1 (main=1 | quest=0 | category=0 groups=5)
[2026-06-10T09:31:26.278728Z] [notify] [tavern] sent 1/1 (main=1 | quest=0 | category=0 groups=5)
[2026-06-10T09:31:42.246051Z] [notify] [tavern] sent 1/1 (main=1 | quest=0 | category=0 groups=5)
[2026-06-10T09:33:49.177865Z] [notify] [tavern] sent 1/1 (main=1 | quest=0 | category=0 groups=5)
[2026-06-10T09:36:12.189968Z] [notify] [tavern] sent 1/1 (main=1 | quest=0 | category=0 groups=5)
[2026-06-10T09:37:50.142740Z] [notify] [tavern] sent 1/1 (main=1 | quest=0 | category=0 groups=5)
[2026-06-10T09:41:42.131496Z] [notify] [tavern] sent 1/1 (main=1 | quest=0 | category=0 groups=5)
[2026-06-10T09:43:13.702388Z] [notify] [tavern] sent 1/1 (main=1 | quest=0 | category=0 groups=5)
[2026-06-10T09:46:58.600258Z] [notify] [tavern] sent 1/1 (main=1 | quest=0 | category=0 groups=5)
[2026-06-10T09:49:24.436154Z] [notify] [tavern] sent 1/1 (main=1 | quest=0 | category=0 groups=5)
[2026-06-10T09:54:52.324585Z] [notify] [tavern] sent 1/1 (main=1 | quest=0 | category=0 groups=5)
[2026-06-10T09:58:42.874939Z] [notify] [tavern] sent 1/1 (main=1 | quest=0 | category=0 groups=5)
[2026-06-10T10:00:07.691720Z] [notify] [tavern] sent 1/1 (main=1 | quest=0 | category=0 groups=5)
[2026-06-10T10:07:09.393190Z] [notify] [tavern] sent 1/1 (main=1 | quest=0 | category=0 groups=5)
[2026-06-10T10:08:29.327255Z] [notify] [tavern] sent 1/1 (main=1 | quest=0 | category=0 groups=5)
[2026-06-10T10:08:41.562666Z] [notify] [tavern] sent 1/1 (main=1 | quest=0 | category=0 groups=5)
[2026-06-10T10:09:21.093452Z] [notify] [tavern] sent 1/1 (main=1 | quest=0 | category=0 groups=5)
[2026-06-10T10:09:40.698961Z] [notify] [tavern] sent 1/1 (main=1 | quest=0 | category=0 groups=5)
[2026-06-10T10:14:31.842868Z] [notify] [tavern] sent 1/1 (main=1 | quest=0 | category=0 groups=5)
[2026-06-10T10:15:22.896609Z] [notify] [tavern] sent 1/1 (main=1 | quest=0 | category=0 groups=5)
[2026-06-10T10:15:43.840985Z] [notify] [tavern] sent 1/1 (main=1 | quest=0 | category=0 groups=5)
[2026-06-10T10:17:46.458331Z] [notify] [tavern] sent 1/1 (main=1 | quest=0 | category=0 groups=5)
[2026-06-10T10:17:54.074669Z] [notify] [tavern] sent 1/1 (main=1 | quest=0 | category=0 groups=5)
[2026-06-10T10:18:16.057170Z] [notify] [tavern] sent 1/1 (main=1 | quest=0 | category=0 groups=5)
[2026-06-10T10:19:08.331537Z] [notify] [tavern] sent 1/1 (main=1 | quest=0 | category=0 groups=5)
[2026-06-10T10:19:31.489766Z] [notify] [tavern] sent 1/1 (main=1 | quest=0 | category=0 groups=5)
[2026-06-10T10:21:56.037698Z] [notify] [tavern] sent 1/1 (main=1 | quest=0 | category=0 groups=5)
[2026-06-10T10:22:07.779021Z] [notify] [tavern] sent 1/1 (main=1 | quest=0 | category=0 groups=5)
[2026-06-10T10:24:56.725153Z] [notify] [tavern] sent 1/1 (main=1 | quest=0 | category=0 groups=5)
[2026-06-10T10:25:07.611235Z] [notify] [tavern] sent 1/1 (main=1 | quest=0 | category=0 groups=5)
[2026-06-10T10:25:09.050375Z] [notify] [tavern] sent 1/1 (main=1 | quest=0 | category=0 groups=5)
[2026-06-10T10:27:57.158415Z] [notify] [tavern] sent 1/1 (main=1 | quest=0 | category=0 groups=5)
[2026-06-10T10:28:09.698750Z] [notify] [tavern] sent 1/1 (main=1 | quest=0 | category=0 groups=5)
[2026-06-10T10:30:33.694219Z] [notify] [tavern] sent 1/1 (main=1 | quest=0 | category=0 groups=5)
[2026-06-10T10:30:47.032284Z] [notify] [tavern] sent 1/1 (main=1 | quest=0 | category=0 groups=5)
[2026-06-10T10:33:06.179643Z] [notify] [tavern] sent 1/1 (main=1 | quest=0 | category=0 groups=5)
[2026-06-10T10:33:18.360374Z] [notify] [tavern] sent 1/1 (main=1 | quest=0 | category=0 groups=5)
[2026-06-10T10:36:17.861209Z] [notify] [tavern] sent 1/1 (main=1 | quest=0 | category=0 groups=5)
[2026-06-10T10:36:28.739570Z] [notify] [tavern] sent 1/1 (main=1 | quest=0 | category=0 groups=5)
[2026-06-10T10:36:30.287360Z] [notify] [tavern] sent 1/1 (main=1 | quest=0 | category=0 groups=5)
[2026-06-10T10:39:08.892742Z] [notify] [tavern] sent 1/1 (main=1 | quest=0 | category=0 groups=5)
[2026-06-10T10:39:20.838869Z] [notify] [tavern] sent 1/1 (main=1 | quest=0 | category=0 groups=5)
[2026-06-10T10:39:20.909373Z] [notify] [tavern] sent 1/1 (main=1 | quest=0 | category=0 groups=5)
[2026-06-10T10:42:09.994871Z] [notify] [tavern] sent 1/1 (main=1 | quest=0 | category=0 groups=5)
[2026-06-10T10:42:22.269793Z] [notify] [tavern] sent 1/1 (main=1 | quest=0 | category=0 groups=5)
[2026-06-10T10:45:05.940114Z] [notify] [tavern] sent 1/1 (main=1 | quest=0 | category=0 groups=5)
[2026-06-10T10:45:17.831356Z] [notify] [tavern] sent 1/1 (main=1 | quest=0 | category=0 groups=5)
[2026-06-10T10:48:07.836358Z] [notify] [tavern] sent 1/1 (main=1 | quest=0 | category=0 groups=5)
[2026-06-10T10:48:20.149804Z] [notify] [tavern] sent 1/1 (main=1 | quest=0 | category=0 groups=5)
[2026-06-10T10:48:22.109534Z] [notify] [tavern] sent 1/1 (main=1 | quest=0 | category=0 groups=5)
[2026-06-10T10:51:09.086815Z] [notify] [tavern] sent 1/1 (main=1 | quest=0 | category=0 groups=5)
[2026-06-10T10:51:22.918873Z] [notify] [tavern] sent 1/1 (main=1 | quest=0 | category=0 groups=5)
[2026-06-10T10:54:10.666180Z] [notify] [tavern] sent 1/1 (main=1 | quest=0 | category=0 groups=5)
[2026-06-10T10:54:22.832656Z] [notify] [tavern] sent 1/1 (main=1 | quest=0 | category=0 groups=5)
[2026-06-10T10:57:11.205920Z] [notify] [tavern] sent 1/1 (main=1 | quest=0 | category=0 groups=5)
[2026-06-10T10:57:23.823788Z] [notify] [tavern] sent 1/1 (main=1 | quest=0 | category=0 groups=5)
[2026-06-10T11:00:08.459195Z] [notify] [tavern] sent 1/1 (main=1 | quest=0 | category=0 groups=5)
[2026-06-10T11:00:16.223612Z] [notify] [tavern] sent 1/1 (main=1 | quest=0 | category=0 groups=5)
[2026-06-10T11:00:21.786311Z] [notify] [tavern] sent 1/1 (main=1 | quest=0 | category=0 groups=5)
[2026-06-10T11:03:15.567217Z] [notify] [tavern] sent 1/1 (main=1 | quest=0 | category=0 groups=5)
[2026-06-10T11:03:27.928523Z] [notify] [tavern] sent 1/1 (main=1 | quest=0 | category=0 groups=5)
[2026-06-10T11:06:01.782709Z] [notify] [tavern] sent 1/1 (main=1 | quest=0 | category=0 groups=5)
[2026-06-10T11:06:19.208901Z] [notify] [tavern] sent 1/1 (main=1 | quest=0 | category=0 groups=5)
[2026-06-10T11:06:19.353498Z] [notify] [tavern] sent 1/1 (main=1 | quest=0 | category=0 groups=5)
[2026-06-10T11:09:18.372619Z] [notify] [tavern] sent 1/1 (main=1 | quest=0 | category=0 groups=5)
[2026-06-10T11:09:30.411021Z] [notify] [tavern] sent 1/1 (main=1 | quest=0 | category=0 groups=5)
[2026-06-10T11:12:14.872014Z] [notify] [tavern] sent 1/1 (main=1 | quest=0 | category=0 groups=5)
[2026-06-10T11:13:07.593844Z] [notify] [tavern] sent 1/1 (main=1 | quest=0 | category=0 groups=5)
[2026-06-10T11:14:55.559033Z] [notify] [tavern] sent 1/1 (main=1 | quest=0 | category=0 groups=5)
[2026-06-10T11:16:08.705672Z] [notify] [tavern] sent 1/1 (main=1 | quest=0 | category=0 groups=5)
[2026-06-10T11:18:08.561402Z] [notify] [tavern] sent 1/1 (main=1 | quest=0 | category=0 groups=5)
[2026-06-10T11:19:21.257735Z] [notify] [tavern] sent 1/1 (main=1 | quest=0 | category=0 groups=5)
[2026-06-10T11:21:05.690670Z] [notify] [tavern] sent 1/1 (main=1 | quest=0 | category=0 groups=5)
[2026-06-10T11:22:03.736194Z] [notify] [tavern] sent 1/1 (main=1 | quest=0 | category=0 groups=5)
[2026-06-10T11:24:16.580372Z] [notify] [tavern] sent 1/1 (main=1 | quest=0 | category=0 groups=5)
[2026-06-10T11:25:20.500178Z] [notify] [tavern] sent 1/1 (main=1 | quest=0 | category=0 groups=5)
[2026-06-10T11:27:19.764267Z] [notify] [tavern] sent 1/1 (main=1 | quest=0 | category=0 groups=5)
[2026-06-10T11:28:07.853470Z] [notify] [tavern] sent 1/1 (main=1 | quest=0 | category=0 groups=5)
[2026-06-10T11:30:06.797025Z] [notify] [tavern] sent 1/1 (main=1 | quest=0 | category=0 groups=5)
[2026-06-10T11:31:26.355570Z] [notify] [tavern] sent 1/1 (main=1 | quest=0 | category=0 groups=5)
[2026-06-10T11:33:17.707436Z] [notify] [tavern] sent 1/1 (main=1 | quest=0 | category=0 groups=5)
[2026-06-10T11:34:15.205162Z] [notify] [tavern] sent 1/1 (main=1 | quest=0 | category=0 groups=5)
[2026-06-10T11:36:14.515420Z] [notify] [tavern] sent 1/1 (main=1 | quest=0 | category=0 groups=5)
[2026-06-10T11:37:26.649542Z] [notify] [tavern] sent 1/1 (main=1 | quest=0 | category=0 groups=5)
[2026-06-10T11:39:14.718170Z] [notify] [tavern] sent 1/1 (main=1 | quest=0 | category=0 groups=5)
[2026-06-10T11:41:29.048137Z] [notify] [tavern] sent 1/1 (main=1 | quest=0 | category=0 groups=5)
[2026-06-10T11:42:07.167971Z] [notify] [tavern] sent 1/1 (main=1 | quest=0 | category=0 groups=5)
[2026-06-10T11:42:07.485110Z] [notify] [tavern] sent 1/1 (main=1 | quest=0 | category=0 groups=5)
[2026-06-10T11:45:21.226548Z] [notify] [tavern] sent 1/1 (main=1 | quest=0 | category=0 groups=5)
[2026-06-10T11:45:33.627419Z] [notify] [tavern] sent 1/1 (main=1 | quest=0 | category=0 groups=5)
[2026-06-10T11:48:07.012544Z] [notify] [tavern] sent 1/1 (main=1 | quest=0 | category=0 groups=5)
[2026-06-10T11:49:21.124865Z] [notify] [tavern] sent 1/1 (main=1 | quest=0 | category=0 groups=5)
[2026-06-10T11:51:09.508837Z] [notify] [tavern] sent 1/1 (main=1 | quest=0 | category=0 groups=5)
[2026-06-10T11:52:12.328650Z] [notify] [tavern] sent 1/1 (main=1 | quest=0 | category=0 groups=5)
[2026-06-10T11:54:05.587067Z] [notify] [tavern] sent 1/1 (main=1 | quest=0 | category=0 groups=5)
[2026-06-10T11:55:19.179538Z] [notify] [tavern] sent 1/1 (main=1 | quest=0 | category=0 groups=5)
[2026-06-10T11:57:12.930960Z] [notify] [tavern] sent 1/1 (main=1 | quest=0 | category=0 groups=5)
[2026-06-10T11:58:25.835577Z] [notify] [tavern] sent 1/1 (main=1 | quest=0 | category=0 groups=5)
[2026-06-10T12:00:04.641788Z] [notify] [tavern] sent 1/1 (main=1 | quest=0 | category=0 groups=5)
[2026-06-10T12:00:13.157292Z] [notify] [tavern] sent 1/1 (main=1 | quest=0 | category=0 groups=5)
[2026-06-10T12:01:15.848592Z] [notify] [tavern] sent 1/1 (main=1 | quest=0 | category=0 groups=5)
[2026-06-10T12:03:14.742091Z] [notify] [tavern] sent 1/1 (main=1 | quest=0 | category=0 groups=5)
[2026-06-10T12:04:22.723231Z] [notify] [tavern] sent 1/1 (main=1 | quest=0 | category=0 groups=5)
[2026-06-10T12:06:06.921834Z] [notify] [tavern] sent 1/1 (main=1 | quest=0 | category=0 groups=5)
[2026-06-10T12:07:24.623754Z] [notify] [tavern] sent 1/1 (main=1 | quest=0 | category=0 groups=5)
[2026-06-10T12:09:07.262042Z] [notify] [tavern] sent 1/1 (main=1 | quest=0 | category=0 groups=5)
[2026-06-10T12:10:16.153912Z] [notify] [tavern] sent 1/1 (main=1 | quest=0 | category=0 groups=5)
[2026-06-10T12:12:14.208162Z] [notify] [tavern] sent 1/1 (main=1 | quest=0 | category=0 groups=5)
[2026-06-10T12:13:28.486291Z] [notify] [tavern] sent 1/1 (main=1 | quest=0 | category=0 groups=5)
[2026-06-10T12:15:16.658767Z] [notify] [tavern] sent 1/1 (main=1 | quest=0 | category=0 groups=5)
[2026-06-10T12:17:30.475555Z] [notify] [tavern] sent 1/1 (main=1 | quest=0 | category=0 groups=5)
[2026-06-10T12:18:02.742896Z] [notify] [tavern] sent 1/1 (main=1 | quest=0 | category=0 groups=5)
[2026-06-10T12:21:22.131314Z] [notify] [tavern] sent 1/1 (main=1 | quest=0 | category=0 groups=5)
[2026-06-10T12:21:34.945414Z] [notify] [tavern] sent 1/1 (main=1 | quest=0 | category=0 groups=5)
[2026-06-10T12:24:34.161214Z] [notify] [tavern] sent 1/1 (main=1 | quest=0 | category=0 groups=5)
[2026-06-10T12:24:46.141423Z] [notify] [tavern] sent 1/1 (main=1 | quest=0 | category=0 groups=5)
[2026-06-10T12:28:30.212621Z] [notify] [tavern] sent 1/1 (main=1 | quest=0 | category=0 groups=5)
[2026-06-10T12:28:43.337380Z] [notify] [tavern] sent 1/1 (main=1 | quest=0 | category=0 groups=5)
[2026-06-10T12:32:27.481342Z] [notify] [tavern] sent 1/1 (main=1 | quest=0 | category=0 groups=5)
[2026-06-10T12:32:39.795355Z] [notify] [tavern] sent 1/1 (main=1 | quest=0 | category=0 groups=5)
[2026-06-10T12:35:13.739004Z] [notify] [tavern] sent 1/1 (main=1 | quest=0 | category=0 groups=5)
[2026-06-10T12:36:27.008570Z] [notify] [tavern] sent 1/1 (main=1 | quest=0 | category=0 groups=5)
[2026-06-10T12:38:14.949208Z] [notify] [tavern] sent 1/1 (main=1 | quest=0 | category=0 groups=5)
[2026-06-10T12:40:23.885016Z] [notify] [tavern] sent 1/1 (main=1 | quest=0 | category=0 groups=5)
[2026-06-10T12:41:21.475499Z] [notify] [tavern] sent 1/1 (main=1 | quest=0 | category=0 groups=5)
[2026-06-10T12:44:20.541822Z] [notify] [tavern] sent 1/1 (main=1 | quest=0 | category=0 groups=5)
[2026-06-10T12:44:32.995893Z] [notify] [tavern] sent 1/1 (main=1 | quest=0 | category=0 groups=5)
[2026-06-10T12:47:26.243259Z] [notify] [tavern] sent 1/1 (main=1 | quest=0 | category=0 groups=5)
[2026-06-10T12:49:39.342443Z] [notify] [tavern] sent 1/1 (main=1 | quest=0 | category=0 groups=5)
[2026-06-10T12:50:17.988441Z] [notify] [tavern] sent 1/1 (main=1 | quest=0 | category=0 groups=5)
[2026-06-10T12:53:23.669488Z] [notify] [tavern] sent 1/1 (main=1 | quest=0 | category=0 groups=5)
[2026-06-10T12:53:35.772122Z] [notify] [tavern] sent 1/1 (main=1 | quest=0 | category=0 groups=5)
[2026-06-10T12:56:20.088506Z] [notify] [tavern] sent 1/1 (main=1 | quest=0 | category=0 groups=5)
[2026-06-10T12:58:54.007700Z] [notify] [tavern] sent 1/1 (main=1 | quest=0 | category=0 groups=5)
[2026-06-10T13:00:08.967655Z] [notify] [tavern] sent 1/1 (main=1 | quest=0 | category=0 groups=5)
[2026-06-10T13:02:34.325144Z] [notify] [tavern] sent 1/1 (main=1 | quest=0 | category=0 groups=5)
[2026-06-10T13:06:40.578638Z] [notify] [tavern] sent 1/1 (main=1 | quest=0 | category=0 groups=5)
[2026-06-10T13:10:24.434332Z] [notify] [tavern] sent 1/1 (main=1 | quest=0 | category=0 groups=5)
[2026-06-10T13:14:34.747770Z] [notify] [tavern] sent 1/1 (main=1 | quest=0 | category=0 groups=5)
[2026-06-10T13:20:24.943269Z] [notify] [tavern] sent 1/1 (main=1 | quest=0 | category=0 groups=5)
[2026-06-10T13:22:36.632224Z] [notify] [tavern] sent 1/1 (main=1 | quest=0 | category=0 groups=5)
[2026-06-10T13:23:33.145569Z] [notify] [tavern] sent 1/1 (main=1 | quest=0 | category=0 groups=5)
[2026-06-10T13:34:38.712916Z] [notify] [tavern] sent 1/1 (main=1 | quest=0 | category=0 groups=5)
[2026-06-10T13:35:25.543394Z] [notify] [tavern] sent 1/1 (main=1 | quest=0 | category=0 groups=5)
[2026-06-10T13:36:29.219847Z] [notify] [tavern] sent 1/1 (main=1 | quest=0 | category=0 groups=5)
[2026-06-10T13:37:18.017731Z] [notify] [tavern] sent 1/1 (main=1 | quest=0 | category=0 groups=5)
[2026-06-10T13:39:00.195386Z] [notify] [tavern] sent 1/1 (main=1 | quest=0 | category=0 groups=5)
[2026-06-10T13:40:32.363429Z] [notify] [tavern] sent 1/1 (main=1 | quest=0 | category=0 groups=5)
[2026-06-10T13:41:40.104126Z] [notify] [tavern] sent 1/1 (main=1 | quest=0 | category=0 groups=5)
[2026-06-10T13:42:32.105865Z] [notify] [tavern] sent 1/1 (main=1 | quest=0 | category=0 groups=5)
[2026-06-10T13:43:29.319307Z] [notify] [tavern] sent 1/1 (main=1 | quest=0 | category=0 groups=5)
[2026-06-10T13:43:51.458780Z] [notify] [tavern] sent 1/1 (main=1 | quest=0 | category=0 groups=5)
[2026-06-10T13:44:13.839503Z] [notify] [tavern] sent 1/1 (main=1 | quest=0 | category=0 groups=5)
[2026-06-10T13:44:13.956406Z] [notify] [tavern] sent 1/1 (main=1 | quest=0 | category=0 groups=5)
[2026-06-10T13:48:33.248930Z] [notify] [tavern] sent 1/1 (main=1 | quest=0 | category=0 groups=5)
[2026-06-10T13:48:45.315973Z] [notify] [tavern] sent 1/1 (main=1 | quest=0 | category=0 groups=5)
[2026-06-10T13:50:50.282423Z] [notify] [tavern] sent 1/1 (main=1 | quest=0 | category=0 groups=5)
[2026-06-10T13:53:34.091871Z] [notify] [tavern] sent 1/1 (main=1 | quest=0 | category=0 groups=5)
[2026-06-10T13:56:28.264799Z] [notify] [tavern] sent 1/1 (main=1 | quest=0 | category=0 groups=5)
[2026-06-10T13:59:01.637417Z] [notify] [tavern] sent 1/1 (main=1 | quest=0 | category=0 groups=5)
[2026-06-10T14:00:05.624110Z] [notify] [tavern] sent 1/1 (main=1 | quest=0 | category=0 groups=5)
[2026-06-10T14:01:16.918837Z] [notify] [tavern] sent 1/1 (main=1 | quest=0 | category=0 groups=5)
[2026-06-10T14:02:14.758963Z] [notify] [tavern] sent 1/1 (main=1 | quest=0 | category=0 groups=5)
[2026-06-10T14:03:56.358915Z] [notify] [tavern] sent 1/1 (main=1 | quest=0 | category=0 groups=5)
[2026-06-10T14:04:24.078566Z] [notify] [tavern] sent 1/1 (main=1 | quest=0 | category=0 groups=5)
[2026-06-10T14:04:26.361382Z] [notify] [tavern] sent 1/1 (main=1 | quest=0 | category=0 groups=5)
[2026-06-10T14:05:26.792434Z] [notify] [tavern] sent 1/1 (main=1 | quest=0 | category=0 groups=5)
[2026-06-10T14:08:35.894440Z] [notify] [tavern] sent 1/1 (main=1 | quest=0 | category=0 groups=5)
[2026-06-10T14:09:39.034562Z] [notify] [tavern] sent 1/1 (main=1 | quest=0 | category=0 groups=5)
[2026-06-10T14:10:37.724526Z] [notify] [tavern] sent 1/1 (main=1 | quest=0 | category=0 groups=5)
[2026-06-10T14:13:51.599199Z] [notify] [tavern] sent 1/1 (main=1 | quest=0 | category=0 groups=5)
[2026-06-10T14:14:29.182971Z] [notify] [tavern] sent 1/1 (main=1 | quest=0 | category=0 groups=5)
[2026-06-10T14:17:03.043607Z] [notify] [tavern] sent 1/1 (main=1 | quest=0 | category=0 groups=5)
[2026-06-10T14:18:30.625374Z] [notify] [tavern] sent 1/1 (main=1 | quest=0 | category=0 groups=5)
[2026-06-10T14:18:58.890908Z] [notify] [tavern] sent 1/1 (main=1 | quest=0 | category=0 groups=5)
[2026-06-10T14:20:23.140585Z] [notify] [tavern] sent 1/1 (main=1 | quest=0 | category=0 groups=5)
[2026-06-10T14:20:49.665636Z] [notify] [tavern] sent 1/1 (main=1 | quest=0 | category=0 groups=5)
[2026-06-10T14:22:11.315239Z] [notify] [tavern] sent 1/1 (main=1 | quest=0 | category=0 groups=5)
[2026-06-10T14:22:38.156630Z] [notify] [tavern] sent 1/1 (main=1 | quest=0 | category=0 groups=5)
[2026-06-10T14:22:51.052723Z] [notify] [tavern] sent 1/1 (main=1 | quest=0 | category=0 groups=5)
[2026-06-10T14:24:37.201994Z] [notify] [tavern] sent 1/1 (main=1 | quest=0 | category=0 groups=5)
[2026-06-10T14:27:55.650090Z] [notify] [tavern] sent 1/1 (main=1 | quest=0 | category=0 groups=5)
[2026-06-10T14:30:23.880872Z] [notify] [tavern] sent 1/1 (main=1 | quest=0 | category=0 groups=5)
[2026-06-10T14:32:07.260163Z] [notify] [tavern] sent 1/1 (main=1 | quest=0 | category=0 groups=5)
[2026-06-10T14:32:50.081545Z] [notify] [tavern] sent 1/1 (main=1 | quest=0 | category=0 groups=5)
[2026-06-10T14:36:26.227423Z] [notify] [tavern] sent 1/1 (main=1 | quest=0 | category=0 groups=5)
[2026-06-10T14:41:00.143792Z] [notify] [tavern] sent 1/1 (main=1 | quest=0 | category=0 groups=5)
[2026-06-10T14:42:22.200407Z] [notify] [tavern] sent 1/1 (main=1 | quest=0 | category=0 groups=5)
[2026-06-10T14:44:30.225251Z] [notify] [tavern] sent 1/1 (main=1 | quest=0 | category=0 groups=5)
[2026-06-10T14:47:04.017582Z] [notify] [tavern] sent 1/1 (main=1 | quest=0 | category=0 groups=5)
[2026-06-10T14:50:18.602504Z] [notify] [tavern] sent 1/1 (main=1 | quest=0 | category=0 groups=5)
[2026-06-10T14:53:02.792909Z] [notify] [tavern] sent 1/1 (main=1 | quest=0 | category=0 groups=5)
[2026-06-10T14:55:27.470783Z] [notify] [tavern] sent 1/1 (main=1 | quest=0 | category=0 groups=5)
[2026-06-10T14:58:08.225672Z] [notify] [tavern] sent 1/1 (main=1 | quest=0 | category=0 groups=5)
[2026-06-10T14:59:36.473921Z] [notify] [tavern] sent 1/1 (main=1 | quest=0 | category=0 groups=5)
[2026-06-10T14:59:44.725721Z] [notify] [tavern] sent 1/1 (main=1 | quest=0 | category=0 groups=5)
[2026-06-10T15:00:08.307272Z] [notify] [tavern] sent 1/1 (main=1 | quest=0 | category=0 groups=5)
[2026-06-10T15:23:27.639996Z] [notify] [tavern] sent 1/1 (main=1 | quest=0 | category=0 groups=5)
[2026-06-10T15:24:52.497486Z] [notify] [tavern] sent 1/1 (main=1 | quest=0 | category=0 groups=5)
[2026-06-10T15:25:15.849971Z] [notify] [tavern] sent 1/1 (main=1 | quest=0 | category=0 groups=5)
[2026-06-10T15:26:08.604715Z] [notify] [tavern] sent 1/1 (main=1 | quest=0 | category=0 groups=5)
[2026-06-10T15:26:41.206932Z] [notify] [tavern] sent 1/1 (main=1 | quest=0 | category=0 groups=5)
[2026-06-10T15:26:58.392674Z] [notify] [tavern] sent 1/1 (main=1 | quest=0 | category=0 groups=5)
[2026-06-10T15:27:12.390362Z] [notify] [tavern] sent 1/1 (main=1 | quest=0 | category=0 groups=5)
[2026-06-10T15:27:45.443951Z] [notify] [tavern] sent 1/1 (main=1 | quest=0 | category=0 groups=5)
[2026-06-10T15:27:52.756154Z] [notify] [tavern] sent 1/1 (main=1 | quest=0 | category=0 groups=5)
[2026-06-10T15:29:25.619440Z] [notify] [tavern] sent 1/1 (main=1 | quest=0 | category=0 groups=5)
[2026-06-10T15:30:45.074131Z] [notify] [tavern] sent 1/1 (main=1 | quest=0 | category=0 groups=5)
[2026-06-10T15:31:41.394352Z] [notify] [tavern] sent 1/1 (main=1 | quest=0 | category=0 groups=5)
[2026-06-10T23:57:41.256959Z] [notify] [tavern] sent 1/1 (main=1 | quest=0 | category=0 groups=5)
[2026-06-11T00:15:38.985508Z] [notify] [tavern] sent 1/1 (main=1 | quest=0 | category=0 groups=5)
[2026-06-11T00:16:02.427757Z] [notify] [tavern] sent 1/1 (main=1 | quest=0 | category=0 groups=5)
[2026-06-11T00:18:51.635578Z] [notify] [tavern] sent 1/1 (main=1 | quest=0 | category=0 groups=5)
[2026-06-11T00:25:42.987157Z] [notify] [tavern] sent 1/1 (main=1 | quest=0 | category=0 groups=5)
[2026-06-11T00:32:12.807588Z] [notify] [tavern] sent 1/1 (main=1 | quest=0 | category=0 groups=5)
[2026-06-11T00:33:08.353476Z] [notify] [tavern] sent 1/1 (main=1 | quest=0 | category=0 groups=5)
[2026-06-11T00:33:45.180082Z] [notify] [tavern] sent 1/1 (main=1 | quest=0 | category=0 groups=5)
[2026-06-11T00:40:26.291706Z] [notify] [tavern] sent 1/1 (main=1 | quest=0 | category=0 groups=5)
[2026-06-11T00:46:37.532466Z] [notify] [tavern] sent 1/1 (main=1 | quest=0 | category=0 groups=5)
[2026-06-11T00:48:01.124568Z] [notify] [tavern] sent 1/1 (main=1 | quest=0 | category=0 groups=5)
[2026-06-11T00:50:59.515161Z] [notify] [tavern] sent 1/1 (main=1 | quest=0 | category=0 groups=5)
[2026-06-11T00:55:04.039855Z] [notify] [tavern] sent 1/1 (main=1 | quest=0 | category=0 groups=5)
[2026-06-11T01:00:05.415198Z] [notify] [tavern] sent 1/1 (main=1 | quest=0 | category=0 groups=5)
[2026-06-11T01:00:28.629288Z] [notify] [tavern] sent 1/1 (main=1 | quest=0 | category=0 groups=5)
[2026-06-11T01:03:37.858816Z] [notify] [tavern] sent 1/1 (main=1 | quest=0 | category=0 groups=5)
[2026-06-11T01:09:41.591270Z] [notify] [tavern] sent 1/1 (main=1 | quest=0 | category=0 groups=5)
[2026-06-11T01:11:03.698913Z] [notify] [tavern] sent 1/1 (main=1 | quest=0 | category=0 groups=5)
[2026-06-11T01:12:14.827047Z] [notify] [tavern] sent 1/1 (main=1 | quest=0 | category=0 groups=5)
[2026-06-11T01:12:46.830668Z] [notify] [tavern] sent 1/1 (main=1 | quest=0 | category=0 groups=5)
[2026-06-11T01:12:48.785941Z] [notify] [tavern] sent 1/1 (main=1 | quest=0 | category=0 groups=5)
[2026-06-11T01:13:47.665788Z] [notify] [tavern] sent 1/1 (main=1 | quest=0 | category=0 groups=5)
[2026-06-11T01:15:29.891974Z] [notify] [tavern] sent 1/1 (main=1 | quest=0 | category=0 groups=5)
[2026-06-11T01:16:05.728561Z] [notify] [tavern] sent 1/1 (main=1 | quest=0 | category=0 groups=5)
[2026-06-11T01:19:51.519694Z] [notify] [tavern] sent 1/1 (main=1 | quest=0 | category=0 groups=5)
[2026-06-11T01:22:43.210714Z] [notify] [tavern] sent 1/1 (main=1 | quest=0 | category=0 groups=5)
[2026-06-11T01:26:21.971089Z] [notify] [tavern] sent 1/1 (main=1 | quest=0 | category=0 groups=5)
[2026-06-11T01:31:13.753177Z] [notify] [tavern] sent 1/1 (main=1 | quest=0 | category=0 groups=5)
[2026-06-11T01:32:08.918639Z] [notify] [tavern] sent 1/1 (main=1 | quest=0 | category=0 groups=5)
[2026-06-11T01:32:37.478636Z] [notify] [tavern] sent 1/1 (main=1 | quest=0 | category=0 groups=5)
[2026-06-11T01:32:47.681516Z] [notify] [tavern] sent 1/1 (main=1 | quest=0 | category=0 groups=5)
[2026-06-11T01:32:58.017591Z] [notify] [tavern] sent 1/1 (main=1 | quest=0 | category=0 groups=5)
[2026-06-11T01:34:14.456168Z] [notify] [tavern] sent 1/1 (main=1 | quest=0 | category=0 groups=5)
[2026-06-11T01:34:28.531011Z] [notify] [tavern] sent 1/1 (main=1 | quest=0 | category=0 groups=5)
[2026-06-11T01:37:08.451921Z] [notify] [tavern] sent 1/1 (main=1 | quest=0 | category=0 groups=5)
[2026-06-11T01:37:30.659438Z] [notify] [tavern] sent 1/1 (main=1 | quest=0 | category=0 groups=5)
[2026-06-11T01:40:10.328756Z] [notify] [tavern] sent 1/1 (main=1 | quest=0 | category=0 groups=5)
[2026-06-11T01:40:23.275662Z] [notify] [tavern] sent 1/1 (main=1 | quest=0 | category=0 groups=5)
[2026-06-11T01:43:13.351848Z] [notify] [tavern] sent 1/1 (main=1 | quest=0 | category=0 groups=5)
[2026-06-11T01:43:26.662515Z] [notify] [tavern] sent 1/1 (main=1 | quest=0 | category=0 groups=5)
[2026-06-11T01:46:14.795576Z] [notify] [tavern] sent 1/1 (main=1 | quest=0 | category=0 groups=5)
[2026-06-11T01:46:26.366578Z] [notify] [tavern] sent 1/1 (main=1 | quest=0 | category=0 groups=5)
[2026-06-11T01:46:28.392577Z] [notify] [tavern] sent 1/1 (main=1 | quest=0 | category=0 groups=5)
[2026-06-11T01:49:12.206154Z] [notify] [tavern] sent 1/1 (main=1 | quest=0 | category=0 groups=5)
[2026-06-11T01:49:26.106909Z] [notify] [tavern] sent 1/1 (main=1 | quest=0 | category=0 groups=5)
[2026-06-11T01:52:15.659378Z] [notify] [tavern] sent 1/1 (main=1 | quest=0 | category=0 groups=5)
[2026-06-11T01:52:29.301757Z] [notify] [tavern] sent 1/1 (main=1 | quest=0 | category=0 groups=5)
[2026-06-11T01:55:03.155532Z] [notify] [tavern] sent 1/1 (main=1 | quest=0 | category=0 groups=5)
[2026-06-11T01:56:16.017762Z] [notify] [tavern] sent 1/1 (main=1 | quest=0 | category=0 groups=5)
[2026-06-11T01:58:09.946497Z] [notify] [tavern] sent 1/1 (main=1 | quest=0 | category=0 groups=5)
[2026-06-11T01:59:13.218078Z] [notify] [tavern] sent 1/1 (main=1 | quest=0 | category=0 groups=5)
[2026-06-11T02:00:10.169321Z] [notify] [tavern] sent 2/2 (main=2 | quest=0 | category=0 groups=5)
[2026-06-11T02:00:28.906100Z] [notify] [tavern] sent 1/1 (main=1 | quest=0 | category=0 groups=5)
[2026-06-11T02:02:17.930614Z] [notify] [tavern] sent 1/1 (main=1 | quest=0 | category=0 groups=5)
[2026-06-11T02:02:56.516260Z] [notify] [tavern] sent 1/1 (main=1 | quest=0 | category=0 groups=5)
[2026-06-11T02:05:22.119314Z] [notify] [tavern] sent 1/1 (main=1 | quest=0 | category=0 groups=5)
[2026-06-11T02:06:20.968082Z] [notify] [tavern] sent 1/1 (main=1 | quest=0 | category=0 groups=5)
[2026-06-11T02:08:20.817915Z] [notify] [tavern] sent 1/1 (main=1 | quest=0 | category=0 groups=5)
[2026-06-11T02:09:04.386504Z] [notify] [tavern] sent 1/1 (main=1 | quest=0 | category=0 groups=5)
[2026-06-11T02:11:03.714468Z] [notify] [tavern] sent 1/1 (main=1 | quest=0 | category=0 groups=5)
[2026-06-11T02:12:06.409622Z] [notify] [tavern] sent 1/1 (main=1 | quest=0 | category=0 groups=5)
[2026-06-11T02:14:22.715768Z] [notify] [tavern] sent 1/1 (main=1 | quest=0 | category=0 groups=5)
[2026-06-11T02:15:11.313558Z] [notify] [tavern] sent 1/1 (main=1 | quest=0 | category=0 groups=5)
[2026-06-11T02:17:24.098198Z] [notify] [tavern] sent 1/1 (main=1 | quest=0 | category=0 groups=5)
[2026-06-11T02:18:12.639403Z] [notify] [tavern] sent 1/1 (main=1 | quest=0 | category=0 groups=5)
[2026-06-11T02:20:26.681872Z] [notify] [tavern] sent 1/1 (main=1 | quest=0 | category=0 groups=5)
[2026-06-11T02:21:15.923668Z] [notify] [tavern] sent 1/1 (main=1 | quest=0 | category=0 groups=5)
[2026-06-11T02:23:31.851659Z] [notify] [tavern] sent 1/1 (main=1 | quest=0 | category=0 groups=5)
[2026-06-11T02:24:28.329580Z] [notify] [tavern] sent 1/1 (main=1 | quest=0 | category=0 groups=5)
[2026-06-11T02:27:29.352226Z] [notify] [tavern] sent 1/1 (main=1 | quest=0 | category=0 groups=5)
[2026-06-11T02:28:18.694160Z] [notify] [tavern] sent 1/1 (main=1 | quest=0 | category=0 groups=5)
[2026-06-11T02:30:27.269906Z] [notify] [tavern] sent 1/1 (main=1 | quest=0 | category=0 groups=5)
[2026-06-11T02:30:52.786665Z] [notify] [tavern] sent 1/1 (main=1 | quest=0 | category=0 groups=5)
[2026-06-11T02:33:21.785287Z] [notify] [tavern] sent 1/1 (main=1 | quest=0 | category=0 groups=5)
[2026-06-11T02:34:17.479573Z] [notify] [tavern] sent 1/1 (main=1 | quest=0 | category=0 groups=5)
[2026-06-11T02:36:33.251227Z] [notify] [tavern] sent 1/1 (main=1 | quest=0 | category=0 groups=5)
[2026-06-11T02:37:23.584616Z] [notify] [tavern] sent 1/1 (main=1 | quest=0 | category=0 groups=5)
[2026-06-11T02:39:28.398406Z] [notify] [tavern] sent 1/1 (main=1 | quest=0 | category=0 groups=5)
[2026-06-11T02:40:14.426229Z] [notify] [tavern] sent 1/1 (main=1 | quest=0 | category=0 groups=5)
[2026-06-11T02:42:23.920431Z] [notify] [tavern] sent 1/1 (main=1 | quest=0 | category=0 groups=5)
[2026-06-11T02:43:25.455441Z] [notify] [tavern] sent 1/1 (main=1 | quest=0 | category=0 groups=5)
[2026-06-11T02:45:33.009482Z] [notify] [tavern] sent 1/1 (main=1 | quest=0 | category=0 groups=5)
[2026-06-11T02:46:13.463260Z] [notify] [tavern] sent 1/1 (main=1 | quest=0 | category=0 groups=5)
[2026-06-11T02:48:23.197278Z] [notify] [tavern] sent 1/1 (main=1 | quest=0 | category=0 groups=5)
[2026-06-11T02:49:08.785581Z] [notify] [tavern] sent 1/1 (main=1 | quest=0 | category=0 groups=5)
[2026-06-11T02:51:23.444318Z] [notify] [tavern] sent 1/1 (main=1 | quest=0 | category=0 groups=5)
[2026-06-11T02:52:30.972316Z] [notify] [tavern] sent 1/1 (main=1 | quest=0 | category=0 groups=5)
[2026-06-11T02:54:30.998667Z] [notify] [tavern] sent 1/1 (main=1 | quest=0 | category=0 groups=5)
[2026-06-11T02:55:16.648314Z] [notify] [tavern] sent 1/1 (main=1 | quest=0 | category=0 groups=5)
[2026-06-11T02:57:31.211970Z] [notify] [tavern] sent 1/1 (main=1 | quest=0 | category=0 groups=5)
[2026-06-11T02:58:22.665331Z] [notify] [tavern] sent 1/1 (main=1 | quest=0 | category=0 groups=5)
[2026-06-11T03:00:07.591453Z] [notify] [tavern] sent 1/1 (main=1 | quest=0 | category=0 groups=5)
[2026-06-11T03:00:30.421208Z] [notify] [tavern] sent 1/1 (main=1 | quest=0 | category=0 groups=5)
[2026-06-11T03:01:10.937102Z] [notify] [tavern] sent 1/1 (main=1 | quest=0 | category=0 groups=5)
[2026-06-11T03:03:24.609536Z] [notify] [tavern] sent 1/1 (main=1 | quest=0 | category=0 groups=5)
[2026-06-11T03:03:36.498741Z] [notify] [tavern] sent 1/1 (main=1 | quest=0 | category=0 groups=5)
[2026-06-11T03:06:27.548666Z] [notify] [tavern] sent 1/1 (main=1 | quest=0 | category=0 groups=5)
[2026-06-11T03:06:43.282109Z] [notify] [tavern] sent 1/1 (main=1 | quest=0 | category=0 groups=5)
[2026-06-11T03:09:31.595745Z] [notify] [tavern] sent 1/1 (main=1 | quest=0 | category=0 groups=5)
[2026-06-11T03:10:23.443751Z] [notify] [tavern] sent 1/1 (main=1 | quest=0 | category=0 groups=5)
[2026-06-11T03:13:37.604719Z] [notify] [tavern] sent 1/1 (main=1 | quest=0 | category=0 groups=5)
[2026-06-11T03:14:18.613395Z] [notify] [tavern] sent 1/1 (main=1 | quest=0 | category=0 groups=5)
[2026-06-11T03:17:47.265660Z] [notify] [tavern] sent 1/1 (main=1 | quest=0 | category=0 groups=5)
[2026-06-11T03:18:02.484614Z] [notify] [tavern] sent 1/1 (main=1 | quest=0 | category=0 groups=5)
[2026-06-11T03:21:49.161985Z] [notify] [tavern] sent 1/1 (main=1 | quest=0 | category=0 groups=5)
[2026-06-11T03:22:04.328560Z] [notify] [tavern] sent 1/1 (main=1 | quest=0 | category=0 groups=5)
[2026-06-11T03:25:34.343379Z] [notify] [tavern] sent 1/1 (main=1 | quest=0 | category=0 groups=5)
[2026-06-11T03:25:48.813821Z] [notify] [tavern] sent 1/1 (main=1 | quest=0 | category=0 groups=5)
[2026-06-11T03:29:52.538592Z] [notify] [tavern] sent 1/1 (main=1 | quest=0 | category=0 groups=5)
[2026-06-11T03:30:08.337880Z] [notify] [tavern] sent 1/1 (main=1 | quest=0 | category=0 groups=5)
[2026-06-11T03:34:03.434809Z] [notify] [tavern] sent 1/1 (main=1 | quest=0 | category=0 groups=5)
[2026-06-11T03:34:17.841908Z] [notify] [tavern] sent 1/1 (main=1 | quest=0 | category=0 groups=5)
[2026-06-11T03:37:50.214840Z] [notify] [tavern] sent 1/1 (main=1 | quest=0 | category=0 groups=5)
[2026-06-11T03:38:07.101181Z] [notify] [tavern] sent 1/1 (main=1 | quest=0 | category=0 groups=5)
[2026-06-11T03:41:27.275429Z] [notify] [tavern] sent 1/1 (main=1 | quest=0 | category=0 groups=5)
[2026-06-11T03:41:43.414703Z] [notify] [tavern] sent 1/1 (main=1 | quest=0 | category=0 groups=5)
[2026-06-11T03:45:38.282316Z] [notify] [tavern] sent 1/1 (main=1 | quest=0 | category=0 groups=5)
[2026-06-11T03:45:51.091959Z] [notify] [tavern] sent 1/1 (main=1 | quest=0 | category=0 groups=5)
[2026-06-11T03:48:34.116807Z] [notify] [tavern] sent 1/1 (main=1 | quest=0 | category=0 groups=5)
[2026-06-11T03:49:29.686103Z] [notify] [tavern] sent 1/1 (main=1 | quest=0 | category=0 groups=5)
[2026-06-11T03:51:38.428083Z] [notify] [tavern] sent 1/1 (main=1 | quest=0 | category=0 groups=5)
[2026-06-11T03:52:29.673641Z] [notify] [tavern] sent 1/1 (main=1 | quest=0 | category=0 groups=5)
[2026-06-11T03:54:27.244810Z] [notify] [tavern] sent 1/1 (main=1 | quest=0 | category=0 groups=5)
[2026-06-11T03:55:36.579389Z] [notify] [tavern] sent 1/1 (main=1 | quest=0 | category=0 groups=5)
[2026-06-11T03:57:29.922123Z] [notify] [tavern] sent 1/1 (main=1 | quest=0 | category=0 groups=5)
[2026-06-11T03:58:30.420887Z] [notify] [tavern] sent 1/1 (main=1 | quest=0 | category=0 groups=5)
[2026-06-11T04:00:08.319618Z] [notify] [tavern] sent 1/1 (main=1 | quest=0 | category=0 groups=5)
[2026-06-11T04:00:28.724892Z] [notify] [tavern] sent 1/1 (main=1 | quest=0 | category=0 groups=5)
[2026-06-11T04:01:31.321165Z] [notify] [tavern] sent 1/1 (main=1 | quest=0 | category=0 groups=5)
[2026-06-11T04:03:33.064257Z] [notify] [tavern] sent 1/1 (main=1 | quest=0 | category=0 groups=5)
[2026-06-11T04:04:30.251038Z] [notify] [tavern] sent 1/1 (main=1 | quest=0 | category=0 groups=5)
[2026-06-11T04:06:34.858224Z] [notify] [tavern] sent 1/1 (main=1 | quest=0 | category=0 groups=5)
[2026-06-11T04:07:20.713359Z] [notify] [tavern] sent 1/1 (main=1 | quest=0 | category=0 groups=5)
[2026-06-11T04:09:24.892575Z] [notify] [tavern] sent 1/1 (main=1 | quest=0 | category=0 groups=5)
[2026-06-11T04:10:34.011610Z] [notify] [tavern] sent 1/1 (main=1 | quest=0 | category=0 groups=5)
[2026-06-11T04:12:39.636657Z] [notify] [tavern] sent 1/1 (main=1 | quest=0 | category=0 groups=5)
[2026-06-11T04:13:31.510223Z] [notify] [tavern] sent 1/1 (main=1 | quest=0 | category=0 groups=5)
[2026-06-11T04:15:39.132578Z] [notify] [tavern] sent 1/1 (main=1 | quest=0 | category=0 groups=5)
[2026-06-11T04:16:41.708153Z] [notify] [tavern] sent 1/1 (main=1 | quest=0 | category=0 groups=5)
[2026-06-11T04:19:45.708962Z] [notify] [tavern] sent 1/1 (main=1 | quest=0 | category=0 groups=5)
[2026-06-11T04:20:01.816719Z] [notify] [tavern] sent 1/1 (main=1 | quest=0 | category=0 groups=5)
[2026-06-11T04:23:56.402983Z] [notify] [tavern] sent 1/1 (main=1 | quest=0 | category=0 groups=5)
[2026-06-11T04:24:13.375941Z] [notify] [tavern] sent 1/1 (main=1 | quest=0 | category=0 groups=5)
[2026-06-11T04:24:15.712859Z] [notify] [tavern] sent 1/1 (main=1 | quest=0 | category=0 groups=5)
[2026-06-11T04:27:40.851955Z] [notify] [tavern] sent 1/1 (main=1 | quest=0 | category=0 groups=5)
[2026-06-11T04:27:56.972943Z] [notify] [tavern] sent 1/1 (main=1 | quest=0 | category=0 groups=5)
[2026-06-11T04:30:42.482440Z] [notify] [tavern] sent 1/1 (main=1 | quest=0 | category=0 groups=5)
[2026-06-11T04:32:21.609505Z] [notify] [tavern] sent 1/1 (main=1 | quest=0 | category=0 groups=5)
[2026-06-11T04:33:38.082635Z] [notify] [tavern] sent 1/1 (main=1 | quest=0 | category=0 groups=5)
[2026-06-11T05:00:04.231844Z] [notify] [tavern] sent 1/1 (main=1 | quest=0 | category=0 groups=5)
[2026-06-11T05:15:45.318046Z] [notify] [tavern] sent 1/1 (main=1 | quest=0 | category=0 groups=5)
[2026-06-11T05:17:19.563434Z] [notify] [tavern] sent 1/1 (main=1 | quest=0 | category=0 groups=5)
[2026-06-11T05:17:47.388591Z] [notify] [tavern] sent 1/1 (main=1 | quest=0 | category=0 groups=5)
[2026-06-11T05:24:14.930943Z] [notify] [tavern] sent 1/1 (main=1 | quest=0 | category=0 groups=5)
[2026-06-11T05:25:29.464788Z] [notify] [tavern] sent 1/1 (main=1 | quest=0 | category=0 groups=5)
[2026-06-11T05:30:01.410456Z] [notify] [tavern] sent 1/1 (main=1 | quest=0 | category=0 groups=5)
[2026-06-11T05:31:15.624922Z] [notify] [tavern] sent 1/1 (main=1 | quest=0 | category=0 groups=5)
[2026-06-11T05:35:51.270219Z] [notify] [tavern] sent 1/1 (main=1 | quest=0 | category=0 groups=5)
[2026-06-11T05:37:25.056483Z] [notify] [tavern] sent 1/1 (main=1 | quest=0 | category=0 groups=5)
[2026-06-11T05:40:32.109564Z] [notify] [tavern] sent 1/1 (main=1 | quest=0 | category=0 groups=5)
[2026-06-11T05:40:44.184609Z] [notify] [tavern] sent 1/1 (main=1 | quest=0 | category=0 groups=5)
[2026-06-11T05:42:41.458900Z] [notify] [tavern] sent 1/1 (main=1 | quest=0 | category=0 groups=5)
[2026-06-11T05:43:25.472654Z] [notify] [tavern] sent 1/1 (main=1 | quest=0 | category=0 groups=5)
[2026-06-11T05:43:36.624739Z] [notify] [tavern] sent 1/1 (main=1 | quest=0 | category=0 groups=5)
[2026-06-11T05:44:45.687490Z] [notify] [tavern] sent 1/1 (main=1 | quest=0 | category=0 groups=5)
[2026-06-11T05:45:47.047353Z] [notify] [tavern] sent 1/1 (main=1 | quest=0 | category=0 groups=5)
[2026-06-11T05:46:14.442504Z] [notify] [tavern] sent 1/1 (main=1 | quest=0 | category=0 groups=5)
[2026-06-11T05:46:23.846134Z] [notify] [tavern] sent 1/1 (main=1 | quest=0 | category=0 groups=5)
[2026-06-11T05:47:36.437573Z] [notify] [tavern] sent 1/1 (main=1 | quest=0 | category=0 groups=5)
[2026-06-11T05:48:02.721295Z] [notify] [tavern] sent 1/1 (main=1 | quest=0 | category=0 groups=5)
[2026-06-11T05:49:41.590957Z] [notify] [tavern] sent 1/1 (main=1 | quest=0 | category=0 groups=5)
[2026-06-11T05:50:51.375074Z] [notify] [tavern] sent 1/1 (main=1 | quest=0 | category=0 groups=5)
[2026-06-11T05:52:39.249806Z] [notify] [tavern] sent 1/1 (main=1 | quest=0 | category=0 groups=5)
[2026-06-11T05:53:30.311705Z] [notify] [tavern] sent 1/1 (main=1 | quest=0 | category=0 groups=5)
[2026-06-11T05:56:34.429803Z] [notify] [tavern] sent 1/1 (main=1 | quest=0 | category=0 groups=5)
[2026-06-11T05:59:43.234786Z] [notify] [tavern] sent 1/1 (main=1 | quest=0 | category=0 groups=5)
[2026-06-11T06:00:09.659395Z] [notify] [tavern] sent 1/1 (main=1 | quest=0 | category=0 groups=5)
[2026-06-11T06:02:36.282073Z] [notify] [tavern] sent 1/1 (main=1 | quest=0 | category=0 groups=5)
[2026-06-11T06:03:38.305556Z] [notify] [tavern] sent 1/1 (main=1 | quest=0 | category=0 groups=5)
[2026-06-11T06:04:04.262988Z] [notify] [tavern] sent 1/1 (main=1 | quest=0 | category=0 groups=5)
[2026-06-11T06:04:04.927563Z] [notify] [tavern] sent 1/1 (main=1 | quest=0 | category=0 groups=5)
[2026-06-11T06:05:36.809362Z] [notify] [tavern] sent 1/1 (main=1 | quest=0 | category=0 groups=5)
[2026-06-11T06:07:10.236403Z] [notify] [tavern] sent 1/1 (main=1 | quest=0 | category=0 groups=5)
[2026-06-11T06:07:40.594680Z] [notify] [tavern] sent 1/1 (main=1 | quest=0 | category=0 groups=5)
[2026-06-11T06:10:28.863232Z] [notify] [tavern] sent 1/1 (main=1 | quest=0 | category=0 groups=5)
[2026-06-11T06:13:32.739708Z] [notify] [tavern] sent 1/1 (main=1 | quest=0 | category=0 groups=5)
[2026-06-11T06:14:20.165324Z] [notify] [tavern] sent 1/1 (main=1 | quest=0 | category=0 groups=5)
[2026-06-11T06:15:43.796623Z] [notify] [tavern] sent 1/1 (main=1 | quest=0 | category=0 groups=5)
[2026-06-11T06:16:46.448441Z] [notify] [tavern] sent 1/1 (main=1 | quest=0 | category=0 groups=5)
[2026-06-11T06:17:07.327507Z] [notify] [tavern] sent 1/1 (main=1 | quest=0 | category=0 groups=5)
[2026-06-11T06:18:34.377149Z] [notify] [tavern] sent 1/1 (main=1 | quest=0 | category=0 groups=5)
[2026-06-11T06:20:10.852678Z] [notify] [tavern] sent 1/1 (main=1 | quest=0 | category=0 groups=5)
[2026-06-11T06:20:52.529554Z] [notify] [tavern] sent 1/1 (main=1 | quest=0 | category=0 groups=5)
[2026-06-11T06:21:40.521001Z] [notify] [tavern] sent 1/1 (main=1 | quest=0 | category=0 groups=5)
[2026-06-11T06:23:13.038076Z] [notify] [tavern] sent 1/1 (main=1 | quest=0 | category=0 groups=5)
[2026-06-11T06:24:42.636842Z] [notify] [tavern] sent 1/1 (main=1 | quest=0 | category=0 groups=5)
[2026-06-11T06:24:58.542535Z] [notify] [tavern] sent 1/1 (main=1 | quest=0 | category=0 groups=5)
[2026-06-11T06:29:49.999940Z] [notify] [tavern] sent 1/1 (main=1 | quest=0 | category=0 groups=5)
[2026-06-11T06:33:28.801286Z] [notify] [tavern] sent 1/1 (main=1 | quest=0 | category=0 groups=5)
[2026-06-11T06:36:36.710271Z] [notify] [tavern] sent 1/1 (main=1 | quest=0 | category=0 groups=5)
[2026-06-11T06:39:29.222623Z] [notify] [tavern] sent 1/1 (main=1 | quest=0 | category=0 groups=5)
[2026-06-11T06:42:52.569817Z] [notify] [tavern] sent 1/1 (main=1 | quest=0 | category=0 groups=5)
[2026-06-11T06:46:40.602431Z] [notify] [tavern] sent 1/1 (main=1 | quest=0 | category=0 groups=5)
[2026-06-11T06:51:15.415067Z] [notify] [tavern] sent 1/1 (main=1 | quest=0 | category=0 groups=5)
[2026-06-11T06:54:48.713292Z] [notify] [tavern] sent 1/1 (main=1 | quest=0 | category=0 groups=5)
[2026-06-11T06:58:57.756180Z] [notify] [tavern] sent 1/1 (main=1 | quest=0 | category=0 groups=5)
[2026-06-11T07:00:08.925196Z] [notify] [tavern] sent 1/1 (main=1 | quest=0 | category=0 groups=5)
[2026-06-11T07:02:53.430286Z] [notify] [tavern] sent 1/1 (main=1 | quest=0 | category=0 groups=5)
[2026-06-11T07:06:51.790728Z] [notify] [tavern] sent 1/1 (main=1 | quest=0 | category=0 groups=5)
[2026-06-11T07:10:51.277473Z] [notify] [tavern] sent 1/1 (main=1 | quest=0 | category=0 groups=5)
[2026-06-11T07:14:44.319290Z] [notify] [tavern] sent 1/1 (main=1 | quest=0 | category=0 groups=5)
[2026-06-11T07:19:02.924569Z] [notify] [tavern] sent 1/1 (main=1 | quest=0 | category=0 groups=5)
[2026-06-11T07:22:58.483443Z] [notify] [tavern] sent 1/1 (main=1 | quest=0 | category=0 groups=5)
[2026-06-11T07:26:52.957619Z] [notify] [tavern] sent 1/1 (main=1 | quest=0 | category=0 groups=5)
[2026-06-11T07:30:57.710399Z] [notify] [tavern] sent 1/1 (main=1 | quest=0 | category=0 groups=5)
[2026-06-11T07:34:57.070053Z] [notify] [tavern] sent 1/1 (main=1 | quest=0 | category=0 groups=5)
[2026-06-11T07:38:50.875955Z] [notify] [tavern] sent 1/1 (main=1 | quest=0 | category=0 groups=5)
[2026-06-11T07:43:06.539748Z] [notify] [tavern] sent 1/1 (main=1 | quest=0 | category=0 groups=5)
[2026-06-11T07:46:51.622822Z] [notify] [tavern] sent 1/1 (main=1 | quest=0 | category=0 groups=5)
[2026-06-11T07:50:51.078468Z] [notify] [tavern] sent 1/1 (main=1 | quest=0 | category=0 groups=5)
[2026-06-11T07:55:03.936635Z] [notify] [tavern] sent 1/1 (main=1 | quest=0 | category=0 groups=5)
[2026-06-11T07:59:17.119453Z] [notify] [tavern] sent 1/1 (main=1 | quest=0 | category=0 groups=5)
[2026-06-11T08:00:10.058732Z] [notify] [tavern] sent 1/1 (main=1 | quest=0 | category=0 groups=5)
[2026-06-11T08:03:16.533308Z] [notify] [tavern] sent 1/1 (main=1 | quest=0 | category=0 groups=5)
[2026-06-11T08:06:45.759527Z] [notify] [tavern] sent 1/1 (main=1 | quest=0 | category=0 groups=5)
[2026-06-11T08:10:57.763077Z] [notify] [tavern] sent 1/1 (main=1 | quest=0 | category=0 groups=5)
[2026-06-11T08:14:38.405986Z] [notify] [tavern] sent 1/1 (main=1 | quest=0 | category=0 groups=5)
[2026-06-11T08:18:51.031441Z] [notify] [tavern] sent 1/1 (main=1 | quest=0 | category=0 groups=5)
[2026-06-11T08:22:44.264717Z] [notify] [tavern] sent 1/1 (main=1 | quest=0 | category=0 groups=5)
[2026-06-11T08:26:49.418009Z] [notify] [tavern] sent 1/1 (main=1 | quest=0 | category=0 groups=5)
[2026-06-11T08:30:50.131849Z] [notify] [tavern] sent 1/1 (main=1 | quest=0 | category=0 groups=5)
[2026-06-11T08:34:49.117932Z] [notify] [tavern] sent 1/1 (main=1 | quest=0 | category=0 groups=5)
[2026-06-11T08:39:04.516840Z] [notify] [tavern] sent 1/1 (main=1 | quest=0 | category=0 groups=5)
[2026-06-11T08:42:54.464936Z] [notify] [tavern] sent 1/1 (main=1 | quest=0 | category=0 groups=5)
[2026-06-11T08:46:55.086493Z] [notify] [tavern] sent 1/1 (main=1 | quest=0 | category=0 groups=5)
[2026-06-11T08:50:55.296343Z] [notify] [tavern] sent 1/1 (main=1 | quest=0 | category=0 groups=5)
[2026-06-11T08:55:01.373762Z] [notify] [tavern] sent 1/1 (main=1 | quest=0 | category=0 groups=5)
[2026-06-11T09:00:06.135834Z] [notify] [tavern] sent 1/1 (main=1 | quest=0 | category=0 groups=5)
[2026-06-11T09:01:35.463154Z] [notify] [tavern] sent 1/1 (main=1 | quest=0 | category=0 groups=5)
[2026-06-11T09:02:25.552693Z] [notify] [tavern] sent 1/1 (main=1 | quest=0 | category=0 groups=5)
[2026-06-11T10:00:08.712355Z] [notify] [tavern] sent 1/1 (main=1 | quest=0 | category=0 groups=5)
[2026-06-11T10:08:11.917540Z] [notify] [tavern] sent 1/1 (main=1 | quest=0 | category=0 groups=5)
[2026-06-11T10:08:59.613274Z] [notify] [tavern] sent 1/1 (main=1 | quest=0 | category=0 groups=5)
[2026-06-11T10:10:52.125820Z] [notify] [tavern] sent 1/1 (main=1 | quest=0 | category=0 groups=5)
[2026-06-11T10:11:01.614524Z] [notify] [tavern] sent 1/1 (main=1 | quest=0 | category=0 groups=5)
[2026-06-11T10:11:25.149953Z] [notify] [tavern] sent 1/1 (main=1 | quest=0 | category=0 groups=5)
[2026-06-11T10:11:55.342975Z] [notify] [tavern] sent 1/1 (main=1 | quest=0 | category=0 groups=5)
[2026-06-11T10:19:06.807644Z] [notify] [tavern] sent 1/1 (main=1 | quest=0 | category=0 groups=5)
[2026-06-11T10:20:54.664560Z] [notify] [tavern] sent 1/1 (main=1 | quest=0 | category=0 groups=5)
[2026-06-11T10:24:32.504486Z] [notify] [tavern] sent 1/1 (main=1 | quest=0 | category=0 groups=5)
[2026-06-11T10:28:16.448725Z] [notify] [tavern] sent 1/1 (main=1 | quest=0 | category=0 groups=5)
[2026-06-11T10:31:48.247465Z] [notify] [tavern] sent 1/1 (main=1 | quest=0 | category=0 groups=5)
[2026-06-11T10:36:21.853680Z] [notify] [tavern] sent 1/1 (main=1 | quest=0 | category=0 groups=5)
[2026-06-11T10:40:08.743183Z] [notify] [tavern] sent 1/1 (main=1 | quest=0 | category=0 groups=5)
[2026-06-11T10:44:15.836500Z] [notify] [tavern] sent 1/1 (main=1 | quest=0 | category=0 groups=5)
[2026-06-11T10:48:04.375683Z] [notify] [tavern] sent 1/1 (main=1 | quest=0 | category=0 groups=5)
[2026-06-11T10:52:21.456105Z] [notify] [tavern] sent 1/1 (main=1 | quest=0 | category=0 groups=5)
[2026-06-11T10:56:10.968848Z] [notify] [tavern] sent 1/1 (main=1 | quest=0 | category=0 groups=5)
[2026-06-11T11:00:10.782195Z] [notify] [tavern] sent 1/1 (main=1 | quest=0 | category=0 groups=5)
[2026-06-11T11:00:25.059272Z] [notify] [tavern] sent 1/1 (main=1 | quest=0 | category=0 groups=5)
[2026-06-11T11:04:23.139111Z] [notify] [tavern] sent 1/1 (main=1 | quest=0 | category=0 groups=5)
[2026-06-11T11:08:08.542609Z] [notify] [tavern] sent 1/1 (main=1 | quest=0 | category=0 groups=5)
[2026-06-11T11:11:58.327402Z] [notify] [tavern] sent 1/1 (main=1 | quest=0 | category=0 groups=5)
[2026-06-11T11:15:58.249233Z] [notify] [tavern] sent 1/1 (main=1 | quest=0 | category=0 groups=5)
[2026-06-11T11:19:31.355858Z] [notify] [tavern] sent 1/1 (main=1 | quest=0 | category=0 groups=5)
[2026-06-11T12:00:09.479556Z] [notify] [tavern] sent 1/1 (main=1 | quest=0 | category=0 groups=5)
[2026-06-11T12:48:28.219019Z] [notify] [tavern] sent 1/1 (main=1 | quest=0 | category=0 groups=5)
[2026-06-11T12:49:39.526859Z] [notify] [tavern] sent 1/1 (main=1 | quest=0 | category=0 groups=5)
[2026-06-11T12:50:27.079896Z] [notify] [tavern] sent 1/1 (main=1 | quest=0 | category=0 groups=5)
[2026-06-11T12:55:23.659831Z] [notify] [tavern] sent 1/1 (main=1 | quest=0 | category=0 groups=5)
[2026-06-11T12:55:38.548834Z] [notify] [tavern] sent 1/1 (main=1 | quest=0 | category=0 groups=5)
[2026-06-11T12:57:15.172246Z] [notify] [tavern] sent 1/1 (main=1 | quest=0 | category=0 groups=5)
[2026-06-11T12:57:21.562279Z] [notify] [tavern] sent 1/1 (main=1 | quest=0 | category=0 groups=5)
[2026-06-11T12:57:31.314826Z] [notify] [tavern] sent 1/1 (main=1 | quest=0 | category=0 groups=5)
[2026-06-11T12:59:24.710687Z] [notify] [tavern] sent 1/1 (main=1 | quest=0 | category=0 groups=5)
[2026-06-11T12:59:35.536499Z] [notify] [tavern] sent 1/1 (main=1 | quest=0 | category=0 groups=5)
[2026-06-11T13:00:08.664121Z] [notify] [tavern] sent 1/1 (main=1 | quest=0 | category=0 groups=5)
[2026-06-11T13:00:33.833749Z] [notify] [tavern] sent 1/1 (main=1 | quest=0 | category=0 groups=5)
[2026-06-11T13:00:42.391022Z] [notify] [tavern] sent 1/1 (main=1 | quest=0 | category=0 groups=5)
[2026-06-11T13:02:15.150002Z] [notify] [tavern] sent 1/1 (main=1 | quest=0 | category=0 groups=5)
[2026-06-11T13:02:23.203104Z] [notify] [tavern] sent 1/1 (main=1 | quest=0 | category=0 groups=5)
[2026-06-11T13:05:18.593659Z] [notify] [tavern] sent 1/1 (main=1 | quest=0 | category=0 groups=5)
[2026-06-11T13:05:29.853605Z] [notify] [tavern] sent 1/1 (main=1 | quest=0 | category=0 groups=5)
[2026-06-11T13:06:31.654487Z] [notify] [tavern] sent 1/1 (main=1 | quest=0 | category=0 groups=5)
[2026-06-11T13:08:16.584325Z] [notify] [tavern] sent 1/1 (main=1 | quest=0 | category=0 groups=5)
[2026-06-11T13:11:59.973288Z] [notify] [tavern] sent 1/1 (main=1 | quest=0 | category=0 groups=5)
[2026-06-11T13:12:40.713648Z] [notify] [tavern] sent 1/1 (main=1 | quest=0 | category=0 groups=5)
[2026-06-11T13:12:56.141096Z] [notify] [tavern] sent 1/1 (main=1 | quest=0 | category=0 groups=5)
[2026-06-11T13:14:18.385157Z] [notify] [tavern] sent 1/1 (main=1 | quest=0 | category=0 groups=5)
[2026-06-11T13:15:38.227061Z] [notify] [tavern] sent 1/1 (main=1 | quest=0 | category=0 groups=5)
[2026-06-11T13:18:39.127806Z] [notify] [tavern] sent 1/1 (main=1 | quest=0 | category=0 groups=5)
[2026-06-11T13:19:18.762390Z] [notify] [tavern] sent 1/1 (main=1 | quest=0 | category=0 groups=5)
[2026-06-11T13:19:50.262220Z] [notify] [tavern] sent 1/1 (main=1 | quest=0 | category=0 groups=5)
[2026-06-11T13:21:25.702224Z] [notify] [tavern] sent 1/1 (main=1 | quest=0 | category=0 groups=5)
[2026-06-11T13:24:22.685827Z] [notify] [tavern] sent 1/1 (main=1 | quest=0 | category=0 groups=5)
[2026-06-11T13:25:22.713056Z] [notify] [tavern] sent 1/1 (main=1 | quest=0 | category=0 groups=5)
[2026-06-11T13:27:22.992022Z] [notify] [tavern] sent 1/1 (main=1 | quest=0 | category=0 groups=5)
[2026-06-11T13:30:32.548314Z] [notify] [tavern] sent 1/1 (main=1 | quest=0 | category=0 groups=5)
[2026-06-11T13:31:27.779142Z] [notify] [tavern] sent 1/1 (main=1 | quest=0 | category=0 groups=5)
[2026-06-11T13:33:23.911832Z] [notify] [tavern] sent 1/1 (main=1 | quest=0 | category=0 groups=5)
[2026-06-11T13:36:09.031257Z] [notify] [tavern] sent 1/1 (main=1 | quest=0 | category=0 groups=5)
[2026-06-11T13:37:24.356368Z] [notify] [tavern] sent 1/1 (main=1 | quest=0 | category=0 groups=5)
[2026-06-11T13:39:44.956047Z] [notify] [tavern] sent 1/1 (main=1 | quest=0 | category=0 groups=5)
[2026-06-11T13:43:32.591296Z] [notify] [tavern] sent 1/1 (main=1 | quest=0 | category=0 groups=5)
[2026-06-11T13:43:42.344960Z] [notify] [tavern] sent 1/1 (main=1 | quest=0 | category=0 groups=5)
[2026-06-11T13:46:27.658078Z] [notify] [tavern] sent 1/1 (main=1 | quest=0 | category=0 groups=5)
[2026-06-11T13:49:29.012343Z] [notify] [tavern] sent 1/1 (main=1 | quest=0 | category=0 groups=5)
[2026-06-11T13:49:42.021320Z] [notify] [tavern] sent 1/1 (main=1 | quest=0 | category=0 groups=5)
[2026-06-11T13:50:06.598406Z] [notify] [tavern] sent 1/1 (main=1 | quest=0 | category=0 groups=5)
[2026-06-11T13:50:06.618375Z] [notify] [tavern] sent 1/1 (main=1 | quest=0 | category=0 groups=5)
[2026-06-11T13:53:24.843231Z] [notify] [tavern] sent 1/1 (main=1 | quest=0 | category=0 groups=5)
[2026-06-11T13:56:37.611647Z] [notify] [tavern] sent 1/1 (main=1 | quest=0 | category=0 groups=5)
[2026-06-11T13:59:29.245413Z] [notify] [tavern] sent 1/1 (main=1 | quest=0 | category=0 groups=5)
[2026-06-11T14:00:06.298432Z] [notify] [tavern] sent 1/1 (main=1 | quest=0 | category=0 groups=5)
[2026-06-11T14:02:11.976172Z] [notify] [tavern] sent 1/1 (main=1 | quest=0 | category=0 groups=5)
[2026-06-11T14:05:24.632787Z] [notify] [tavern] sent 1/1 (main=1 | quest=0 | category=0 groups=5)
[2026-06-11T14:08:46.112528Z] [notify] [tavern] sent 1/1 (main=1 | quest=0 | category=0 groups=5)
[2026-06-11T14:12:48.349289Z] [notify] [tavern] sent 1/1 (main=1 | quest=0 | category=0 groups=5)
[2026-06-11T14:16:36.129633Z] [notify] [tavern] sent 1/1 (main=1 | quest=0 | category=0 groups=5)
[2026-06-11T14:19:44.122710Z] [notify] [tavern] sent 1/1 (main=1 | quest=0 | category=0 groups=5)
[2026-06-11T14:23:41.506884Z] [notify] [tavern] sent 1/1 (main=1 | quest=0 | category=0 groups=5)
[2026-06-11T14:27:32.554363Z] [notify] [tavern] sent 1/1 (main=1 | quest=0 | category=0 groups=5)
[2026-06-11T14:30:09.137566Z] [notify] [tavern] sent 1/1 (main=1 | quest=0 | category=0 groups=5)
[2026-06-11T14:33:15.636988Z] [notify] [tavern] sent 1/1 (main=1 | quest=0 | category=0 groups=5)
[2026-06-11T14:36:21.783091Z] [notify] [tavern] sent 1/1 (main=1 | quest=0 | category=0 groups=5)
[2026-06-11T14:39:40.307553Z] [notify] [tavern] sent 1/1 (main=1 | quest=0 | category=0 groups=5)
[2026-06-11T14:44:01.787288Z] [notify] [tavern] sent 1/1 (main=1 | quest=0 | category=0 groups=5)
[2026-06-11T14:47:35.617444Z] [notify] [tavern] sent 1/1 (main=1 | quest=0 | category=0 groups=5)
[2026-06-11T14:52:26.822179Z] [notify] [tavern] sent 1/1 (main=1 | quest=0 | category=0 groups=5)
[2026-06-11T14:55:24.335130Z] [notify] [tavern] sent 1/1 (main=1 | quest=0 | category=0 groups=5)
[2026-06-11T15:00:08.282844Z] [notify] [tavern] sent 1/1 (main=1 | quest=0 | category=0 groups=5)
[2026-06-11T15:00:17.006216Z] [notify] [tavern] sent 1/1 (main=1 | quest=0 | category=0 groups=5)
[2026-06-11T15:01:11.565865Z] [notify] [tavern] sent 1/1 (main=1 | quest=0 | category=0 groups=5)
[2026-06-11T15:41:45.311088Z] [notify] [tavern] sent 1/1 (main=1 | quest=0 | category=0 groups=5)
[2026-06-11T15:42:32.630318Z] [notify] [tavern] sent 1/1 (main=1 | quest=0 | category=0 groups=5)
[2026-06-11T15:42:46.503434Z] [notify] [tavern] sent 1/1 (main=1 | quest=0 | category=0 groups=5)
[2026-06-11T15:43:12.194245Z] [notify] [tavern] sent 1/1 (main=1 | quest=0 | category=0 groups=5)
[2026-06-11T15:43:45.945441Z] [notify] [tavern] sent 1/1 (main=1 | quest=0 | category=0 groups=5)
[2026-06-11T15:43:59.629975Z] [notify] [tavern] sent 1/1 (main=1 | quest=0 | category=0 groups=5)
[2026-06-11T15:44:09.889478Z] [notify] [tavern] sent 1/1 (main=1 | quest=0 | category=0 groups=5)
[2026-06-11T15:45:44.329721Z] [notify] [tavern] sent 1/1 (main=1 | quest=0 | category=0 groups=5)
[2026-06-11T15:45:57.905188Z] [notify] [tavern] sent 1/1 (main=1 | quest=0 | category=0 groups=5)
[2026-06-11T15:47:59.930496Z] [notify] [tavern] sent 1/1 (main=1 | quest=0 | category=0 groups=5)
[2026-06-11T15:50:04.917412Z] [notify] [tavern] sent 1/1 (main=1 | quest=0 | category=0 groups=5)
[2026-06-11T15:51:10.431862Z] [notify] [tavern] sent 1/1 (main=1 | quest=0 | category=0 groups=5)
[2026-06-11T15:51:51.586616Z] [notify] [tavern] sent 1/1 (main=1 | quest=0 | category=0 groups=5)
[2026-06-11T15:55:51.396074Z] [notify] [tavern] sent 1/1 (main=1 | quest=0 | category=0 groups=5)
[2026-06-11T15:55:56.800675Z] [notify] [tavern] sent 1/1 (main=1 | quest=0 | category=0 groups=5)
[2026-06-11T16:00:43.904839Z] [notify] [tavern] sent 1/1 (main=1 | quest=0 | category=0 groups=5)
[2026-06-11T16:01:20.784593Z] [notify] [tavern] sent 1/1 (main=1 | quest=0 | category=0 groups=5)
[2026-06-11T16:01:40.856932Z] [notify] [tavern] sent 1/1 (main=1 | quest=0 | category=0 groups=5)
[2026-06-11T16:01:50.257340Z] [notify] [tavern] sent 1/1 (main=1 | quest=0 | category=0 groups=5)
[2026-06-11T16:02:11.437747Z] [notify] [tavern] sent 1/1 (main=1 | quest=0 | category=0 groups=5)
[2026-06-11T16:02:26.577274Z] [notify] [tavern] sent 1/1 (main=1 | quest=0 | category=0 groups=5)
[2026-06-11T16:02:36.882977Z] [notify] [tavern] sent 1/1 (main=1 | quest=0 | category=0 groups=5)
[2026-06-11T16:03:04.730671Z] [notify] [tavern] sent 1/1 (main=1 | quest=0 | category=0 groups=5)
[2026-06-11T16:03:10.374915Z] [notify] [tavern] sent 1/1 (main=1 | quest=0 | category=0 groups=5)
[2026-06-11T16:06:50.120837Z] [notify] [tavern] sent 1/1 (main=1 | quest=0 | category=0 groups=5)
[2026-06-11T16:07:32.933795Z] [notify] [tavern] sent 1/1 (main=1 | quest=0 | category=0 groups=5)
[2026-06-11T16:07:45.166876Z] [notify] [tavern] sent 1/1 (main=1 | quest=0 | category=0 groups=5)
[2026-06-11T16:09:56.446080Z] [notify] [tavern] sent 1/1 (main=1 | quest=0 | category=0 groups=5)
[2026-06-12T00:31:23.215272Z] [notify] [tavern] sent 1/1 (main=1 | quest=0 | category=0 groups=5)
[2026-06-12T00:32:08.425568Z] [notify] [tavern] sent 1/1 (main=1 | quest=0 | category=0 groups=5)
[2026-06-12T00:36:29.103668Z] [notify] [tavern] sent 1/1 (main=1 | quest=0 | category=0 groups=5)
[2026-06-12T00:36:37.226569Z] [notify] [tavern] sent 1/1 (main=1 | quest=0 | category=0 groups=5)
[2026-06-12T00:37:14.271319Z] [notify] [tavern] sent 1/1 (main=1 | quest=0 | category=0 groups=5)
[2026-06-12T00:37:30.903529Z] [notify] [tavern] sent 1/1 (main=1 | quest=0 | category=0 groups=5)
[2026-06-12T00:52:14.224948Z] [notify] [tavern] sent 1/1 (main=1 | quest=0 | category=0 groups=5)
[2026-06-12T00:53:29.291925Z] [notify] [tavern] sent 1/1 (main=1 | quest=0 | category=0 groups=5)
[2026-06-12T00:56:27.502812Z] [notify] [tavern] sent 1/1 (main=1 | quest=0 | category=0 groups=5)
[2026-06-12T00:58:39.276504Z] [notify] [tavern] sent 1/1 (main=1 | quest=0 | category=0 groups=5)
[2026-06-12T01:00:05.613265Z] [notify] [tavern] sent 1/1 (main=1 | quest=0 | category=0 groups=5)
[2026-06-12T01:03:28.047856Z] [notify] [tavern] sent 1/1 (main=1 | quest=0 | category=0 groups=5)
[2026-06-12T01:05:52.835317Z] [notify] [tavern] sent 1/1 (main=1 | quest=0 | category=0 groups=5)
[2026-06-12T01:09:54.782595Z] [notify] [tavern] sent 1/1 (main=1 | quest=0 | category=0 groups=5)
[2026-06-12T01:17:08.257476Z] [notify] [tavern] sent 1/1 (main=1 | quest=0 | category=0 groups=5)
[2026-06-12T01:17:19.332890Z] [notify] [tavern] sent 1/1 (main=1 | quest=0 | category=0 groups=5)
[2026-06-12T01:18:20.409839Z] [notify] [tavern] sent 1/1 (main=1 | quest=0 | category=0 groups=5)
[2026-06-12T01:18:38.874277Z] [notify] [tavern] sent 1/1 (main=1 | quest=0 | category=0 groups=5)
[2026-06-12T01:19:41.551981Z] [notify] [tavern] sent 1/1 (main=1 | quest=0 | category=0 groups=5)
[2026-06-12T01:20:04.351641Z] [notify] [tavern] sent 1/1 (main=1 | quest=0 | category=0 groups=5)
[2026-06-12T01:20:39.843423Z] [notify] [tavern] sent 1/1 (main=1 | quest=0 | category=0 groups=5)
[2026-06-12T01:20:56.485597Z] [notify] [tavern] sent 1/1 (main=1 | quest=0 | category=0 groups=5)
[2026-06-12T01:20:58.480673Z] [notify] [tavern] sent 1/1 (main=1 | quest=0 | category=0 groups=5)
[2026-06-12T01:21:27.162242Z] [notify] [tavern] sent 1/1 (main=1 | quest=0 | category=0 groups=5)
[2026-06-12T01:24:03.822501Z] [notify] [tavern] sent 1/1 (main=1 | quest=0 | category=0 groups=5)
[2026-06-12T01:24:36.437374Z] [notify] [tavern] sent 1/1 (main=1 | quest=0 | category=0 groups=5)
[2026-06-12T01:27:32.419648Z] [notify] [tavern] sent 1/1 (main=1 | quest=0 | category=0 groups=5)
[2026-06-12T01:27:55.284531Z] [notify] [tavern] sent 1/1 (main=1 | quest=0 | category=0 groups=5)
[2026-06-12T01:30:38.948254Z] [notify] [tavern] sent 1/1 (main=1 | quest=0 | category=0 groups=5)
[2026-06-12T01:31:30.226325Z] [notify] [tavern] sent 1/1 (main=1 | quest=0 | category=0 groups=5)
[2026-06-12T01:33:22.918025Z] [notify] [tavern] sent 1/1 (main=1 | quest=0 | category=0 groups=5)
[2026-06-12T01:34:35.672342Z] [notify] [tavern] sent 1/1 (main=1 | quest=0 | category=0 groups=5)
[2026-06-12T01:36:01.734791Z] [notify] [tavern] sent 1/1 (main=1 | quest=0 | category=0 groups=5)
[2026-06-12T01:36:38.196245Z] [notify] [tavern] sent 1/1 (main=1 | quest=0 | category=0 groups=5)
[2026-06-12T01:37:31.741404Z] [notify] [tavern] sent 1/1 (main=1 | quest=0 | category=0 groups=5)
[2026-06-12T01:39:39.968032Z] [notify] [tavern] sent 1/1 (main=1 | quest=0 | category=0 groups=5)
[2026-06-12T01:40:56.412124Z] [notify] [tavern] sent 1/1 (main=1 | quest=0 | category=0 groups=5)
[2026-06-12T01:42:16.690417Z] [notify] [tavern] sent 1/1 (main=1 | quest=0 | category=0 groups=5)
[2026-06-12T01:44:38.893604Z] [notify] [tavern] sent 1/1 (main=1 | quest=0 | category=0 groups=5)
[2026-06-12T01:45:23.896167Z] [notify] [tavern] sent 1/1 (main=1 | quest=0 | category=0 groups=5)
[2026-06-12T01:47:37.447574Z] [notify] [tavern] sent 1/1 (main=1 | quest=0 | category=0 groups=5)
[2026-06-12T01:48:22.326033Z] [notify] [tavern] sent 1/1 (main=1 | quest=0 | category=0 groups=5)
[2026-06-12T01:50:34.405041Z] [notify] [tavern] sent 1/1 (main=1 | quest=0 | category=0 groups=5)
[2026-06-12T01:51:14.205547Z] [notify] [tavern] sent 1/1 (main=1 | quest=0 | category=0 groups=5)
[2026-06-12T01:53:46.313805Z] [notify] [tavern] sent 1/1 (main=1 | quest=0 | category=0 groups=5)
[2026-06-12T01:54:21.238148Z] [notify] [tavern] sent 1/1 (main=1 | quest=0 | category=0 groups=5)
[2026-06-12T01:56:52.983601Z] [notify] [tavern] sent 1/1 (main=1 | quest=0 | category=0 groups=5)
[2026-06-12T01:57:22.752187Z] [notify] [tavern] sent 1/1 (main=1 | quest=0 | category=0 groups=5)
[2026-06-12T01:59:18.683839Z] [notify] [tavern] sent 1/1 (main=1 | quest=0 | category=0 groups=5)
[2026-06-12T02:00:09.870548Z] [notify] [tavern] sent 2/2 (main=2 | quest=0 | category=0 groups=5)
[2026-06-12T02:00:33.779871Z] [notify] [tavern] sent 1/1 (main=1 | quest=0 | category=0 groups=5)
[2026-06-12T02:00:48.519545Z] [notify] [tavern] sent 1/1 (main=1 | quest=0 | category=0 groups=5)
[2026-06-12T02:03:40.323167Z] [notify] [tavern] sent 1/1 (main=1 | quest=0 | category=0 groups=5)
[2026-06-12T02:04:35.942199Z] [notify] [tavern] sent 1/1 (main=1 | quest=0 | category=0 groups=5)
[2026-06-12T02:06:39.263380Z] [notify] [tavern] sent 1/1 (main=1 | quest=0 | category=0 groups=5)
[2026-06-12T02:07:40.746725Z] [notify] [tavern] sent 1/1 (main=1 | quest=0 | category=0 groups=5)
[2026-06-12T02:09:25.568671Z] [notify] [tavern] sent 1/1 (main=1 | quest=0 | category=0 groups=5)
[2026-06-12T02:10:41.767716Z] [notify] [tavern] sent 1/1 (main=1 | quest=0 | category=0 groups=5)
[2026-06-12T02:12:36.782292Z] [notify] [tavern] sent 1/1 (main=1 | quest=0 | category=0 groups=5)
[2026-06-12T02:13:36.802971Z] [notify] [tavern] sent 1/1 (main=1 | quest=0 | category=0 groups=5)
[2026-06-12T02:16:41.146458Z] [notify] [tavern] sent 1/1 (main=1 | quest=0 | category=0 groups=5)
[2026-06-12T02:16:55.871221Z] [notify] [tavern] sent 1/1 (main=1 | quest=0 | category=0 groups=5)
[2026-06-12T02:17:19.140644Z] [notify] [tavern] sent 1/1 (main=1 | quest=0 | category=0 groups=5)
[2026-06-12T02:17:21.784672Z] [notify] [tavern] sent 1/1 (main=1 | quest=0 | category=0 groups=5)
[2026-06-12T02:20:47.514258Z] [notify] [tavern] sent 1/1 (main=1 | quest=0 | category=0 groups=5)
[2026-06-12T02:21:02.607838Z] [notify] [tavern] sent 1/1 (main=1 | quest=0 | category=0 groups=5)
[2026-06-12T02:24:58.624402Z] [notify] [tavern] sent 1/1 (main=1 | quest=0 | category=0 groups=5)
[2026-06-12T02:25:11.693689Z] [notify] [tavern] sent 1/1 (main=1 | quest=0 | category=0 groups=5)
[2026-06-12T02:25:14.038964Z] [notify] [tavern] sent 1/1 (main=1 | quest=0 | category=0 groups=5)
[2026-06-12T02:28:54.635432Z] [notify] [tavern] sent 1/1 (main=1 | quest=0 | category=0 groups=5)
[2026-06-12T02:29:09.847550Z] [notify] [tavern] sent 1/1 (main=1 | quest=0 | category=0 groups=5)
[2026-06-12T02:32:31.918318Z] [notify] [tavern] sent 1/1 (main=1 | quest=0 | category=0 groups=5)
[2026-06-12T02:32:46.348141Z] [notify] [tavern] sent 1/1 (main=1 | quest=0 | category=0 groups=5)
[2026-06-12T02:35:38.446474Z] [notify] [tavern] sent 1/1 (main=1 | quest=0 | category=0 groups=5)
[2026-06-12T02:36:00.974824Z] [notify] [tavern] sent 1/1 (main=1 | quest=0 | category=0 groups=5)
[2026-06-12T02:36:03.200126Z] [notify] [tavern] sent 1/1 (main=1 | quest=0 | category=0 groups=5)
[2026-06-12T02:38:09.998569Z] [notify] [tavern] sent 1/1 (main=1 | quest=0 | category=0 groups=5)
[2026-06-12T02:38:31.351266Z] [notify] [tavern] sent 1/1 (main=1 | quest=0 | category=0 groups=5)
[2026-06-12T02:39:47.172074Z] [notify] [tavern] sent 1/1 (main=1 | quest=0 | category=0 groups=5)
[2026-06-12T02:41:28.850835Z] [notify] [tavern] sent 1/1 (main=1 | quest=0 | category=0 groups=5)
[2026-06-12T02:43:52.556872Z] [notify] [tavern] sent 1/1 (main=1 | quest=0 | category=0 groups=5)
[2026-06-12T02:44:18.571854Z] [notify] [tavern] sent 1/1 (main=1 | quest=0 | category=0 groups=5)
[2026-06-12T02:47:44.360020Z] [notify] [tavern] sent 1/1 (main=1 | quest=0 | category=0 groups=5)
[2026-06-12T02:47:58.865768Z] [notify] [tavern] sent 1/1 (main=1 | quest=0 | category=0 groups=5)
[2026-06-12T02:51:38.396481Z] [notify] [tavern] sent 1/1 (main=1 | quest=0 | category=0 groups=5)
[2026-06-12T02:51:54.191625Z] [notify] [tavern] sent 1/1 (main=1 | quest=0 | category=0 groups=5)
[2026-06-12T02:54:25.948217Z] [notify] [tavern] sent 1/1 (main=1 | quest=0 | category=0 groups=5)
[2026-06-12T02:57:24.532556Z] [notify] [tavern] sent 1/1 (main=1 | quest=0 | category=0 groups=5)
[2026-06-12T02:58:40.052125Z] [notify] [tavern] sent 1/1 (main=1 | quest=0 | category=0 groups=5)
[2026-06-12T02:58:54.770276Z] [notify] [tavern] sent 1/1 (main=1 | quest=0 | category=0 groups=5)
[2026-06-12T03:00:04.577499Z] [notify] [tavern] sent 1/1 (main=1 | quest=0 | category=0 groups=5)
[2026-06-12T03:00:31.490522Z] [notify] [tavern] sent 1/1 (main=1 | quest=0 | category=0 groups=5)
[2026-06-12T03:03:04.380666Z] [notify] [tavern] sent 1/1 (main=1 | quest=0 | category=0 groups=5)
[2026-06-12T03:03:49.681515Z] [notify] [tavern] sent 1/1 (main=1 | quest=0 | category=0 groups=5)
[2026-06-12T03:05:00.006343Z] [notify] [tavern] sent 1/1 (main=1 | quest=0 | category=0 groups=5)
[2026-06-12T03:06:20.820800Z] [notify] [tavern] sent 1/1 (main=1 | quest=0 | category=0 groups=5)
[2026-06-12T03:07:46.573151Z] [notify] [tavern] sent 1/1 (main=1 | quest=0 | category=0 groups=5)
[2026-06-12T03:08:51.912075Z] [notify] [tavern] sent 1/1 (main=1 | quest=0 | category=0 groups=5)
[2026-06-12T03:11:34.009037Z] [notify] [tavern] sent 1/1 (main=1 | quest=0 | category=0 groups=5)
[2026-06-12T03:13:46.738116Z] [notify] [tavern] sent 1/1 (main=1 | quest=0 | category=0 groups=5)
[2026-06-12T03:14:46.969542Z] [notify] [tavern] sent 1/1 (main=1 | quest=0 | category=0 groups=5)
[2026-06-12T03:17:02.922229Z] [notify] [tavern] sent 1/1 (main=1 | quest=0 | category=0 groups=5)
[2026-06-12T03:18:34.043868Z] [notify] [tavern] sent 1/1 (main=1 | quest=0 | category=0 groups=5)
[2026-06-12T03:18:48.336306Z] [notify] [tavern] sent 1/1 (main=1 | quest=0 | category=0 groups=5)
[2026-06-12T03:20:59.926230Z] [notify] [tavern] sent 1/1 (main=1 | quest=0 | category=0 groups=5)
[2026-06-12T03:21:31.951474Z] [notify] [tavern] sent 1/1 (main=1 | quest=0 | category=0 groups=5)
[2026-06-12T03:21:55.646293Z] [notify] [tavern] sent 1/1 (main=1 | quest=0 | category=0 groups=5)
[2026-06-12T03:22:10.720525Z] [notify] [tavern] sent 1/1 (main=1 | quest=0 | category=0 groups=5)
[2026-06-12T03:22:43.334254Z] [notify] [tavern] sent 1/1 (main=1 | quest=0 | category=0 groups=5)
[2026-06-12T03:25:16.266234Z] [notify] [tavern] sent 1/1 (main=1 | quest=0 | category=0 groups=5)
[2026-06-12T03:25:37.457002Z] [notify] [tavern] sent 1/1 (main=1 | quest=0 | category=0 groups=5)
[2026-06-12T03:31:43.226908Z] [notify] [tavern] sent 1/1 (main=1 | quest=0 | category=0 groups=5)
[2026-06-12T03:32:48.268306Z] [notify] [tavern] sent 1/1 (main=1 | quest=0 | category=0 groups=5)
[2026-06-12T03:33:43.515286Z] [notify] [tavern] sent 1/1 (main=1 | quest=0 | category=0 groups=5)
[2026-06-12T03:38:03.464978Z] [notify] [tavern] sent 1/1 (main=1 | quest=0 | category=0 groups=5)
[2026-06-12T03:39:29.278479Z] [notify] [tavern] sent 1/1 (main=1 | quest=0 | category=0 groups=5)
[2026-06-12T03:44:21.963967Z] [notify] [tavern] sent 1/1 (main=1 | quest=0 | category=0 groups=5)
[2026-06-12T03:47:32.200270Z] [notify] [tavern] sent 1/1 (main=1 | quest=0 | category=0 groups=5)
[2026-06-12T03:52:18.775460Z] [notify] [tavern] sent 1/1 (main=1 | quest=0 | category=0 groups=5)
[2026-06-12T03:55:29.123249Z] [notify] [tavern] sent 1/1 (main=1 | quest=0 | category=0 groups=5)
[2026-06-12T03:58:52.237392Z] [notify] [tavern] sent 1/1 (main=1 | quest=0 | category=0 groups=5)
[2026-06-12T04:00:08.480635Z] [notify] [tavern] sent 1/1 (main=1 | quest=0 | category=0 groups=5)
[2026-06-12T04:00:31.918739Z] [notify] [tavern] sent 1/1 (main=1 | quest=0 | category=0 groups=5)
[2026-06-12T04:02:37.233487Z] [notify] [tavern] sent 1/1 (main=1 | quest=0 | category=0 groups=5)
[2026-06-12T04:05:17.927309Z] [notify] [tavern] sent 1/1 (main=1 | quest=0 | category=0 groups=5)
[2026-06-12T04:09:33.092068Z] [notify] [tavern] sent 1/1 (main=1 | quest=0 | category=0 groups=5)
[2026-06-12T04:12:10.463846Z] [notify] [tavern] sent 1/1 (main=1 | quest=0 | category=0 groups=5)
[2026-06-12T04:16:44.324664Z] [notify] [tavern] sent 1/1 (main=1 | quest=0 | category=0 groups=5)
[2026-06-12T04:18:29.942800Z] [notify] [tavern] sent 1/1 (main=1 | quest=0 | category=0 groups=5)
[2026-06-12T04:18:58.049410Z] [notify] [tavern] sent 1/1 (main=1 | quest=0 | category=0 groups=5)
[2026-06-12T04:24:08.883867Z] [notify] [tavern] sent 1/1 (main=1 | quest=0 | category=0 groups=5)
[2026-06-12T04:24:33.581069Z] [notify] [tavern] sent 1/1 (main=1 | quest=0 | category=0 groups=5)
[2026-06-12T04:25:19.939690Z] [notify] [tavern] sent 1/1 (main=1 | quest=0 | category=0 groups=5)
[2026-06-12T04:31:45.744604Z] [notify] [tavern] sent 1/1 (main=1 | quest=0 | category=0 groups=5)
[2026-06-12T04:39:32.631084Z] [notify] [tavern] sent 1/1 (main=1 | quest=0 | category=0 groups=5)
[2026-06-12T04:45:34.849314Z] [notify] [tavern] sent 1/1 (main=1 | quest=0 | category=0 groups=5)
[2026-06-12T05:00:09.979974Z] [notify] [tavern] sent 1/1 (main=1 | quest=0 | category=0 groups=5)
[2026-06-12T05:16:33.512030Z] [notify] [tavern] sent 1/1 (main=1 | quest=0 | category=0 groups=5)
[2026-06-12T05:18:17.685131Z] [notify] [tavern] sent 1/1 (main=1 | quest=0 | category=0 groups=5)
[2026-06-12T05:21:18.081646Z] [notify] [tavern] sent 1/1 (main=1 | quest=0 | category=0 groups=5)
[2026-06-12T05:24:24.356370Z] [notify] [tavern] sent 1/1 (main=1 | quest=0 | category=0 groups=5)
[2026-06-12T05:27:25.289186Z] [notify] [tavern] sent 1/1 (main=1 | quest=0 | category=0 groups=5)
[2026-06-12T05:30:18.789584Z] [notify] [tavern] sent 1/1 (main=1 | quest=0 | category=0 groups=5)
[2026-06-12T05:31:46.351748Z] [notify] [tavern] sent 1/1 (main=1 | quest=0 | category=0 groups=5)
[2026-06-12T05:33:15.397297Z] [notify] [tavern] sent 1/1 (main=1 | quest=0 | category=0 groups=5)
[2026-06-12T05:34:17.767869Z] [notify] [tavern] sent 1/1 (main=1 | quest=0 | category=0 groups=5)
[2026-06-12T05:36:21.810015Z] [notify] [tavern] sent 1/1 (main=1 | quest=0 | category=0 groups=5)
[2026-06-12T05:37:18.580463Z] [notify] [tavern] sent 1/1 (main=1 | quest=0 | category=0 groups=5)
[2026-06-12T05:39:06.158017Z] [notify] [tavern] sent 1/1 (main=1 | quest=0 | category=0 groups=5)
[2026-06-12T05:40:33.339545Z] [notify] [tavern] sent 1/1 (main=1 | quest=0 | category=0 groups=5)
[2026-06-12T05:42:12.402268Z] [notify] [tavern] sent 1/1 (main=1 | quest=0 | category=0 groups=5)
[2026-06-12T05:43:18.621081Z] [notify] [tavern] sent 1/1 (main=1 | quest=0 | category=0 groups=5)
[2026-06-12T05:45:15.994235Z] [notify] [tavern] sent 1/1 (main=1 | quest=0 | category=0 groups=5)
[2026-06-12T05:46:29.790375Z] [notify] [tavern] sent 1/1 (main=1 | quest=0 | category=0 groups=5)
[2026-06-12T05:48:07.028542Z] [notify] [tavern] sent 1/1 (main=1 | quest=0 | category=0 groups=5)
[2026-06-12T05:49:29.144631Z] [notify] [tavern] sent 1/1 (main=1 | quest=0 | category=0 groups=5)
[2026-06-12T05:52:19.712149Z] [notify] [tavern] sent 1/1 (main=1 | quest=0 | category=0 groups=5)
[2026-06-12T05:52:32.363526Z] [notify] [tavern] sent 1/1 (main=1 | quest=0 | category=0 groups=5)
[2026-06-12T05:55:24.036446Z] [notify] [tavern] sent 1/1 (main=1 | quest=0 | category=0 groups=5)
[2026-06-12T05:55:46.198956Z] [notify] [tavern] sent 1/1 (main=1 | quest=0 | category=0 groups=5)
[2026-06-12T05:55:47.097708Z] [notify] [tavern] sent 1/1 (main=1 | quest=0 | category=0 groups=5)
[2026-06-12T05:58:27.338946Z] [notify] [tavern] sent 1/1 (main=1 | quest=0 | category=0 groups=5)
[2026-06-12T05:59:30.871019Z] [notify] [tavern] sent 1/1 (main=1 | quest=0 | category=0 groups=5)
[2026-06-12T06:00:08.654797Z] [notify] [tavern] sent 1/1 (main=1 | quest=0 | category=0 groups=5)
[2026-06-12T06:01:04.823165Z] [notify] [tavern] sent 1/1 (main=1 | quest=0 | category=0 groups=5)
[2026-06-12T06:02:31.890419Z] [notify] [tavern] sent 1/1 (main=1 | quest=0 | category=0 groups=5)
[2026-06-12T06:04:28.117459Z] [notify] [tavern] sent 1/1 (main=1 | quest=0 | category=0 groups=5)
[2026-06-12T06:05:26.617537Z] [notify] [tavern] sent 1/1 (main=1 | quest=0 | category=0 groups=5)
[2026-06-12T06:07:21.571238Z] [notify] [tavern] sent 1/1 (main=1 | quest=0 | category=0 groups=5)
[2026-06-12T06:08:35.012391Z] [notify] [tavern] sent 1/1 (main=1 | quest=0 | category=0 groups=5)
[2026-06-12T06:10:24.260375Z] [notify] [tavern] sent 1/1 (main=1 | quest=0 | category=0 groups=5)
[2026-06-12T06:11:47.696981Z] [notify] [tavern] sent 1/1 (main=1 | quest=0 | category=0 groups=5)
[2026-06-12T06:13:38.180640Z] [notify] [tavern] sent 1/1 (main=1 | quest=0 | category=0 groups=5)
[2026-06-12T06:15:46.240424Z] [notify] [tavern] sent 1/1 (main=1 | quest=0 | category=0 groups=5)
[2026-06-12T06:17:28.156912Z] [notify] [tavern] sent 1/1 (main=1 | quest=0 | category=0 groups=5)
[2026-06-12T06:20:00.786372Z] [notify] [tavern] sent 1/1 (main=1 | quest=0 | category=0 groups=5)
[2026-06-12T06:20:13.276985Z] [notify] [tavern] sent 1/1 (main=1 | quest=0 | category=0 groups=5)
[2026-06-12T06:23:44.629589Z] [notify] [tavern] sent 1/1 (main=1 | quest=0 | category=0 groups=5)
[2026-06-12T06:24:12.964321Z] [notify] [tavern] sent 1/1 (main=1 | quest=0 | category=0 groups=5)
[2026-06-12T06:24:13.921261Z] [notify] [tavern] sent 1/1 (main=1 | quest=0 | category=0 groups=5)
[2026-06-12T06:27:32.083296Z] [notify] [tavern] sent 1/1 (main=1 | quest=0 | category=0 groups=5)
[2026-06-12T06:27:55.165781Z] [notify] [tavern] sent 1/1 (main=1 | quest=0 | category=0 groups=5)
[2026-06-12T06:33:54.987935Z] [notify] [tavern] sent 1/1 (main=1 | quest=0 | category=0 groups=5)
[2026-06-12T06:35:00.764292Z] [notify] [tavern] sent 1/1 (main=1 | quest=0 | category=0 groups=5)
[2026-06-12T06:35:52.958048Z] [notify] [tavern] sent 1/1 (main=1 | quest=0 | category=0 groups=5)
[2026-06-12T06:36:42.527395Z] [notify] [tavern] sent 1/1 (main=1 | quest=0 | category=0 groups=5)
[2026-06-12T06:42:22.218157Z] [notify] [tavern] sent 1/1 (main=1 | quest=0 | category=0 groups=5)
[2026-06-12T06:44:53.917846Z] [notify] [tavern] sent 1/1 (main=1 | quest=0 | category=0 groups=5)
[2026-06-12T06:47:57.329875Z] [notify] [tavern] sent 1/1 (main=1 | quest=0 | category=0 groups=5)
[2026-06-12T06:50:17.889859Z] [notify] [tavern] sent 1/1 (main=1 | quest=0 | category=0 groups=5)
[2026-06-12T06:51:28.258005Z] [notify] [tavern] sent 1/1 (main=1 | quest=0 | category=0 groups=5)
[2026-06-12T06:55:55.810508Z] [notify] [tavern] sent 1/1 (main=1 | quest=0 | category=0 groups=5)
[2026-06-12T07:00:04.912558Z] [notify] [tavern] sent 1/1 (main=1 | quest=0 | category=0 groups=5)
[2026-06-12T07:00:22.170320Z] [notify] [tavern] sent 1/1 (main=1 | quest=0 | category=0 groups=5)
[2026-06-12T07:01:42.088729Z] [notify] [tavern] sent 1/1 (main=1 | quest=0 | category=0 groups=5)
[2026-06-12T07:05:30.004872Z] [notify] [tavern] sent 1/1 (main=1 | quest=0 | category=0 groups=5)
[2026-06-12T07:06:34.880429Z] [notify] [tavern] sent 1/1 (main=1 | quest=0 | category=0 groups=5)
[2026-06-12T07:07:25.012458Z] [notify] [tavern] sent 1/1 (main=1 | quest=0 | category=0 groups=5)
[2026-06-12T07:13:30.417762Z] [notify] [tavern] sent 1/1 (main=1 | quest=0 | category=0 groups=5)
[2026-06-12T07:14:30.122092Z] [notify] [tavern] sent 1/1 (main=1 | quest=0 | category=0 groups=5)
[2026-06-12T07:14:59.486628Z] [notify] [tavern] sent 1/1 (main=1 | quest=0 | category=0 groups=5)
[2026-06-12T07:19:52.094118Z] [notify] [tavern] sent 1/1 (main=1 | quest=0 | category=0 groups=5)
[2026-06-12T07:20:19.789010Z] [notify] [tavern] sent 1/1 (main=1 | quest=0 | category=0 groups=5)
[2026-06-12T07:20:36.967546Z] [notify] [tavern] sent 1/1 (main=1 | quest=0 | category=0 groups=5)
[2026-06-12T07:22:55.632357Z] [notify] [tavern] sent 1/1 (main=1 | quest=0 | category=0 groups=5)
[2026-06-12T07:24:41.006387Z] [notify] [tavern] sent 1/1 (main=1 | quest=0 | category=0 groups=5)
[2026-06-12T07:27:40.810729Z] [notify] [tavern] sent 1/1 (main=1 | quest=0 | category=0 groups=5)
[2026-06-12T07:28:46.997431Z] [notify] [tavern] sent 1/1 (main=1 | quest=0 | category=0 groups=5)
[2026-06-12T07:30:13.559476Z] [notify] [tavern] sent 1/1 (main=1 | quest=0 | category=0 groups=5)
[2026-06-12T07:32:27.684632Z] [notify] [tavern] sent 1/1 (main=1 | quest=0 | category=0 groups=5)
[2026-06-12T07:34:01.963089Z] [notify] [tavern] sent 1/1 (main=1 | quest=0 | category=0 groups=5)
[2026-06-12T07:35:15.843541Z] [notify] [tavern] sent 1/1 (main=1 | quest=0 | category=0 groups=5)
[2026-06-12T07:38:22.818981Z] [notify] [tavern] sent 1/1 (main=1 | quest=0 | category=0 groups=5)
[2026-06-12T07:41:32.525985Z] [notify] [tavern] sent 1/1 (main=1 | quest=0 | category=0 groups=5)
[2026-06-12T07:41:42.821183Z] [notify] [tavern] sent 1/1 (main=1 | quest=0 | category=0 groups=5)
[2026-06-12T07:44:32.707917Z] [notify] [tavern] sent 1/1 (main=1 | quest=0 | category=0 groups=5)
[2026-06-12T07:47:33.089285Z] [notify] [tavern] sent 1/1 (main=1 | quest=0 | category=0 groups=5)
[2026-06-12T07:47:44.887937Z] [notify] [tavern] sent 1/1 (main=1 | quest=0 | category=0 groups=5)
[2026-06-12T07:50:24.901829Z] [notify] [tavern] sent 1/1 (main=1 | quest=0 | category=0 groups=5)
[2026-06-12T07:51:09.455814Z] [notify] [tavern] sent 1/1 (main=1 | quest=0 | category=0 groups=5)
[2026-06-12T07:52:47.051113Z] [notify] [tavern] sent 1/1 (main=1 | quest=0 | category=0 groups=5)
[2026-06-12T07:53:46.263604Z] [notify] [tavern] sent 1/1 (main=1 | quest=0 | category=0 groups=5)
[2026-06-12T07:56:52.725881Z] [notify] [tavern] sent 1/1 (main=1 | quest=0 | category=0 groups=5)
[2026-06-12T08:00:08.757883Z] [notify] [tavern] sent 1/1 (main=1 | quest=0 | category=0 groups=5)
[2026-06-12T08:02:07.110643Z] [notify] [tavern] sent 1/1 (main=1 | quest=0 | category=0 groups=5)
[2026-06-12T08:02:35.395730Z] [notify] [tavern] sent 1/1 (main=1 | quest=0 | category=0 groups=5)
[2026-06-12T08:07:47.091936Z] [notify] [tavern] sent 1/1 (main=1 | quest=0 | category=0 groups=5)
[2026-06-12T08:08:51.594922Z] [notify] [tavern] sent 1/1 (main=1 | quest=0 | category=0 groups=5)
[2026-06-12T08:10:30.560967Z] [notify] [tavern] sent 1/1 (main=1 | quest=0 | category=0 groups=5)
[2026-06-12T08:10:53.110422Z] [notify] [tavern] sent 1/1 (main=1 | quest=0 | category=0 groups=5)
[2026-06-12T08:13:43.564918Z] [notify] [tavern] sent 1/1 (main=1 | quest=0 | category=0 groups=5)
[2026-06-12T08:16:48.863454Z] [notify] [tavern] sent 1/1 (main=1 | quest=0 | category=0 groups=5)
[2026-06-12T08:17:02.828208Z] [notify] [tavern] sent 1/1 (main=1 | quest=0 | category=0 groups=5)
[2026-06-12T08:19:41.514825Z] [notify] [tavern] sent 1/1 (main=1 | quest=0 | category=0 groups=5)
[2026-06-12T08:22:36.303810Z] [notify] [tavern] sent 1/1 (main=1 | quest=0 | category=0 groups=5)
[2026-06-12T08:23:51.360460Z] [notify] [tavern] sent 1/1 (main=1 | quest=0 | category=0 groups=5)
[2026-06-12T08:25:41.295109Z] [notify] [tavern] sent 1/1 (main=1 | quest=0 | category=0 groups=5)
[2026-06-12T08:30:48.223099Z] [notify] [tavern] sent 1/1 (main=1 | quest=0 | category=0 groups=5)
[2026-06-12T08:31:21.716407Z] [notify] [tavern] sent 1/1 (main=1 | quest=0 | category=0 groups=5)
[2026-06-12T08:31:30.471167Z] [notify] [tavern] sent 1/1 (main=1 | quest=0 | category=0 groups=5)
[2026-06-12T08:31:56.177321Z] [notify] [tavern] sent 1/1 (main=1 | quest=0 | category=0 groups=5)
[2026-06-12T08:33:10.616286Z] [notify] [tavern] sent 1/1 (main=1 | quest=0 | category=0 groups=5)
[2026-06-12T08:50:41.743575Z] [notify] [tavern] sent 1/1 (main=1 | quest=0 | category=0 groups=5)
[2026-06-12T08:58:46.323380Z] [notify] [tavern] sent 1/1 (main=1 | quest=0 | category=0 groups=5)
[2026-06-12T09:00:05.263487Z] [notify] [tavern] sent 1/1 (main=1 | quest=0 | category=0 groups=5)
[2026-06-12T09:01:33.867372Z] [notify] [tavern] sent 1/1 (main=1 | quest=0 | category=0 groups=5)
[2026-06-12T09:30:39.619867Z] [notify] [tavern] sent 1/1 (main=1 | quest=0 | category=0 groups=5)
[2026-06-12T09:32:05.716759Z] [notify] [tavern] sent 1/1 (main=1 | quest=0 | category=0 groups=5)
[2026-06-12T09:32:26.642916Z] [notify] [tavern] sent 1/1 (main=1 | quest=0 | category=0 groups=5)
[2026-06-12T09:32:37.602680Z] [notify] [tavern] sent 1/1 (main=1 | quest=0 | category=0 groups=5)
[2026-06-12T09:33:29.001211Z] [notify] [tavern] sent 1/1 (main=1 | quest=0 | category=0 groups=5)
[2026-06-12T09:34:31.106849Z] [notify] [tavern] sent 1/1 (main=1 | quest=0 | category=0 groups=5)
[2026-06-12T09:41:11.395637Z] [notify] [tavern] sent 1/1 (main=1 | quest=0 | category=0 groups=5)
[2026-06-12T12:18:51.179719Z] [notify] [tavern] sent 3/3 (main=3 | quest=0 | category=0 groups=5)
[2026-06-12T12:22:16.881973Z] [notify] [tavern] sent 1/1 (main=1 | quest=0 | category=0 groups=5)
[2026-06-12T12:23:42.416570Z] [notify] [tavern] sent 1/1 (main=1 | quest=0 | category=0 groups=5)
[2026-06-12T12:26:36.950583Z] [notify] [tavern] sent 1/1 (main=1 | quest=0 | category=0 groups=5)
[2026-06-12T12:28:31.040716Z] [notify] [tavern] sent 1/1 (main=1 | quest=0 | category=0 groups=5)
[2026-06-12T12:30:09.677406Z] [notify] [tavern] sent 1/1 (main=1 | quest=0 | category=0 groups=5)
[2026-06-12T12:32:29.789848Z] [notify] [tavern] sent 1/1 (main=1 | quest=0 | category=0 groups=5)
[2026-06-12T12:34:32.081148Z] [notify] [tavern] sent 1/1 (main=1 | quest=0 | category=0 groups=5)
[2026-06-12T12:38:21.014243Z] [notify] [tavern] sent 1/1 (main=1 | quest=0 | category=0 groups=5)
[2026-06-12T12:38:52.263597Z] [notify] [tavern] sent 1/1 (main=1 | quest=0 | category=0 groups=5)
[2026-06-12T12:43:41.170003Z] [notify] [tavern] sent 1/1 (main=1 | quest=0 | category=0 groups=5)
[2026-06-12T12:48:24.958614Z] [notify] [tavern] sent 1/1 (main=1 | quest=0 | category=0 groups=5)
[2026-06-12T12:53:07.786987Z] [notify] [tavern] sent 1/1 (main=1 | quest=0 | category=0 groups=5)
[2026-06-12T12:53:32.388155Z] [notify] [tavern] sent 1/1 (main=1 | quest=0 | category=0 groups=5)
[2026-06-12T12:57:34.989762Z] [notify] [tavern] sent 1/1 (main=1 | quest=0 | category=0 groups=5)
[2026-06-12T13:00:06.755037Z] [notify] [tavern] sent 1/1 (main=1 | quest=0 | category=0 groups=5)
[2026-06-12T13:00:47.277422Z] [notify] [tavern] sent 1/1 (main=1 | quest=0 | category=0 groups=5)
[2026-06-12T13:01:35.975922Z] [notify] [tavern] sent 1/1 (main=1 | quest=0 | category=0 groups=5)
[2026-06-12T13:06:53.976579Z] [notify] [tavern] sent 1/1 (main=1 | quest=0 | category=0 groups=5)
[2026-06-12T13:08:10.156312Z] [notify] [tavern] sent 1/1 (main=1 | quest=0 | category=0 groups=5)
[2026-06-12T13:11:48.214494Z] [notify] [tavern] sent 1/1 (main=1 | quest=0 | category=0 groups=5)
[2026-06-12T13:16:50.556453Z] [notify] [tavern] sent 1/1 (main=1 | quest=0 | category=0 groups=5)
[2026-06-12T13:17:29.644532Z] [notify] [tavern] sent 1/1 (main=1 | quest=0 | category=0 groups=5)
[2026-06-12T13:22:50.832797Z] [notify] [tavern] sent 1/1 (main=1 | quest=0 | category=0 groups=5)
[2026-06-12T13:27:48.067193Z] [notify] [tavern] sent 1/1 (main=1 | quest=0 | category=0 groups=5)
[2026-06-12T13:27:59.027020Z] [notify] [tavern] sent 1/1 (main=1 | quest=0 | category=0 groups=5)
[2026-06-12T13:33:39.789360Z] [notify] [tavern] sent 1/1 (main=1 | quest=0 | category=0 groups=5)
[2026-06-12T13:34:56.443317Z] [notify] [tavern] sent 1/1 (main=1 | quest=0 | category=0 groups=5)
[2026-06-12T13:40:44.891145Z] [notify] [tavern] sent 1/1 (main=1 | quest=0 | category=0 groups=5)
[2026-06-12T13:41:35.287144Z] [notify] [tavern] sent 1/1 (main=1 | quest=0 | category=0 groups=5)
[2026-06-12T13:45:40.806201Z] [notify] [tavern] sent 1/1 (main=1 | quest=0 | category=0 groups=5)
[2026-06-12T13:49:25.469090Z] [notify] [tavern] sent 1/1 (main=1 | quest=0 | category=0 groups=5)
[2026-06-12T13:50:43.697150Z] [notify] [tavern] sent 1/1 (main=1 | quest=0 | category=0 groups=5)
[2026-06-12T13:55:53.346681Z] [notify] [tavern] sent 1/1 (main=1 | quest=0 | category=0 groups=5)
[2026-06-12T13:57:39.280606Z] [notify] [tavern] sent 1/1 (main=1 | quest=0 | category=0 groups=5)
[2026-06-12T14:00:04.962151Z] [notify] [tavern] sent 1/1 (main=1 | quest=0 | category=0 groups=5)
[2026-06-12T14:00:53.043183Z] [notify] [tavern] sent 1/1 (main=1 | quest=0 | category=0 groups=5)
[2026-06-12T14:05:24.226655Z] [notify] [tavern] sent 1/1 (main=1 | quest=0 | category=0 groups=5)
[2026-06-12T14:05:34.978145Z] [notify] [tavern] sent 1/1 (main=1 | quest=0 | category=0 groups=5)
[2026-06-12T14:09:55.751285Z] [notify] [tavern] sent 1/1 (main=1 | quest=0 | category=0 groups=5)
[2026-06-12T14:13:50.912015Z] [notify] [tavern] sent 1/1 (main=1 | quest=0 | category=0 groups=5)
[2026-06-12T14:14:41.769861Z] [notify] [tavern] sent 1/1 (main=1 | quest=0 | category=0 groups=5)
[2026-06-12T14:19:51.488342Z] [notify] [tavern] sent 1/1 (main=1 | quest=0 | category=0 groups=5)
[2026-06-12T14:22:32.391263Z] [notify] [tavern] sent 1/1 (main=1 | quest=0 | category=0 groups=5)
[2026-06-12T14:24:52.534936Z] [notify] [tavern] sent 1/1 (main=1 | quest=0 | category=0 groups=5)
[2026-06-12T14:29:40.872536Z] [notify] [tavern] sent 1/1 (main=1 | quest=0 | category=0 groups=5)
[2026-06-12T14:30:40.669645Z] [notify] [tavern] sent 1/1 (main=1 | quest=0 | category=0 groups=5)
[2026-06-12T14:34:49.620896Z] [notify] [tavern] sent 1/1 (main=1 | quest=0 | category=0 groups=5)
[2026-06-12T14:38:38.731736Z] [notify] [tavern] sent 1/1 (main=1 | quest=0 | category=0 groups=5)
[2026-06-12T14:39:37.162250Z] [notify] [tavern] sent 1/1 (main=1 | quest=0 | category=0 groups=5)
[2026-06-12T14:44:38.684498Z] [notify] [tavern] sent 1/1 (main=1 | quest=0 | category=0 groups=5)
[2026-06-12T14:46:16.913037Z] [notify] [tavern] sent 1/1 (main=1 | quest=0 | category=0 groups=5)
[2026-06-12T14:49:23.216551Z] [notify] [tavern] sent 1/1 (main=1 | quest=0 | category=0 groups=5)
[2026-06-12T14:54:56.960419Z] [notify] [tavern] sent 1/1 (main=1 | quest=0 | category=0 groups=5)
[2026-06-12T14:56:44.884341Z] [notify] [tavern] sent 1/1 (main=1 | quest=0 | category=0 groups=5)
[2026-06-12T15:00:09.750566Z] [notify] [tavern] sent 1/1 (main=1 | quest=0 | category=0 groups=5)
[2026-06-12T15:01:57.290153Z] [notify] [tavern] sent 1/1 (main=1 | quest=0 | category=0 groups=5)
[2026-06-12T15:04:11.437458Z] [notify] [tavern] sent 1/1 (main=1 | quest=0 | category=0 groups=5)
[2026-06-12T15:08:10.045320Z] [notify] [tavern] sent 1/1 (main=1 | quest=0 | category=0 groups=5)
[2026-06-12T15:10:58.627168Z] [notify] [tavern] sent 1/1 (main=1 | quest=0 | category=0 groups=5)
[2026-06-12T15:14:24.879459Z] [notify] [tavern] sent 1/1 (main=1 | quest=0 | category=0 groups=5)
[2026-06-12T15:17:41.116874Z] [notify] [tavern] sent 1/1 (main=1 | quest=0 | category=0 groups=5)
[2026-06-12T15:20:20.451382Z] [notify] [tavern] sent 1/1 (main=1 | quest=0 | category=0 groups=5)
[2026-06-12T15:21:27.946565Z] [notify] [tavern] sent 1/1 (main=1 | quest=0 | category=0 groups=5)
[2026-06-12T15:21:57.650303Z] [notify] [tavern] sent 1/1 (main=1 | quest=0 | category=0 groups=5)
[2026-06-12T15:23:11.969849Z] [notify] [tavern] sent 1/1 (main=1 | quest=0 | category=0 groups=5)
[2026-06-12T15:23:45.110707Z] [notify] [tavern] sent 1/1 (main=1 | quest=0 | category=0 groups=5)
[2026-06-12T15:33:54.602301Z] [notify] [tavern] sent 1/1 (main=1 | quest=0 | category=0 groups=5)
[2026-06-12T15:38:39.218613Z] [notify] [tavern] sent 1/1 (main=1 | quest=0 | category=0 groups=5)
[2026-06-12T15:43:20.748748Z] [notify] [tavern] sent 1/1 (main=1 | quest=0 | category=0 groups=5)
[2026-06-12T15:50:05.058603Z] [notify] [tavern] sent 1/1 (main=1 | quest=0 | category=0 groups=5)
[2026-06-13T01:20:29.265725Z] [notify] [tavern] sent 1/1 (main=1 | quest=0 | category=0 groups=5)
[2026-06-13T01:21:34.119452Z] [notify] [tavern] sent 1/1 (main=1 | quest=0 | category=0 groups=5)
[2026-06-13T01:26:12.284135Z] [notify] [tavern] sent 1/1 (main=1 | quest=0 | category=0 groups=5)
[2026-06-13T01:28:20.490369Z] [notify] [tavern] sent 1/1 (main=1 | quest=0 | category=0 groups=5)
[2026-06-13T01:29:06.224668Z] [notify] [tavern] sent 1/1 (main=1 | quest=0 | category=0 groups=5)
[2026-06-13T01:29:39.771202Z] [notify] [tavern] sent 1/1 (main=1 | quest=0 | category=0 groups=5)
[2026-06-13T01:30:45.347208Z] [notify] [tavern] sent 1/1 (main=1 | quest=0 | category=0 groups=5)
[2026-06-13T01:34:17.555356Z] [notify] [tavern] sent 1/1 (main=1 | quest=0 | category=0 groups=5)
[2026-06-13T01:43:20.489972Z] [notify] [tavern] sent 1/1 (main=1 | quest=0 | category=0 groups=5)
[2026-06-13T01:45:17.622862Z] [notify] [tavern] sent 1/1 (main=1 | quest=0 | category=0 groups=5)
[2026-06-13T01:47:44.744778Z] [notify] [tavern] sent 1/1 (main=1 | quest=0 | category=0 groups=5)
[2026-06-13T01:50:37.522751Z] [notify] [tavern] sent 1/1 (main=1 | quest=0 | category=0 groups=5)
[2026-06-13T01:53:06.036325Z] [notify] [tavern] sent 1/1 (main=1 | quest=0 | category=0 groups=5)
[2026-06-13T01:53:20.359580Z] [notify] [tavern] sent 1/1 (main=1 | quest=0 | category=0 groups=5)
[2026-06-13T01:53:34.963793Z] [notify] [tavern] sent 1/1 (main=1 | quest=0 | category=0 groups=5)
[2026-06-13T01:53:50.029188Z] [notify] [tavern] sent 1/1 (main=1 | quest=0 | category=0 groups=5)
[2026-06-13T02:00:13.042822Z] [notify] [tavern] sent 2/2 (main=2 | quest=0 | category=0 groups=5)
[2026-06-13T02:12:16.230986Z] [notify] [tavern] sent 1/1 (main=1 | quest=0 | category=0 groups=5)
[2026-06-13T02:12:37.915530Z] [notify] [tavern] sent 1/1 (main=1 | quest=0 | category=0 groups=5)
[2026-06-13T02:12:52.763345Z] [notify] [tavern] sent 1/1 (main=1 | quest=0 | category=0 groups=5)
[2026-06-13T02:15:54.745870Z] [notify] [tavern] sent 1/1 (main=1 | quest=0 | category=0 groups=5)
[2026-06-13T02:16:57.342821Z] [notify] [tavern] sent 1/1 (main=1 | quest=0 | category=0 groups=5)
[2026-06-13T02:17:06.954562Z] [notify] [tavern] sent 1/1 (main=1 | quest=0 | category=0 groups=5)
[2026-06-13T02:20:04.197723Z] [notify] [tavern] sent 1/1 (main=1 | quest=0 | category=0 groups=5)
[2026-06-13T02:25:58.174506Z] [notify] [tavern] sent 1/1 (main=1 | quest=0 | category=0 groups=5)
[2026-06-13T02:30:03.736128Z] [notify] [tavern] sent 1/1 (main=1 | quest=0 | category=0 groups=5)
[2026-06-13T02:31:10.205876Z] [notify] [tavern] sent 1/1 (main=1 | quest=0 | category=0 groups=5)
[2026-06-13T02:32:38.384485Z] [notify] [tavern] sent 1/1 (main=1 | quest=0 | category=0 groups=5)
[2026-06-13T02:34:10.061718Z] [notify] [tavern] sent 1/1 (main=1 | quest=0 | category=0 groups=5)
[2026-06-13T02:34:39.719003Z] [notify] [tavern] sent 1/1 (main=1 | quest=0 | category=0 groups=5)
[2026-06-13T02:34:53.889000Z] [notify] [tavern] sent 1/1 (main=1 | quest=0 | category=0 groups=5)
[2026-06-13T02:37:23.465374Z] [notify] [tavern] sent 1/1 (main=1 | quest=0 | category=0 groups=5)
[2026-06-13T02:38:47.879534Z] [notify] [tavern] sent 1/1 (main=1 | quest=0 | category=0 groups=5)
[2026-06-13T02:40:29.850200Z] [notify] [tavern] sent 1/1 (main=1 | quest=0 | category=0 groups=5)
[2026-06-13T02:41:43.544343Z] [notify] [tavern] sent 1/1 (main=1 | quest=0 | category=0 groups=5)
[2026-06-13T02:43:22.305101Z] [notify] [tavern] sent 1/1 (main=1 | quest=0 | category=0 groups=5)
[2026-06-13T02:44:15.599592Z] [notify] [tavern] sent 1/1 (main=1 | quest=0 | category=0 groups=5)
[2026-06-13T02:46:21.621227Z] [notify] [tavern] sent 1/1 (main=1 | quest=0 | category=0 groups=5)
[2026-06-13T02:47:50.609003Z] [notify] [tavern] sent 1/1 (main=1 | quest=0 | category=0 groups=5)
[2026-06-13T02:49:20.126492Z] [notify] [tavern] sent 1/1 (main=1 | quest=0 | category=0 groups=5)
[2026-06-13T02:50:54.821382Z] [notify] [tavern] sent 1/1 (main=1 | quest=0 | category=0 groups=5)
[2026-06-13T02:52:08.733624Z] [notify] [tavern] sent 1/1 (main=1 | quest=0 | category=0 groups=5)
[2026-06-13T02:53:32.998130Z] [notify] [tavern] sent 1/1 (main=1 | quest=0 | category=0 groups=5)
[2026-06-13T02:55:13.686478Z] [notify] [tavern] sent 1/1 (main=1 | quest=0 | category=0 groups=5)
[2026-06-13T02:56:32.997053Z] [notify] [tavern] sent 1/1 (main=1 | quest=0 | category=0 groups=5)
[2026-06-13T02:58:12.057143Z] [notify] [tavern] sent 1/1 (main=1 | quest=0 | category=0 groups=5)
[2026-06-13T02:59:43.035952Z] [notify] [tavern] sent 1/1 (main=1 | quest=0 | category=0 groups=5)
[2026-06-13T03:00:08.423831Z] [notify] [tavern] sent 1/1 (main=1 | quest=0 | category=0 groups=5)
[2026-06-13T03:01:05.346342Z] [notify] [tavern] sent 1/1 (main=1 | quest=0 | category=0 groups=5)
[2026-06-13T03:03:04.892045Z] [notify] [tavern] sent 1/1 (main=1 | quest=0 | category=0 groups=5)
[2026-06-13T03:05:36.956182Z] [notify] [tavern] sent 1/1 (main=1 | quest=0 | category=0 groups=5)
[2026-06-13T03:06:50.387415Z] [notify] [tavern] sent 1/1 (main=1 | quest=0 | category=0 groups=5)
[2026-06-13T03:09:35.928541Z] [notify] [tavern] sent 1/1 (main=1 | quest=0 | category=0 groups=5)
[2026-06-13T03:10:21.969476Z] [notify] [tavern] sent 1/1 (main=1 | quest=0 | category=0 groups=5)
[2026-06-13T03:15:56.083663Z] [notify] [tavern] sent 1/1 (main=1 | quest=0 | category=0 groups=5)
[2026-06-13T03:17:43.663811Z] [notify] [tavern] sent 1/1 (main=1 | quest=0 | category=0 groups=5)
[2026-06-13T03:18:24.795020Z] [notify] [tavern] sent 1/1 (main=1 | quest=0 | category=0 groups=5)
[2026-06-13T03:20:39.527023Z] [notify] [tavern] sent 1/1 (main=1 | quest=0 | category=0 groups=5)
[2026-06-13T03:21:47.395363Z] [notify] [tavern] sent 1/1 (main=1 | quest=0 | category=0 groups=5)
[2026-06-13T03:24:32.370976Z] [notify] [tavern] sent 1/1 (main=1 | quest=0 | category=0 groups=5)
[2026-06-13T03:25:02.572233Z] [notify] [tavern] sent 1/1 (main=1 | quest=0 | category=0 groups=5)
[2026-06-13T03:25:03.907814Z] [notify] [tavern] sent 1/1 (main=1 | quest=0 | category=0 groups=5)
[2026-06-13T03:28:00.482175Z] [notify] [tavern] sent 1/1 (main=1 | quest=0 | category=0 groups=5)
[2026-06-13T03:29:10.499601Z] [notify] [tavern] sent 1/1 (main=1 | quest=0 | category=0 groups=5)
[2026-06-13T03:32:19.862107Z] [notify] [tavern] sent 1/1 (main=1 | quest=0 | category=0 groups=5)
[2026-06-13T03:33:11.379174Z] [notify] [tavern] sent 1/1 (main=1 | quest=0 | category=0 groups=5)
[2026-06-13T03:36:30.478002Z] [notify] [tavern] sent 1/1 (main=1 | quest=0 | category=0 groups=5)
[2026-06-13T03:36:44.394821Z] [notify] [tavern] sent 1/1 (main=1 | quest=0 | category=0 groups=5)
[2026-06-13T03:39:55.314219Z] [notify] [tavern] sent 1/1 (main=1 | quest=0 | category=0 groups=5)
[2026-06-13T03:40:04.601509Z] [notify] [tavern] sent 1/1 (main=1 | quest=0 | category=0 groups=5)
[2026-06-13T03:40:08.673094Z] [notify] [tavern] sent 1/1 (main=1 | quest=0 | category=0 groups=5)
[2026-06-13T03:42:31.949589Z] [notify] [tavern] sent 1/1 (main=1 | quest=0 | category=0 groups=5)
[2026-06-13T03:43:26.057232Z] [notify] [tavern] sent 1/1 (main=1 | quest=0 | category=0 groups=5)
[2026-06-13T03:46:03.080796Z] [notify] [tavern] sent 1/1 (main=1 | quest=0 | category=0 groups=5)
[2026-06-13T03:46:24.756997Z] [notify] [tavern] sent 1/1 (main=1 | quest=0 | category=0 groups=5)
[2026-06-13T03:49:42.871038Z] [notify] [tavern] sent 1/1 (main=1 | quest=0 | category=0 groups=5)
[2026-06-13T03:49:51.904686Z] [notify] [tavern] sent 1/1 (main=1 | quest=0 | category=0 groups=5)
[2026-06-13T03:49:54.764036Z] [notify] [tavern] sent 1/1 (main=1 | quest=0 | category=0 groups=5)
[2026-06-13T03:52:32.289295Z] [notify] [tavern] sent 1/1 (main=1 | quest=0 | category=0 groups=5)
[2026-06-13T03:55:26.436845Z] [notify] [tavern] sent 1/1 (main=1 | quest=0 | category=0 groups=5)
[2026-06-13T03:59:04.308163Z] [notify] [tavern] sent 1/1 (main=1 | quest=0 | category=0 groups=5)
[2026-06-13T04:00:05.497797Z] [notify] [tavern] sent 1/1 (main=1 | quest=0 | category=0 groups=5)
[2026-06-13T04:04:27.967513Z] [notify] [tavern] sent 1/1 (main=1 | quest=0 | category=0 groups=5)
[2026-06-13T04:05:20.861329Z] [notify] [tavern] sent 1/1 (main=1 | quest=0 | category=0 groups=5)
[2026-06-13T04:05:35.224552Z] [notify] [tavern] sent 1/1 (main=1 | quest=0 | category=0 groups=5)
[2026-06-13T04:05:45.437170Z] [notify] [tavern] sent 1/1 (main=1 | quest=0 | category=0 groups=5)
[2026-06-13T04:06:27.737134Z] [notify] [tavern] sent 1/1 (main=1 | quest=0 | category=0 groups=5)
[2026-06-13T04:06:44.001530Z] [notify] [tavern] sent 1/1 (main=1 | quest=0 | category=0 groups=5)
[2026-06-13T04:08:02.984942Z] [notify] [tavern] sent 1/1 (main=1 | quest=0 | category=0 groups=5)
[2026-06-13T04:10:30.099025Z] [notify] [tavern] sent 1/1 (main=1 | quest=0 | category=0 groups=5)
[2026-06-13T04:11:27.423486Z] [notify] [tavern] sent 1/1 (main=1 | quest=0 | category=0 groups=5)
[2026-06-13T04:13:44.311349Z] [notify] [tavern] sent 1/1 (main=1 | quest=0 | category=0 groups=5)
[2026-06-13T04:16:01.713987Z] [notify] [tavern] sent 1/1 (main=1 | quest=0 | category=0 groups=5)
[2026-06-13T04:16:28.929511Z] [notify] [tavern] sent 1/1 (main=1 | quest=0 | category=0 groups=5)
[2026-06-13T04:19:28.251134Z] [notify] [tavern] sent 1/1 (main=1 | quest=0 | category=0 groups=5)
[2026-06-13T04:20:20.587713Z] [notify] [tavern] sent 1/1 (main=1 | quest=0 | category=0 groups=5)
[2026-06-13T04:22:28.299469Z] [notify] [tavern] sent 1/1 (main=1 | quest=0 | category=0 groups=5)
[2026-06-13T04:24:20.340349Z] [notify] [tavern] sent 1/1 (main=1 | quest=0 | category=0 groups=5)
[2026-06-13T04:26:16.451792Z] [notify] [tavern] sent 1/1 (main=1 | quest=0 | category=0 groups=5)
[2026-06-13T04:28:18.197356Z] [notify] [tavern] sent 1/1 (main=1 | quest=0 | category=0 groups=5)
[2026-06-13T04:32:16.281160Z] [notify] [tavern] sent 1/1 (main=1 | quest=0 | category=0 groups=5)
[2026-06-13T04:33:25.477215Z] [notify] [tavern] sent 1/1 (main=1 | quest=0 | category=0 groups=5)
[2026-06-13T04:34:04.915932Z] [notify] [tavern] sent 1/1 (main=1 | quest=0 | category=0 groups=5)
[2026-06-13T04:35:18.923947Z] [notify] [tavern] sent 1/1 (main=1 | quest=0 | category=0 groups=5)
[2026-06-13T04:39:55.289726Z] [notify] [tavern] sent 1/1 (main=1 | quest=0 | category=0 groups=5)
[2026-06-13T04:44:43.842562Z] [notify] [tavern] sent 1/1 (main=1 | quest=0 | category=0 groups=5)
[2026-06-13T04:48:09.912086Z] [notify] [tavern] sent 1/1 (main=1 | quest=0 | category=0 groups=5)
[2026-06-13T04:51:21.685772Z] [notify] [tavern] sent 1/1 (main=1 | quest=0 | category=0 groups=5)
[2026-06-13T04:55:14.629386Z] [notify] [tavern] sent 1/1 (main=1 | quest=0 | category=0 groups=5)
[2026-06-13T04:58:17.281025Z] [notify] [tavern] sent 1/1 (main=1 | quest=0 | category=0 groups=5)
[2026-06-13T05:00:04.375228Z] [notify] [tavern] sent 1/1 (main=1 | quest=0 | category=0 groups=5)
[2026-06-13T05:02:19.673974Z] [notify] [tavern] sent 1/1 (main=1 | quest=0 | category=0 groups=5)
[2026-06-13T05:06:16.363916Z] [notify] [tavern] sent 1/1 (main=1 | quest=0 | category=0 groups=5)
[2026-06-13T05:10:24.690887Z] [notify] [tavern] sent 1/1 (main=1 | quest=0 | category=0 groups=5)
[2026-06-13T05:14:17.117510Z] [notify] [tavern] sent 1/1 (main=1 | quest=0 | category=0 groups=5)
[2026-06-13T05:17:06.062901Z] [notify] [tavern] sent 1/1 (main=1 | quest=0 | category=0 groups=5)
[2026-06-13T05:19:54.574327Z] [notify] [tavern] sent 1/1 (main=1 | quest=0 | category=0 groups=5)
[2026-06-13T05:33:13.332508Z] [notify] [tavern] sent 1/1 (main=1 | quest=0 | category=0 groups=5)
[2026-06-13T06:00:05.507590Z] [notify] [tavern] sent 1/1 (main=1 | quest=0 | category=0 groups=5)
[2026-06-13T07:00:06.812305Z] [notify] [tavern] sent 1/1 (main=1 | quest=0 | category=0 groups=5)
[2026-06-13T08:00:04.968211Z] [notify] [tavern] sent 1/1 (main=1 | quest=0 | category=0 groups=5)
[2026-06-13T08:58:03.035222Z] [notify] [tavern] sent 1/1 (main=1 | quest=0 | category=0 groups=5)
[2026-06-13T08:59:32.071615Z] [notify] [tavern] sent 1/1 (main=1 | quest=0 | category=0 groups=5)
[2026-06-13T08:59:41.033516Z] [notify] [tavern] sent 1/1 (main=1 | quest=0 | category=0 groups=5)
[2026-06-13T09:00:07.214228Z] [notify] [tavern] sent 1/1 (main=1 | quest=0 | category=0 groups=5)
[2026-06-13T09:05:23.879218Z] [notify] [tavern] sent 1/1 (main=1 | quest=0 | category=0 groups=5)
[2026-06-13T09:06:09.426802Z] [notify] [tavern] sent 1/1 (main=1 | quest=0 | category=0 groups=5)
[2026-06-13T09:08:47.327863Z] [notify] [tavern] sent 1/1 (main=1 | quest=0 | category=0 groups=5)
[2026-06-13T09:09:31.082065Z] [notify] [tavern] sent 1/1 (main=1 | quest=0 | category=0 groups=5)
[2026-06-13T09:11:41.800386Z] [notify] [tavern] sent 1/1 (main=1 | quest=0 | category=0 groups=5)
[2026-06-13T09:14:02.579345Z] [notify] [tavern] sent 1/1 (main=1 | quest=0 | category=0 groups=5)
[2026-06-13T09:14:30.751885Z] [notify] [tavern] sent 1/1 (main=1 | quest=0 | category=0 groups=5)
[2026-06-13T09:17:39.413964Z] [notify] [tavern] sent 1/1 (main=1 | quest=0 | category=0 groups=5)
[2026-06-13T09:17:55.492626Z] [notify] [tavern] sent 1/1 (main=1 | quest=0 | category=0 groups=5)
[2026-06-13T09:20:48.873598Z] [notify] [tavern] sent 1/1 (main=1 | quest=0 | category=0 groups=5)
[2026-06-13T09:21:59.669661Z] [notify] [tavern] sent 1/1 (main=1 | quest=0 | category=0 groups=5)
[2026-06-13T09:23:45.613113Z] [notify] [tavern] sent 1/1 (main=1 | quest=0 | category=0 groups=5)
[2026-06-13T09:25:52.520461Z] [notify] [tavern] sent 1/1 (main=1 | quest=0 | category=0 groups=5)
[2026-06-13T09:27:48.742797Z] [notify] [tavern] sent 1/1 (main=1 | quest=0 | category=0 groups=5)
[2026-06-13T09:30:59.932367Z] [notify] [tavern] sent 1/1 (main=1 | quest=0 | category=0 groups=5)
[2026-06-13T09:31:14.523567Z] [notify] [tavern] sent 1/1 (main=1 | quest=0 | category=0 groups=5)
[2026-06-13T09:31:15.861450Z] [notify] [tavern] sent 1/1 (main=1 | quest=0 | category=0 groups=5)
[2026-06-13T09:33:47.785645Z] [notify] [tavern] sent 1/1 (main=1 | quest=0 | category=0 groups=5)
[2026-06-13T09:34:49.852669Z] [notify] [tavern] sent 1/1 (main=1 | quest=0 | category=0 groups=5)
[2026-06-13T09:36:55.426473Z] [notify] [tavern] sent 1/1 (main=1 | quest=0 | category=0 groups=5)
[2026-06-13T09:39:21.242781Z] [notify] [tavern] sent 1/1 (main=1 | quest=0 | category=0 groups=5)
[2026-06-13T09:39:44.146840Z] [notify] [tavern] sent 1/1 (main=1 | quest=0 | category=0 groups=5)
[2026-06-13T09:42:47.783331Z] [notify] [tavern] sent 1/1 (main=1 | quest=0 | category=0 groups=5)
[2026-06-13T09:43:23.123061Z] [notify] [tavern] sent 1/1 (main=1 | quest=0 | category=0 groups=5)
[2026-06-13T09:45:30.662490Z] [notify] [tavern] sent 1/1 (main=1 | quest=0 | category=0 groups=5)
[2026-06-13T09:47:05.517282Z] [notify] [tavern] sent 1/1 (main=1 | quest=0 | category=0 groups=5)
[2026-06-13T09:48:40.885071Z] [notify] [tavern] sent 1/1 (main=1 | quest=0 | category=0 groups=5)
[2026-06-13T09:51:23.432556Z] [notify] [tavern] sent 1/1 (main=1 | quest=0 | category=0 groups=5)
[2026-06-13T09:51:37.624300Z] [notify] [tavern] sent 1/1 (main=1 | quest=0 | category=0 groups=5)
[2026-06-13T09:54:59.156398Z] [notify] [tavern] sent 1/1 (main=1 | quest=0 | category=0 groups=5)
[2026-06-13T09:55:26.798032Z] [notify] [tavern] sent 1/1 (main=1 | quest=0 | category=0 groups=5)
[2026-06-13T09:58:02.710749Z] [notify] [tavern] sent 1/1 (main=1 | quest=0 | category=0 groups=5)
[2026-06-13T09:59:08.062585Z] [notify] [tavern] sent 1/1 (main=1 | quest=0 | category=0 groups=5)
[2026-06-13T10:00:06.209044Z] [notify] [tavern] sent 1/1 (main=1 | quest=0 | category=0 groups=5)
[2026-06-13T10:01:38.781417Z] [notify] [tavern] sent 1/1 (main=1 | quest=0 | category=0 groups=5)
[2026-06-13T10:02:57.025589Z] [notify] [tavern] sent 1/1 (main=1 | quest=0 | category=0 groups=5)
[2026-06-13T10:04:41.429256Z] [notify] [tavern] sent 1/1 (main=1 | quest=0 | category=0 groups=5)
[2026-06-13T10:07:09.943922Z] [notify] [tavern] sent 1/1 (main=1 | quest=0 | category=0 groups=5)
[2026-06-13T10:07:53.487956Z] [notify] [tavern] sent 1/1 (main=1 | quest=0 | category=0 groups=5)
[2026-06-13T10:10:48.452193Z] [notify] [tavern] sent 1/1 (main=1 | quest=0 | category=0 groups=5)
[2026-06-13T10:11:10.591917Z] [notify] [tavern] sent 1/1 (main=1 | quest=0 | category=0 groups=5)
[2026-06-13T10:13:57.763990Z] [notify] [tavern] sent 1/1 (main=1 | quest=0 | category=0 groups=5)
[2026-06-13T10:15:11.492708Z] [notify] [tavern] sent 1/1 (main=1 | quest=0 | category=0 groups=5)
[2026-06-13T10:16:48.379137Z] [notify] [tavern] sent 1/1 (main=1 | quest=0 | category=0 groups=5)
[2026-06-13T10:22:11.548967Z] [notify] [tavern] sent 1/1 (main=1 | quest=0 | category=0 groups=5)
[2026-06-13T10:25:44.964485Z] [notify] [tavern] sent 1/1 (main=1 | quest=0 | category=0 groups=5)
[2026-06-13T10:28:37.328295Z] [notify] [tavern] sent 1/1 (main=1 | quest=0 | category=0 groups=5)
[2026-06-13T10:31:17.317297Z] [notify] [tavern] sent 1/1 (main=1 | quest=0 | category=0 groups=5)
[2026-06-13T10:34:39.152572Z] [notify] [tavern] sent 1/1 (main=1 | quest=0 | category=0 groups=5)
[2026-06-13T10:37:51.678438Z] [notify] [tavern] sent 1/1 (main=1 | quest=0 | category=0 groups=5)
[2026-06-13T10:40:58.739505Z] [notify] [tavern] sent 1/1 (main=1 | quest=0 | category=0 groups=5)
[2026-06-13T10:43:49.127075Z] [notify] [tavern] sent 1/1 (main=1 | quest=0 | category=0 groups=5)
[2026-06-13T10:44:21.791476Z] [notify] [tavern] sent 1/1 (main=1 | quest=0 | category=0 groups=5)
[2026-06-13T10:46:48.869091Z] [notify] [tavern] sent 1/1 (main=1 | quest=0 | category=0 groups=5)
[2026-06-13T10:48:05.377746Z] [notify] [tavern] sent 1/1 (main=1 | quest=0 | category=0 groups=5)
[2026-06-13T10:49:44.506659Z] [notify] [tavern] sent 1/1 (main=1 | quest=0 | category=0 groups=5)
[2026-06-13T10:52:52.503105Z] [notify] [tavern] sent 1/1 (main=1 | quest=0 | category=0 groups=5)
[2026-06-13T10:53:07.927840Z] [notify] [tavern] sent 1/1 (main=1 | quest=0 | category=0 groups=5)
[2026-06-13T10:57:03.266857Z] [notify] [tavern] sent 1/1 (main=1 | quest=0 | category=0 groups=5)
[2026-06-13T11:00:06.511430Z] [notify] [tavern] sent 1/1 (main=1 | quest=0 | category=0 groups=5)
[2026-06-13T11:02:54.292321Z] [notify] [tavern] sent 1/1 (main=1 | quest=0 | category=0 groups=5)
[2026-06-13T11:03:11.195780Z] [notify] [tavern] sent 1/1 (main=1 | quest=0 | category=0 groups=5)
[2026-06-13T11:03:56.534862Z] [notify] [tavern] sent 1/1 (main=1 | quest=0 | category=0 groups=5)
[2026-06-13T11:04:51.778485Z] [notify] [tavern] sent 1/1 (main=1 | quest=0 | category=0 groups=5)
[2026-06-13T11:05:58.300677Z] [notify] [tavern] sent 1/1 (main=1 | quest=0 | category=0 groups=5)
[2026-06-13T11:07:06.787434Z] [notify] [tavern] sent 1/1 (main=1 | quest=0 | category=0 groups=5)
[2026-06-13T11:09:33.819679Z] [notify] [tavern] sent 1/1 (main=1 | quest=0 | category=0 groups=5)
[2026-06-13T11:13:47.029187Z] [notify] [tavern] sent 1/1 (main=1 | quest=0 | category=0 groups=5)
[2026-06-13T11:18:14.730664Z] [notify] [tavern] sent 1/1 (main=1 | quest=0 | category=0 groups=5)
[2026-06-13T11:22:51.719019Z] [notify] [tavern] sent 1/1 (main=1 | quest=0 | category=0 groups=5)
[2026-06-13T12:00:07.543327Z] [notify] [tavern] sent 1/1 (main=1 | quest=0 | category=0 groups=5)
[2026-06-13T13:00:07.138231Z] [notify] [tavern] sent 1/1 (main=1 | quest=0 | category=0 groups=5)
[2026-06-13T13:42:48.301653Z] [notify] [tavern] sent 1/1 (main=1 | quest=0 | category=0 groups=5)
[2026-06-13T13:44:23.071532Z] [notify] [tavern] sent 1/1 (main=1 | quest=0 | category=0 groups=5)
[2026-06-13T13:47:28.241756Z] [notify] [tavern] sent 1/1 (main=1 | quest=0 | category=0 groups=5)
[2026-06-13T13:50:16.454307Z] [notify] [tavern] sent 1/1 (main=1 | quest=0 | category=0 groups=5)
[2026-06-13T13:51:10.311123Z] [notify] [tavern] sent 1/1 (main=1 | quest=0 | category=0 groups=5)
[2026-06-13T13:52:46.604973Z] [notify] [tavern] sent 1/1 (main=1 | quest=0 | category=0 groups=5)
[2026-06-13T13:53:37.623031Z] [notify] [tavern] sent 1/1 (main=1 | quest=0 | category=0 groups=5)
[2026-06-13T13:55:35.496300Z] [notify] [tavern] sent 1/1 (main=1 | quest=0 | category=0 groups=5)
[2026-06-13T13:57:48.281116Z] [notify] [tavern] sent 1/1 (main=1 | quest=0 | category=0 groups=5)
[2026-06-13T13:58:51.919038Z] [notify] [tavern] sent 1/1 (main=1 | quest=0 | category=0 groups=5)
[2026-06-13T13:58:52.721217Z] [notify] [tavern] sent 1/1 (main=1 | quest=0 | category=0 groups=5)
[2026-06-13T14:00:10.341730Z] [notify] [tavern] sent 1/1 (main=1 | quest=0 | category=0 groups=5)
[2026-06-13T14:01:47.786842Z] [notify] [tavern] sent 1/1 (main=1 | quest=0 | category=0 groups=5)
[2026-06-13T14:02:16.979146Z] [notify] [tavern] sent 1/1 (main=1 | quest=0 | category=0 groups=5)
[2026-06-13T14:04:51.016154Z] [notify] [tavern] sent 1/1 (main=1 | quest=0 | category=0 groups=5)
[2026-06-13T14:05:58.171388Z] [notify] [tavern] sent 1/1 (main=1 | quest=0 | category=0 groups=5)
[2026-06-13T14:07:44.878632Z] [notify] [tavern] sent 1/1 (main=1 | quest=0 | category=0 groups=5)
[2026-06-13T14:09:50.054721Z] [notify] [tavern] sent 1/1 (main=1 | quest=0 | category=0 groups=5)
[2026-06-13T14:10:44.120060Z] [notify] [tavern] sent 1/1 (main=1 | quest=0 | category=0 groups=5)
[2026-06-13T14:10:44.291333Z] [notify] [tavern] sent 1/1 (main=1 | quest=0 | category=0 groups=5)
[2026-06-13T14:13:57.682131Z] [notify] [tavern] sent 1/1 (main=1 | quest=0 | category=0 groups=5)
[2026-06-13T14:14:18.069348Z] [notify] [tavern] sent 1/1 (main=1 | quest=0 | category=0 groups=5)
[2026-06-13T14:17:34.617176Z] [notify] [tavern] sent 1/1 (main=1 | quest=0 | category=0 groups=5)
[2026-06-13T14:17:51.171990Z] [notify] [tavern] sent 1/1 (main=1 | quest=0 | category=0 groups=5)
[2026-06-13T14:20:50.477112Z] [notify] [tavern] sent 1/1 (main=1 | quest=0 | category=0 groups=5)
[2026-06-13T14:21:39.302685Z] [notify] [tavern] sent 1/1 (main=1 | quest=0 | category=0 groups=5)
[2026-06-13T14:23:54.521040Z] [notify] [tavern] sent 1/1 (main=1 | quest=0 | category=0 groups=5)
[2026-06-13T14:25:50.520257Z] [notify] [tavern] sent 1/1 (main=1 | quest=0 | category=0 groups=5)
[2026-06-13T14:26:49.473626Z] [notify] [tavern] sent 1/1 (main=1 | quest=0 | category=0 groups=5)
[2026-06-13T14:26:51.362848Z] [notify] [tavern] sent 1/1 (main=1 | quest=0 | category=0 groups=5)
[2026-06-13T14:29:58.410138Z] [notify] [tavern] sent 1/1 (main=1 | quest=0 | category=0 groups=5)
[2026-06-13T14:30:10.108941Z] [notify] [tavern] sent 1/1 (main=1 | quest=0 | category=0 groups=5)
[2026-06-13T14:30:10.213342Z] [notify] [tavern] sent 1/1 (main=1 | quest=0 | category=0 groups=5)
[2026-06-13T14:33:10.953736Z] [notify] [tavern] sent 1/1 (main=1 | quest=0 | category=0 groups=5)
[2026-06-13T14:36:56.052407Z] [notify] [tavern] sent 1/1 (main=1 | quest=0 | category=0 groups=5)
[2026-06-13T14:39:35.878079Z] [notify] [tavern] sent 1/1 (main=1 | quest=0 | category=0 groups=5)
[2026-06-13T14:42:55.623544Z] [notify] [tavern] sent 1/1 (main=1 | quest=0 | category=0 groups=5)
[2026-06-13T14:46:09.002449Z] [notify] [tavern] sent 1/1 (main=1 | quest=0 | category=0 groups=5)
[2026-06-13T14:49:59.884705Z] [notify] [tavern] sent 1/1 (main=1 | quest=0 | category=0 groups=5)
[2026-06-13T14:52:51.453508Z] [notify] [tavern] sent 1/1 (main=1 | quest=0 | category=0 groups=5)
[2026-06-13T14:56:57.989434Z] [notify] [tavern] sent 1/1 (main=1 | quest=0 | category=0 groups=5)
[2026-06-13T15:00:06.507258Z] [notify] [tavern] sent 1/1 (main=1 | quest=0 | category=0 groups=5)
[2026-06-13T15:02:05.111126Z] [notify] [tavern] sent 1/1 (main=1 | quest=0 | category=0 groups=5)
[2026-06-13T15:08:25.421478Z] [notify] [tavern] sent 1/1 (main=1 | quest=0 | category=0 groups=5)
[2026-06-13T15:08:58.263675Z] [notify] [tavern] sent 1/1 (main=1 | quest=0 | category=0 groups=5)
[2026-06-13T15:12:15.479033Z] [notify] [tavern] sent 1/1 (main=1 | quest=0 | category=0 groups=5)
[2026-06-13T15:16:43.078204Z] [notify] [tavern] sent 1/1 (main=1 | quest=0 | category=0 groups=5)
[2026-06-13T15:35:17.944905Z] [notify] [tavern] sent 1/1 (main=1 | quest=0 | category=0 groups=5)
[2026-06-13T15:49:17.704766Z] [notify] [tavern] sent 1/1 (main=1 | quest=0 | category=0 groups=5)
[2026-06-13T15:50:11.089424Z] [notify] [tavern] sent 1/1 (main=1 | quest=0 | category=0 groups=5)
[2026-06-13T15:50:11.629097Z] [notify] [tavern] sent 1/1 (main=1 | quest=0 | category=0 groups=5)
[2026-06-13T15:52:59.615270Z] [notify] [tavern] sent 1/1 (main=1 | quest=0 | category=0 groups=5)
[2026-06-13T15:54:03.971944Z] [notify] [tavern] sent 1/1 (main=1 | quest=0 | category=0 groups=5)
[2026-06-13T15:54:29.389860Z] [notify] [tavern] sent 1/1 (main=1 | quest=0 | category=0 groups=5)
[2026-06-14T02:10:59.188918Z] [notify] [tavern] sent 3/3 (main=3 | quest=0 | category=0 groups=5)
[2026-06-14T02:12:07.379152Z] [notify] [tavern] sent 1/1 (main=1 | quest=0 | category=0 groups=5)
[2026-06-14T02:13:58.486423Z] [notify] [tavern] sent 1/1 (main=1 | quest=0 | category=0 groups=5)
[2026-06-14T02:15:38.285866Z] [notify] [tavern] sent 1/1 (main=1 | quest=0 | category=0 groups=5)
[2026-06-14T02:16:48.290069Z] [notify] [tavern] sent 1/1 (main=1 | quest=0 | category=0 groups=5)
[2026-06-14T02:17:34.738984Z] [notify] [tavern] sent 1/1 (main=1 | quest=0 | category=0 groups=5)
[2026-06-14T02:17:58.620930Z] [notify] [tavern] sent 1/1 (main=1 | quest=0 | category=0 groups=5)
[2026-06-14T02:33:08.912296Z] [notify] [tavern] sent 1/1 (main=1 | quest=0 | category=0 groups=5)
[2026-06-14T02:35:49.911721Z] [notify] [tavern] sent 1/1 (main=1 | quest=0 | category=0 groups=5)
[2026-06-14T02:37:35.283170Z] [notify] [tavern] sent 1/1 (main=1 | quest=0 | category=0 groups=5)
[2026-06-14T02:38:11.293048Z] [notify] [tavern] sent 1/1 (main=1 | quest=0 | category=0 groups=5)
[2026-06-14T02:39:45.643212Z] [notify] [tavern] sent 1/1 (main=1 | quest=0 | category=0 groups=5)
[2026-06-14T02:43:08.625895Z] [notify] [tavern] sent 1/1 (main=1 | quest=0 | category=0 groups=5)
[2026-06-14T02:44:00.233402Z] [notify] [tavern] sent 1/1 (main=1 | quest=0 | category=0 groups=5)
[2026-06-14T02:55:14.945104Z] [notify] [tavern] sent 1/1 (main=1 | quest=0 | category=0 groups=5)
[2026-06-14T03:00:07.583379Z] [notify] [tavern] sent 1/1 (main=1 | quest=0 | category=0 groups=5)
[2026-06-14T03:01:08.417932Z] [notify] [tavern] sent 1/1 (main=1 | quest=0 | category=0 groups=5)
[2026-06-14T03:02:39.449059Z] [notify] [tavern] sent 1/1 (main=1 | quest=0 | category=0 groups=5)
[2026-06-14T03:02:46.202338Z] [notify] [tavern] sent 1/1 (main=1 | quest=0 | category=0 groups=5)
[2026-06-14T03:05:22.609954Z] [notify] [tavern] sent 1/1 (main=1 | quest=0 | category=0 groups=5)
[2026-06-14T03:06:00.899988Z] [notify] [tavern] sent 1/1 (main=1 | quest=0 | category=0 groups=5)
[2026-06-14T03:07:18.840873Z] [notify] [tavern] sent 1/1 (main=1 | quest=0 | category=0 groups=5)
[2026-06-14T03:08:44.529312Z] [notify] [tavern] sent 1/1 (main=1 | quest=0 | category=0 groups=5)
[2026-06-14T03:11:33.856294Z] [notify] [tavern] sent 1/1 (main=1 | quest=0 | category=0 groups=5)
[2026-06-14T03:18:11.369710Z] [notify] [tavern] sent 1/1 (main=1 | quest=0 | category=0 groups=5)
[2026-06-14T03:19:58.331212Z] [notify] [tavern] sent 1/1 (main=1 | quest=0 | category=0 groups=5)
[2026-06-14T03:20:48.264016Z] [notify] [tavern] sent 1/1 (main=1 | quest=0 | category=0 groups=5)
[2026-06-14T03:21:12.482317Z] [notify] [tavern] sent 1/1 (main=1 | quest=0 | category=0 groups=5)
[2026-06-14T03:23:49.886111Z] [notify] [tavern] sent 1/1 (main=1 | quest=0 | category=0 groups=5)
[2026-06-14T03:29:14.683757Z] [notify] [tavern] sent 1/1 (main=1 | quest=0 | category=0 groups=5)
[2026-06-14T03:33:15.093292Z] [notify] [tavern] sent 1/1 (main=1 | quest=0 | category=0 groups=5)
[2026-06-14T03:33:29.317102Z] [notify] [tavern] sent 1/1 (main=1 | quest=0 | category=0 groups=5)
[2026-06-14T03:42:18.211424Z] [notify] [tavern] sent 1/1 (main=1 | quest=0 | category=0 groups=5)
[2026-06-14T03:42:30.374313Z] [notify] [tavern] sent 1/1 (main=1 | quest=0 | category=0 groups=5)
[2026-06-14T03:42:52.455611Z] [notify] [tavern] sent 1/1 (main=1 | quest=0 | category=0 groups=5)
[2026-06-14T03:43:13.410651Z] [notify] [tavern] sent 1/1 (main=1 | quest=0 | category=0 groups=5)
[2026-06-14T03:43:56.091173Z] [notify] [tavern] sent 1/1 (main=1 | quest=0 | category=0 groups=5)
[2026-06-14T03:44:04.548766Z] [notify] [tavern] sent 1/1 (main=1 | quest=0 | category=0 groups=5)
[2026-06-14T03:44:53.979232Z] [notify] [tavern] sent 1/1 (main=1 | quest=0 | category=0 groups=5)
[2026-06-14T03:47:14.418823Z] [notify] [tavern] sent 1/1 (main=1 | quest=0 | category=0 groups=5)
[2026-06-14T03:47:31.025013Z] [notify] [tavern] sent 1/1 (main=1 | quest=0 | category=0 groups=5)
[2026-06-14T03:49:05.664677Z] [notify] [tavern] sent 1/1 (main=1 | quest=0 | category=0 groups=5)
[2026-06-14T03:50:18.162376Z] [notify] [tavern] sent 1/1 (main=1 | quest=0 | category=0 groups=5)
[2026-06-14T03:50:33.299074Z] [notify] [tavern] sent 1/1 (main=1 | quest=0 | category=0 groups=5)
[2026-06-14T03:51:39.904210Z] [notify] [tavern] sent 1/1 (main=1 | quest=0 | category=0 groups=5)
[2026-06-14T03:52:36.532673Z] [notify] [tavern] sent 1/1 (main=1 | quest=0 | category=0 groups=5)
[2026-06-14T03:53:07.271291Z] [notify] [tavern] sent 1/1 (main=1 | quest=0 | category=0 groups=5)
[2026-06-14T03:53:08.105617Z] [notify] [tavern] sent 1/1 (main=1 | quest=0 | category=0 groups=5)
[2026-06-14T03:55:35.695695Z] [notify] [tavern] sent 1/1 (main=1 | quest=0 | category=0 groups=5)
[2026-06-14T03:56:13.816827Z] [notify] [tavern] sent 1/1 (main=1 | quest=0 | category=0 groups=5)
[2026-06-14T03:56:47.129882Z] [notify] [tavern] sent 1/1 (main=1 | quest=0 | category=0 groups=5)
[2026-06-14T03:57:06.176820Z] [notify] [tavern] sent 1/1 (main=1 | quest=0 | category=0 groups=5)
[2026-06-14T03:59:21.170846Z] [notify] [tavern] sent 1/1 (main=1 | quest=0 | category=0 groups=5)
[2026-06-14T04:00:07.629198Z] [notify] [tavern] sent 1/1 (main=1 | quest=0 | category=0 groups=5)
[2026-06-14T04:01:11.558387Z] [notify] [tavern] sent 1/1 (main=1 | quest=0 | category=0 groups=5)
[2026-06-14T04:01:30.718791Z] [notify] [tavern] sent 1/1 (main=1 | quest=0 | category=0 groups=5)
[2026-06-14T04:02:24.282952Z] [notify] [tavern] sent 1/1 (main=1 | quest=0 | category=0 groups=5)
[2026-06-14T04:05:30.332020Z] [notify] [tavern] sent 1/1 (main=1 | quest=0 | category=0 groups=5)
[2026-06-14T04:05:51.029442Z] [notify] [tavern] sent 1/1 (main=1 | quest=0 | category=0 groups=5)
[2026-06-14T04:06:09.182376Z] [notify] [tavern] sent 1/1 (main=1 | quest=0 | category=0 groups=5)
[2026-06-14T04:08:18.735097Z] [notify] [tavern] sent 1/1 (main=1 | quest=0 | category=0 groups=5)
[2026-06-14T04:13:17.734851Z] [notify] [tavern] sent 1/1 (main=1 | quest=0 | category=0 groups=5)
[2026-06-14T04:13:27.833692Z] [notify] [tavern] sent 1/1 (main=1 | quest=0 | category=0 groups=5)
[2026-06-14T04:13:40.213437Z] [notify] [tavern] sent 1/1 (main=1 | quest=0 | category=0 groups=5)
[2026-06-14T04:13:53.403668Z] [notify] [tavern] sent 1/1 (main=1 | quest=0 | category=0 groups=5)
[2026-06-14T04:15:05.989644Z] [notify] [tavern] sent 1/1 (main=1 | quest=0 | category=0 groups=5)
[2026-06-14T04:17:47.492121Z] [notify] [tavern] sent 1/1 (main=1 | quest=0 | category=0 groups=5)
[2026-06-14T04:17:59.910599Z] [notify] [tavern] sent 1/1 (main=1 | quest=0 | category=0 groups=5)
[2026-06-14T04:18:18.023261Z] [notify] [tavern] sent 1/1 (main=1 | quest=0 | category=0 groups=5)
[2026-06-14T04:21:09.252864Z] [notify] [tavern] sent 1/1 (main=1 | quest=0 | category=0 groups=5)
[2026-06-14T04:21:38.924016Z] [notify] [tavern] sent 1/1 (main=1 | quest=0 | category=0 groups=5)
[2026-06-14T04:22:20.479893Z] [notify] [tavern] sent 1/1 (main=1 | quest=0 | category=0 groups=5)
[2026-06-14T04:24:08.958438Z] [notify] [tavern] sent 1/1 (main=1 | quest=0 | category=0 groups=5)
[2026-06-14T04:24:44.409721Z] [notify] [tavern] sent 1/1 (main=1 | quest=0 | category=0 groups=5)
[2026-06-14T04:26:23.160885Z] [notify] [tavern] sent 1/1 (main=1 | quest=0 | category=0 groups=5)
[2026-06-14T04:27:10.286109Z] [notify] [tavern] sent 1/1 (main=1 | quest=0 | category=0 groups=5)
[2026-06-14T04:28:32.318857Z] [notify] [tavern] sent 1/1 (main=1 | quest=0 | category=0 groups=5)
[2026-06-14T04:29:31.486186Z] [notify] [tavern] sent 1/1 (main=1 | quest=0 | category=0 groups=5)
[2026-06-14T04:30:10.865951Z] [notify] [tavern] sent 1/1 (main=1 | quest=0 | category=0 groups=5)
[2026-06-14T04:32:22.085745Z] [notify] [tavern] sent 1/1 (main=1 | quest=0 | category=0 groups=5)
[2026-06-14T04:32:32.930465Z] [notify] [tavern] sent 1/1 (main=1 | quest=0 | category=0 groups=5)
[2026-06-14T04:33:03.572202Z] [notify] [tavern] sent 1/1 (main=1 | quest=0 | category=0 groups=5)
[2026-06-14T04:35:15.858033Z] [notify] [tavern] sent 1/1 (main=1 | quest=0 | category=0 groups=5)
[2026-06-14T04:35:22.446482Z] [notify] [tavern] sent 1/1 (main=1 | quest=0 | category=0 groups=5)
[2026-06-14T04:36:02.771101Z] [notify] [tavern] sent 1/1 (main=1 | quest=0 | category=0 groups=5)
[2026-06-14T04:38:12.952383Z] [notify] [tavern] sent 1/1 (main=1 | quest=0 | category=0 groups=5)
[2026-06-14T04:38:19.356145Z] [notify] [tavern] sent 1/1 (main=1 | quest=0 | category=0 groups=5)
[2026-06-14T04:39:14.283522Z] [notify] [tavern] sent 1/1 (main=1 | quest=0 | category=0 groups=5)
[2026-06-14T04:41:25.660803Z] [notify] [tavern] sent 1/1 (main=1 | quest=0 | category=0 groups=5)
[2026-06-14T04:41:31.484196Z] [notify] [tavern] sent 1/1 (main=1 | quest=0 | category=0 groups=5)
[2026-06-14T04:41:58.518487Z] [notify] [tavern] sent 1/1 (main=1 | quest=0 | category=0 groups=5)
[2026-06-14T04:42:00.103189Z] [notify] [tavern] sent 1/1 (main=1 | quest=0 | category=0 groups=5)
[2026-06-14T04:44:15.918610Z] [notify] [tavern] sent 1/1 (main=1 | quest=0 | category=0 groups=5)
[2026-06-14T04:45:04.856460Z] [notify] [tavern] sent 1/1 (main=1 | quest=0 | category=0 groups=5)
[2026-06-14T04:45:19.712818Z] [notify] [tavern] sent 1/1 (main=1 | quest=0 | category=0 groups=5)
[2026-06-14T04:47:22.025114Z] [notify] [tavern] sent 1/1 (main=1 | quest=0 | category=0 groups=5)
[2026-06-14T04:48:01.858422Z] [notify] [tavern] sent 1/1 (main=1 | quest=0 | category=0 groups=5)
[2026-06-14T04:48:23.051852Z] [notify] [tavern] sent 1/1 (main=1 | quest=0 | category=0 groups=5)
[2026-06-14T04:50:17.453568Z] [notify] [tavern] sent 1/1 (main=1 | quest=0 | category=0 groups=5)
[2026-06-14T04:51:12.639495Z] [notify] [tavern] sent 1/1 (main=1 | quest=0 | category=0 groups=5)
[2026-06-14T04:51:21.606658Z] [notify] [tavern] sent 1/1 (main=1 | quest=0 | category=0 groups=5)
[2026-06-14T04:53:18.119630Z] [notify] [tavern] sent 1/1 (main=1 | quest=0 | category=0 groups=5)
[2026-06-14T04:54:07.761250Z] [notify] [tavern] sent 1/1 (main=1 | quest=0 | category=0 groups=5)
[2026-06-14T04:54:22.777491Z] [notify] [tavern] sent 1/1 (main=1 | quest=0 | category=0 groups=5)
[2026-06-14T04:56:11.685857Z] [notify] [tavern] sent 1/1 (main=1 | quest=0 | category=0 groups=5)
[2026-06-14T04:57:00.993382Z] [notify] [tavern] sent 1/1 (main=1 | quest=0 | category=0 groups=5)
[2026-06-14T04:57:20.576923Z] [notify] [tavern] sent 1/1 (main=1 | quest=0 | category=0 groups=5)
[2026-06-14T04:59:13.084360Z] [notify] [tavern] sent 1/1 (main=1 | quest=0 | category=0 groups=5)
[2026-06-14T05:00:05.802065Z] [notify] [tavern] sent 1/1 (main=1 | quest=0 | category=0 groups=5)
[2026-06-14T05:00:11.324429Z] [notify] [tavern] sent 1/1 (main=1 | quest=0 | category=0 groups=5)
[2026-06-14T05:00:35.552290Z] [notify] [tavern] sent 1/1 (main=1 | quest=0 | category=0 groups=5)
[2026-06-14T05:00:36.085545Z] [notify] [tavern] sent 1/1 (main=1 | quest=0 | category=0 groups=5)
[2026-06-14T05:02:20.720122Z] [notify] [tavern] sent 1/1 (main=1 | quest=0 | category=0 groups=5)
[2026-06-14T05:03:07.576282Z] [notify] [tavern] sent 1/1 (main=1 | quest=0 | category=0 groups=5)
[2026-06-14T05:04:16.592364Z] [notify] [tavern] sent 1/1 (main=1 | quest=0 | category=0 groups=5)
[2026-06-14T05:05:17.506076Z] [notify] [tavern] sent 1/1 (main=1 | quest=0 | category=0 groups=5)
[2026-06-14T05:06:03.676978Z] [notify] [tavern] sent 1/1 (main=1 | quest=0 | category=0 groups=5)
[2026-06-14T05:06:05.478745Z] [notify] [tavern] sent 1/1 (main=1 | quest=0 | category=0 groups=5)
[2026-06-14T05:07:33.539861Z] [notify] [tavern] sent 1/1 (main=1 | quest=0 | category=0 groups=5)
[2026-06-14T05:08:27.267696Z] [notify] [tavern] sent 1/1 (main=1 | quest=0 | category=0 groups=5)
[2026-06-14T05:09:22.509644Z] [notify] [tavern] sent 1/1 (main=1 | quest=0 | category=0 groups=5)
[2026-06-14T05:10:22.477697Z] [notify] [tavern] sent 1/1 (main=1 | quest=0 | category=0 groups=5)
[2026-06-14T05:11:21.714337Z] [notify] [tavern] sent 1/1 (main=1 | quest=0 | category=0 groups=5)
[2026-06-14T05:12:07.802812Z] [notify] [tavern] sent 1/1 (main=1 | quest=0 | category=0 groups=5)
[2026-06-14T05:13:32.974183Z] [notify] [tavern] sent 1/1 (main=1 | quest=0 | category=0 groups=5)
[2026-06-14T05:15:12.105480Z] [notify] [tavern] sent 1/1 (main=1 | quest=0 | category=0 groups=5)
[2026-06-14T05:15:31.301628Z] [notify] [tavern] sent 1/1 (main=1 | quest=0 | category=0 groups=5)
[2026-06-14T05:17:26.695401Z] [notify] [tavern] sent 1/1 (main=1 | quest=0 | category=0 groups=5)
[2026-06-14T05:18:16.619074Z] [notify] [tavern] sent 1/1 (main=1 | quest=0 | category=0 groups=5)
[2026-06-14T05:19:26.964303Z] [notify] [tavern] sent 1/1 (main=1 | quest=0 | category=0 groups=5)
[2026-06-14T05:21:12.600573Z] [notify] [tavern] sent 1/1 (main=1 | quest=0 | category=0 groups=5)
[2026-06-14T05:21:38.666840Z] [notify] [tavern] sent 1/1 (main=1 | quest=0 | category=0 groups=5)
[2026-06-14T05:23:23.034989Z] [notify] [tavern] sent 1/1 (main=1 | quest=0 | category=0 groups=5)
[2026-06-14T05:24:27.366779Z] [notify] [tavern] sent 1/1 (main=1 | quest=0 | category=0 groups=5)
[2026-06-14T05:25:42.377004Z] [notify] [tavern] sent 1/1 (main=1 | quest=0 | category=0 groups=5)
[2026-06-14T05:26:22.481213Z] [notify] [tavern] sent 1/1 (main=1 | quest=0 | category=0 groups=5)
[2026-06-14T05:26:22.688240Z] [notify] [tavern] sent 1/1 (main=1 | quest=0 | category=0 groups=5)
[2026-06-14T05:27:02.017972Z] [notify] [tavern] sent 1/1 (main=1 | quest=0 | category=0 groups=5)
[2026-06-14T05:29:07.577808Z] [notify] [tavern] sent 1/1 (main=1 | quest=0 | category=0 groups=5)
[2026-06-14T05:29:15.899078Z] [notify] [tavern] sent 1/1 (main=1 | quest=0 | category=0 groups=5)
[2026-06-14T05:30:01.338840Z] [notify] [tavern] sent 1/1 (main=1 | quest=0 | category=0 groups=5)
[2026-06-14T05:32:17.466264Z] [notify] [tavern] sent 1/1 (main=1 | quest=0 | category=0 groups=5)
[2026-06-14T05:32:56.602333Z] [notify] [tavern] sent 1/1 (main=1 | quest=0 | category=0 groups=5)
[2026-06-14T05:33:02.867780Z] [notify] [tavern] sent 1/1 (main=1 | quest=0 | category=0 groups=5)
[2026-06-14T05:35:16.122756Z] [notify] [tavern] sent 1/1 (main=1 | quest=0 | category=0 groups=5)
[2026-06-14T05:36:23.922128Z] [notify] [tavern] sent 1/1 (main=1 | quest=0 | category=0 groups=5)
[2026-06-14T05:36:29.893781Z] [notify] [tavern] sent 1/1 (main=1 | quest=0 | category=0 groups=5)
[2026-06-14T05:38:15.786800Z] [notify] [tavern] sent 1/1 (main=1 | quest=0 | category=0 groups=5)
[2026-06-14T05:39:11.280089Z] [notify] [tavern] sent 1/1 (main=1 | quest=0 | category=0 groups=5)
[2026-06-14T05:39:17.216363Z] [notify] [tavern] sent 1/1 (main=1 | quest=0 | category=0 groups=5)
[2026-06-14T05:41:34.862022Z] [notify] [tavern] sent 1/1 (main=1 | quest=0 | category=0 groups=5)
[2026-06-14T05:42:14.364259Z] [notify] [tavern] sent 1/1 (main=1 | quest=0 | category=0 groups=5)
[2026-06-14T05:42:21.100088Z] [notify] [tavern] sent 1/1 (main=1 | quest=0 | category=0 groups=5)
[2026-06-14T05:45:06.928807Z] [notify] [tavern] sent 1/1 (main=1 | quest=0 | category=0 groups=5)
[2026-06-14T05:45:21.099069Z] [notify] [tavern] sent 1/1 (main=1 | quest=0 | category=0 groups=5)
[2026-06-14T05:45:30.193164Z] [notify] [tavern] sent 1/1 (main=1 | quest=0 | category=0 groups=5)
[2026-06-14T05:48:15.438684Z] [notify] [tavern] sent 1/1 (main=1 | quest=0 | category=0 groups=5)
[2026-06-14T05:48:21.927122Z] [notify] [tavern] sent 1/1 (main=1 | quest=0 | category=0 groups=5)
[2026-06-14T05:49:21.428654Z] [notify] [tavern] sent 1/1 (main=1 | quest=0 | category=0 groups=5)
[2026-06-14T05:51:03.912195Z] [notify] [tavern] sent 1/1 (main=1 | quest=0 | category=0 groups=5)
[2026-06-14T05:51:28.262934Z] [notify] [tavern] sent 1/1 (main=1 | quest=0 | category=0 groups=5)
[2026-06-14T05:51:30.678783Z] [notify] [tavern] sent 1/1 (main=1 | quest=0 | category=0 groups=5)
[2026-06-14T05:55:10.147725Z] [notify] [tavern] sent 1/1 (main=1 | quest=0 | category=0 groups=5)
[2026-06-14T05:55:17.037456Z] [notify] [tavern] sent 1/1 (main=1 | quest=0 | category=0 groups=5)
[2026-06-14T05:55:26.896296Z] [notify] [tavern] sent 1/1 (main=1 | quest=0 | category=0 groups=5)
[2026-06-14T05:58:15.235388Z] [notify] [tavern] sent 1/1 (main=1 | quest=0 | category=0 groups=5)
[2026-06-14T05:58:26.678543Z] [notify] [tavern] sent 1/1 (main=1 | quest=0 | category=0 groups=5)
[2026-06-14T05:58:37.524000Z] [notify] [tavern] sent 1/1 (main=1 | quest=0 | category=0 groups=5)
[2026-06-14T06:00:05.336125Z] [notify] [tavern] sent 1/1 (main=1 | quest=0 | category=0 groups=5)
[2026-06-14T06:01:09.954966Z] [notify] [tavern] sent 1/1 (main=1 | quest=0 | category=0 groups=5)
[2026-06-14T06:02:36.826231Z] [notify] [tavern] sent 1/1 (main=1 | quest=0 | category=0 groups=5)
[2026-06-14T06:02:47.378460Z] [notify] [tavern] sent 1/1 (main=1 | quest=0 | category=0 groups=5)
[2026-06-14T06:03:13.870690Z] [notify] [tavern] sent 1/1 (main=1 | quest=0 | category=0 groups=5)
[2026-06-14T06:03:22.253281Z] [notify] [tavern] sent 1/1 (main=1 | quest=0 | category=0 groups=5)
[2026-06-14T06:03:33.731949Z] [notify] [tavern] sent 1/1 (main=1 | quest=0 | category=0 groups=5)
[2026-06-14T06:03:33.767743Z] [notify] [tavern] sent 1/1 (main=1 | quest=0 | category=0 groups=5)
[2026-06-14T06:08:21.810126Z] [notify] [tavern] sent 1/1 (main=1 | quest=0 | category=0 groups=5)
[2026-06-14T06:09:17.739460Z] [notify] [tavern] sent 1/1 (main=1 | quest=0 | category=0 groups=5)
[2026-06-14T06:14:17.646388Z] [notify] [tavern] sent 1/1 (main=1 | quest=0 | category=0 groups=5)
[2026-06-14T06:18:15.971929Z] [notify] [tavern] sent 1/1 (main=1 | quest=0 | category=0 groups=5)
[2026-06-14T06:19:40.704486Z] [notify] [tavern] sent 1/1 (main=1 | quest=0 | category=0 groups=5)
[2026-06-14T06:23:44.382323Z] [notify] [tavern] sent 1/1 (main=1 | quest=0 | category=0 groups=5)
[2026-06-14T06:26:44.322806Z] [notify] [tavern] sent 1/1 (main=1 | quest=0 | category=0 groups=5)
[2026-06-14T06:33:24.489245Z] [notify] [tavern] sent 1/1 (main=1 | quest=0 | category=0 groups=5)
[2026-06-14T06:40:49.713426Z] [notify] [tavern] sent 1/1 (main=1 | quest=0 | category=0 groups=5)
[2026-06-14T06:49:05.403163Z] [notify] [tavern] sent 1/1 (main=1 | quest=0 | category=0 groups=5)
[2026-06-14T06:49:16.332643Z] [notify] [tavern] sent 1/1 (main=1 | quest=0 | category=0 groups=5)
[2026-06-14T06:50:44.432755Z] [notify] [tavern] sent 1/1 (main=1 | quest=0 | category=0 groups=5)
[2026-06-14T06:51:35.075027Z] [notify] [tavern] sent 1/1 (main=1 | quest=0 | category=0 groups=5)
[2026-06-14T06:52:12.513733Z] [notify] [tavern] sent 1/1 (main=1 | quest=0 | category=0 groups=5)
[2026-06-14T06:53:09.817216Z] [notify] [tavern] sent 1/1 (main=1 | quest=0 | category=0 groups=5)
[2026-06-14T06:56:23.733116Z] [notify] [tavern] sent 1/1 (main=1 | quest=0 | category=0 groups=5)
[2026-06-14T06:58:40.519230Z] [notify] [tavern] sent 1/1 (main=1 | quest=0 | category=0 groups=5)
[2026-06-14T07:00:08.477966Z] [notify] [tavern] sent 1/1 (main=1 | quest=0 | category=0 groups=5)
[2026-06-14T07:02:52.489462Z] [notify] [tavern] sent 1/1 (main=1 | quest=0 | category=0 groups=5)
[2026-06-14T07:03:06.760021Z] [notify] [tavern] sent 1/1 (main=1 | quest=0 | category=0 groups=5)
[2026-06-14T07:03:16.834479Z] [notify] [tavern] sent 1/1 (main=1 | quest=0 | category=0 groups=5)
[2026-06-14T07:03:39.975171Z] [notify] [tavern] sent 1/1 (main=1 | quest=0 | category=0 groups=5)
[2026-06-14T07:04:07.946337Z] [notify] [tavern] sent 1/1 (main=1 | quest=0 | category=0 groups=5)
[2026-06-14T07:04:42.164887Z] [notify] [tavern] sent 1/1 (main=1 | quest=0 | category=0 groups=5)
[2026-06-14T07:05:37.559361Z] [notify] [tavern] sent 1/1 (main=1 | quest=0 | category=0 groups=5)
[2026-06-14T07:05:59.481850Z] [notify] [tavern] sent 1/1 (main=1 | quest=0 | category=0 groups=5)
[2026-06-14T07:06:08.874162Z] [notify] [tavern] sent 1/1 (main=1 | quest=0 | category=0 groups=5)
[2026-06-14T07:06:42.765612Z] [notify] [tavern] sent 1/1 (main=1 | quest=0 | category=0 groups=5)
[2026-06-14T07:06:56.806004Z] [notify] [tavern] sent 1/1 (main=1 | quest=0 | category=0 groups=5)
[2026-06-14T07:07:10.313604Z] [notify] [tavern] sent 1/1 (main=1 | quest=0 | category=0 groups=5)
[2026-06-14T07:10:13.842586Z] [notify] [tavern] sent 1/1 (main=1 | quest=0 | category=0 groups=5)
[2026-06-14T07:12:00.018129Z] [notify] [tavern] sent 1/1 (main=1 | quest=0 | category=0 groups=5)
[2026-06-14T07:19:32.680451Z] [notify] [tavern] sent 1/1 (main=1 | quest=0 | category=0 groups=5)
[2026-06-14T07:20:07.616775Z] [notify] [tavern] sent 1/1 (main=1 | quest=0 | category=0 groups=5)
[2026-06-14T07:20:34.880259Z] [notify] [tavern] sent 1/1 (main=1 | quest=0 | category=0 groups=5)
[2026-06-14T07:20:46.304899Z] [notify] [tavern] sent 1/1 (main=1 | quest=0 | category=0 groups=5)
[2026-06-14T07:21:22.520523Z] [notify] [tavern] sent 1/1 (main=1 | quest=0 | category=0 groups=5)
[2026-06-14T07:21:23.249270Z] [notify] [tavern] sent 1/1 (main=1 | quest=0 | category=0 groups=5)
[2026-06-14T07:22:04.007606Z] [notify] [tavern] sent 1/1 (main=1 | quest=0 | category=0 groups=5)
[2026-06-14T07:24:12.138424Z] [notify] [tavern] sent 1/1 (main=1 | quest=0 | category=0 groups=5)
[2026-06-14T07:24:20.608593Z] [notify] [tavern] sent 1/1 (main=1 | quest=0 | category=0 groups=5)
[2026-06-14T07:25:20.989583Z] [notify] [tavern] sent 1/1 (main=1 | quest=0 | category=0 groups=5)
[2026-06-14T07:27:14.681880Z] [notify] [tavern] sent 1/1 (main=1 | quest=0 | category=0 groups=5)
[2026-06-14T07:27:23.232836Z] [notify] [tavern] sent 1/1 (main=1 | quest=0 | category=0 groups=5)
[2026-06-14T07:28:32.845936Z] [notify] [tavern] sent 1/1 (main=1 | quest=0 | category=0 groups=5)
[2026-06-14T07:30:10.301923Z] [notify] [tavern] sent 1/1 (main=1 | quest=0 | category=0 groups=5)
[2026-06-14T07:30:19.396147Z] [notify] [tavern] sent 1/1 (main=1 | quest=0 | category=0 groups=5)
[2026-06-14T07:31:24.673861Z] [notify] [tavern] sent 1/1 (main=1 | quest=0 | category=0 groups=5)
[2026-06-14T07:33:12.441814Z] [notify] [tavern] sent 1/1 (main=1 | quest=0 | category=0 groups=5)
[2026-06-14T07:33:19.887172Z] [notify] [tavern] sent 1/1 (main=1 | quest=0 | category=0 groups=5)
[2026-06-14T07:34:32.045102Z] [notify] [tavern] sent 1/1 (main=1 | quest=0 | category=0 groups=5)
[2026-06-14T07:36:04.565469Z] [notify] [tavern] sent 1/1 (main=1 | quest=0 | category=0 groups=5)
[2026-06-14T07:36:16.010307Z] [notify] [tavern] sent 1/1 (main=1 | quest=0 | category=0 groups=5)
[2026-06-14T07:37:31.059267Z] [notify] [tavern] sent 1/1 (main=1 | quest=0 | category=0 groups=5)
[2026-06-14T07:39:13.635602Z] [notify] [tavern] sent 1/1 (main=1 | quest=0 | category=0 groups=5)
[2026-06-14T07:39:26.133815Z] [notify] [tavern] sent 1/1 (main=1 | quest=0 | category=0 groups=5)
[2026-06-14T07:40:40.941782Z] [notify] [tavern] sent 1/1 (main=1 | quest=0 | category=0 groups=5)
[2026-06-14T07:42:07.143298Z] [notify] [tavern] sent 1/1 (main=1 | quest=0 | category=0 groups=5)
[2026-06-14T07:43:14.526531Z] [notify] [tavern] sent 1/1 (main=1 | quest=0 | category=0 groups=5)
[2026-06-14T07:44:04.795975Z] [notify] [tavern] sent 1/1 (main=1 | quest=0 | category=0 groups=5)
[2026-06-14T07:45:17.002466Z] [notify] [tavern] sent 1/1 (main=1 | quest=0 | category=0 groups=5)
[2026-06-14T07:46:18.773301Z] [notify] [tavern] sent 1/1 (main=1 | quest=0 | category=0 groups=5)
[2026-06-14T07:47:25.040423Z] [notify] [tavern] sent 1/1 (main=1 | quest=0 | category=0 groups=5)
[2026-06-14T07:48:06.513494Z] [notify] [tavern] sent 1/1 (main=1 | quest=0 | category=0 groups=5)
[2026-06-14T07:49:00.875863Z] [notify] [tavern] sent 1/1 (main=1 | quest=0 | category=0 groups=5)
[2026-06-14T07:50:28.196326Z] [notify] [tavern] sent 1/1 (main=1 | quest=0 | category=0 groups=5)
[2026-06-14T07:51:06.452725Z] [notify] [tavern] sent 1/1 (main=1 | quest=0 | category=0 groups=5)
[2026-06-14T07:52:17.523394Z] [notify] [tavern] sent 1/1 (main=1 | quest=0 | category=0 groups=5)
[2026-06-14T07:53:33.095482Z] [notify] [tavern] sent 1/1 (main=1 | quest=0 | category=0 groups=5)
[2026-06-14T07:54:05.459650Z] [notify] [tavern] sent 1/1 (main=1 | quest=0 | category=0 groups=5)
[2026-06-14T07:55:00.239255Z] [notify] [tavern] sent 1/1 (main=1 | quest=0 | category=0 groups=5)
[2026-06-14T07:56:22.449653Z] [notify] [tavern] sent 1/1 (main=1 | quest=0 | category=0 groups=5)
[2026-06-14T07:57:10.059674Z] [notify] [tavern] sent 1/1 (main=1 | quest=0 | category=0 groups=5)
[2026-06-14T07:58:05.281048Z] [notify] [tavern] sent 1/1 (main=1 | quest=0 | category=0 groups=5)
[2026-06-14T07:59:41.023313Z] [notify] [tavern] sent 1/1 (main=1 | quest=0 | category=0 groups=5)
[2026-06-14T08:00:08.609806Z] [notify] [tavern] sent 1/1 (main=1 | quest=0 | category=0 groups=5)
[2026-06-14T08:00:15.381209Z] [notify] [tavern] sent 1/1 (main=1 | quest=0 | category=0 groups=5)
[2026-06-14T08:00:40.435072Z] [notify] [tavern] sent 1/1 (main=1 | quest=0 | category=0 groups=5)
[2026-06-14T08:03:18.349667Z] [notify] [tavern] sent 1/1 (main=1 | quest=0 | category=0 groups=5)
[2026-06-14T08:03:35.134093Z] [notify] [tavern] sent 1/1 (main=1 | quest=0 | category=0 groups=5)
[2026-06-14T08:03:51.424433Z] [notify] [tavern] sent 1/1 (main=1 | quest=0 | category=0 groups=5)
[2026-06-14T08:06:09.645493Z] [notify] [tavern] sent 1/1 (main=1 | quest=0 | category=0 groups=5)
[2026-06-14T08:06:40.901806Z] [notify] [tavern] sent 1/1 (main=1 | quest=0 | category=0 groups=5)
[2026-06-14T08:07:51.982744Z] [notify] [tavern] sent 1/1 (main=1 | quest=0 | category=0 groups=5)
[2026-06-14T08:09:49.396371Z] [notify] [tavern] sent 1/1 (main=1 | quest=0 | category=0 groups=5)
[2026-06-14T08:10:31.286985Z] [notify] [tavern] sent 1/1 (main=1 | quest=0 | category=0 groups=5)
[2026-06-14T08:11:31.284736Z] [notify] [tavern] sent 1/1 (main=1 | quest=0 | category=0 groups=5)
[2026-06-14T08:13:13.824723Z] [notify] [tavern] sent 1/1 (main=1 | quest=0 | category=0 groups=5)
[2026-06-14T08:14:25.533304Z] [notify] [tavern] sent 1/1 (main=1 | quest=0 | category=0 groups=5)
[2026-06-14T08:14:38.170920Z] [notify] [tavern] sent 1/1 (main=1 | quest=0 | category=0 groups=5)
[2026-06-14T08:16:15.865114Z] [notify] [tavern] sent 1/1 (main=1 | quest=0 | category=0 groups=5)
[2026-06-14T08:17:17.133877Z] [notify] [tavern] sent 1/1 (main=1 | quest=0 | category=0 groups=5)
[2026-06-14T08:17:28.442334Z] [notify] [tavern] sent 1/1 (main=1 | quest=0 | category=0 groups=5)
[2026-06-14T08:19:16.227244Z] [notify] [tavern] sent 1/1 (main=1 | quest=0 | category=0 groups=5)
[2026-06-14T08:20:19.223820Z] [notify] [tavern] sent 1/1 (main=1 | quest=0 | category=0 groups=5)
[2026-06-14T08:20:27.279916Z] [notify] [tavern] sent 1/1 (main=1 | quest=0 | category=0 groups=5)
[2026-06-14T08:22:22.008164Z] [notify] [tavern] sent 1/1 (main=1 | quest=0 | category=0 groups=5)
[2026-06-14T08:23:32.132838Z] [notify] [tavern] sent 1/1 (main=1 | quest=0 | category=0 groups=5)
[2026-06-14T08:23:39.466685Z] [notify] [tavern] sent 1/1 (main=1 | quest=0 | category=0 groups=5)
[2026-06-14T08:25:22.928056Z] [notify] [tavern] sent 1/1 (main=1 | quest=0 | category=0 groups=5)
[2026-06-14T08:26:17.904501Z] [notify] [tavern] sent 1/1 (main=1 | quest=0 | category=0 groups=5)
[2026-06-14T08:26:28.540191Z] [notify] [tavern] sent 1/1 (main=1 | quest=0 | category=0 groups=5)
[2026-06-14T08:28:21.754186Z] [notify] [tavern] sent 1/1 (main=1 | quest=0 | category=0 groups=5)
[2026-06-14T08:29:27.828951Z] [notify] [tavern] sent 1/1 (main=1 | quest=0 | category=0 groups=5)
[2026-06-14T08:29:35.975202Z] [notify] [tavern] sent 1/1 (main=1 | quest=0 | category=0 groups=5)
[2026-06-14T08:31:03.660056Z] [notify] [tavern] sent 1/1 (main=1 | quest=0 | category=0 groups=5)
[2026-06-14T08:32:19.261304Z] [notify] [tavern] sent 1/1 (main=1 | quest=0 | category=0 groups=5)
[2026-06-14T08:32:29.344983Z] [notify] [tavern] sent 1/1 (main=1 | quest=0 | category=0 groups=5)
[2026-06-14T08:34:27.832687Z] [notify] [tavern] sent 1/1 (main=1 | quest=0 | category=0 groups=5)
[2026-06-14T08:35:11.446235Z] [notify] [tavern] sent 1/1 (main=1 | quest=0 | category=0 groups=5)
[2026-06-14T08:35:36.794992Z] [notify] [tavern] sent 1/1 (main=1 | quest=0 | category=0 groups=5)
[2026-06-14T08:37:24.978526Z] [notify] [tavern] sent 1/1 (main=1 | quest=0 | category=0 groups=5)
[2026-06-14T08:38:21.967095Z] [notify] [tavern] sent 1/1 (main=1 | quest=0 | category=0 groups=5)
[2026-06-14T08:38:29.633576Z] [notify] [tavern] sent 1/1 (main=1 | quest=0 | category=0 groups=5)
[2026-06-14T08:40:37.427522Z] [notify] [tavern] sent 1/1 (main=1 | quest=0 | category=0 groups=5)
[2026-06-14T08:41:16.204156Z] [notify] [tavern] sent 1/1 (main=1 | quest=0 | category=0 groups=5)
[2026-06-14T08:41:16.279606Z] [notify] [tavern] sent 1/1 (main=1 | quest=0 | category=0 groups=5)
[2026-06-14T08:41:26.206528Z] [notify] [tavern] sent 1/1 (main=1 | quest=0 | category=0 groups=5)
[2026-06-14T08:44:29.972581Z] [notify] [tavern] sent 1/1 (main=1 | quest=0 | category=0 groups=5)
[2026-06-14T08:44:38.339186Z] [notify] [tavern] sent 1/1 (main=1 | quest=0 | category=0 groups=5)
[2026-06-14T08:44:47.212339Z] [notify] [tavern] sent 1/1 (main=1 | quest=0 | category=0 groups=5)
[2026-06-14T08:48:20.894335Z] [notify] [tavern] sent 1/1 (main=1 | quest=0 | category=0 groups=5)
[2026-06-14T08:48:30.247272Z] [notify] [tavern] sent 1/1 (main=1 | quest=0 | category=0 groups=5)
[2026-06-14T08:48:37.012930Z] [notify] [tavern] sent 1/1 (main=1 | quest=0 | category=0 groups=5)
[2026-06-14T08:51:21.203441Z] [notify] [tavern] sent 1/1 (main=1 | quest=0 | category=0 groups=5)
[2026-06-14T08:51:28.178008Z] [notify] [tavern] sent 1/1 (main=1 | quest=0 | category=0 groups=5)
[2026-06-14T08:52:24.005115Z] [notify] [tavern] sent 1/1 (main=1 | quest=0 | category=0 groups=5)
[2026-06-14T08:54:22.569505Z] [notify] [tavern] sent 1/1 (main=1 | quest=0 | category=0 groups=5)
[2026-06-14T08:54:30.401083Z] [notify] [tavern] sent 1/1 (main=1 | quest=0 | category=0 groups=5)
[2026-06-14T08:55:21.548874Z] [notify] [tavern] sent 1/1 (main=1 | quest=0 | category=0 groups=5)
[2026-06-14T08:55:22.794282Z] [notify] [tavern] sent 1/1 (main=1 | quest=0 | category=0 groups=5)
[2026-06-14T08:58:26.971612Z] [notify] [tavern] sent 1/1 (main=1 | quest=0 | category=0 groups=5)
[2026-06-14T08:58:34.956760Z] [notify] [tavern] sent 1/1 (main=1 | quest=0 | category=0 groups=5)
[2026-06-14T08:59:16.271535Z] [notify] [tavern] sent 1/1 (main=1 | quest=0 | category=0 groups=5)
[2026-06-14T08:59:22.560061Z] [notify] [tavern] sent 1/1 (main=1 | quest=0 | category=0 groups=5)
[2026-06-14T09:00:05.673856Z] [notify] [tavern] sent 1/1 (main=1 | quest=0 | category=0 groups=5)
[2026-06-14T09:01:28.313005Z] [notify] [tavern] sent 1/1 (main=1 | quest=0 | category=0 groups=5)
[2026-06-14T09:02:27.060489Z] [notify] [tavern] sent 1/1 (main=1 | quest=0 | category=0 groups=5)
[2026-06-14T09:02:47.091734Z] [notify] [tavern] sent 1/1 (main=1 | quest=0 | category=0 groups=5)
[2026-06-14T09:03:06.853440Z] [notify] [tavern] sent 1/1 (main=1 | quest=0 | category=0 groups=5)
[2026-06-14T09:29:23.629286Z] [notify] [tavern] sent 1/1 (main=1 | quest=0 | category=0 groups=5)
[2026-06-14T09:30:25.703083Z] [notify] [tavern] sent 1/1 (main=1 | quest=0 | category=0 groups=5)
[2026-06-14T09:30:37.589224Z] [notify] [tavern] sent 1/1 (main=1 | quest=0 | category=0 groups=5)
[2026-06-14T09:30:46.409395Z] [notify] [tavern] sent 1/1 (main=1 | quest=0 | category=0 groups=5)
[2026-06-14T09:31:42.867745Z] [notify] [tavern] sent 1/1 (main=1 | quest=0 | category=0 groups=5)
[2026-06-14T09:33:50.445810Z] [notify] [tavern] sent 1/1 (main=1 | quest=0 | category=0 groups=5)
[2026-06-14T09:34:26.908995Z] [notify] [tavern] sent 1/1 (main=1 | quest=0 | category=0 groups=5)
[2026-06-14T09:35:37.117539Z] [notify] [tavern] sent 1/1 (main=1 | quest=0 | category=0 groups=5)
[2026-06-14T09:37:30.877332Z] [notify] [tavern] sent 1/1 (main=1 | quest=0 | category=0 groups=5)
[2026-06-14T09:37:38.199449Z] [notify] [tavern] sent 1/1 (main=1 | quest=0 | category=0 groups=5)
[2026-06-14T09:39:26.643064Z] [notify] [tavern] sent 1/1 (main=1 | quest=0 | category=0 groups=5)
[2026-06-14T09:40:06.124990Z] [notify] [tavern] sent 1/1 (main=1 | quest=0 | category=0 groups=5)
[2026-06-14T09:40:26.820472Z] [notify] [tavern] sent 1/1 (main=1 | quest=0 | category=0 groups=5)
[2026-06-14T09:42:23.132175Z] [notify] [tavern] sent 1/1 (main=1 | quest=0 | category=0 groups=5)
[2026-06-14T09:43:07.908313Z] [notify] [tavern] sent 1/1 (main=1 | quest=0 | category=0 groups=5)
[2026-06-14T09:43:09.661449Z] [notify] [tavern] sent 1/1 (main=1 | quest=0 | category=0 groups=5)
[2026-06-14T09:43:21.487410Z] [notify] [tavern] sent 1/1 (main=1 | quest=0 | category=0 groups=5)
[2026-06-14T09:45:22.837222Z] [notify] [tavern] sent 1/1 (main=1 | quest=0 | category=0 groups=5)
[2026-06-14T09:46:24.566064Z] [notify] [tavern] sent 1/1 (main=1 | quest=0 | category=0 groups=5)
[2026-06-14T09:46:39.371692Z] [notify] [tavern] sent 1/1 (main=1 | quest=0 | category=0 groups=5)
[2026-06-14T09:48:25.801959Z] [notify] [tavern] sent 1/1 (main=1 | quest=0 | category=0 groups=5)
[2026-06-14T09:49:22.522837Z] [notify] [tavern] sent 1/1 (main=1 | quest=0 | category=0 groups=5)
[2026-06-14T09:49:30.135055Z] [notify] [tavern] sent 1/1 (main=1 | quest=0 | category=0 groups=5)
[2026-06-14T09:51:28.819866Z] [notify] [tavern] sent 1/1 (main=1 | quest=0 | category=0 groups=5)
[2026-06-14T09:52:19.056432Z] [notify] [tavern] sent 1/1 (main=1 | quest=0 | category=0 groups=5)
[2026-06-14T09:52:29.969191Z] [notify] [tavern] sent 1/1 (main=1 | quest=0 | category=0 groups=5)
[2026-06-14T09:54:21.531408Z] [notify] [tavern] sent 1/1 (main=1 | quest=0 | category=0 groups=5)
[2026-06-14T09:55:24.119479Z] [notify] [tavern] sent 1/1 (main=1 | quest=0 | category=0 groups=5)
[2026-06-14T09:55:35.086801Z] [notify] [tavern] sent 1/1 (main=1 | quest=0 | category=0 groups=5)
[2026-06-14T09:57:24.280705Z] [notify] [tavern] sent 1/1 (main=1 | quest=0 | category=0 groups=5)
[2026-06-14T09:58:33.366392Z] [notify] [tavern] sent 1/1 (main=1 | quest=0 | category=0 groups=5)
[2026-06-14T09:59:19.361838Z] [notify] [tavern] sent 1/1 (main=1 | quest=0 | category=0 groups=5)
[2026-06-14T10:00:06.390200Z] [notify] [tavern] sent 1/1 (main=1 | quest=0 | category=0 groups=5)
[2026-06-14T10:01:21.429004Z] [notify] [tavern] sent 1/1 (main=1 | quest=0 | category=0 groups=5)
[2026-06-14T10:01:31.911535Z] [notify] [tavern] sent 1/1 (main=1 | quest=0 | category=0 groups=5)
[2026-06-14T10:03:24.214896Z] [notify] [tavern] sent 1/1 (main=1 | quest=0 | category=0 groups=5)
[2026-06-14T10:04:28.178865Z] [notify] [tavern] sent 1/1 (main=1 | quest=0 | category=0 groups=5)
[2026-06-14T10:05:29.003843Z] [notify] [tavern] sent 1/1 (main=1 | quest=0 | category=0 groups=5)
[2026-06-14T10:06:20.232465Z] [notify] [tavern] sent 1/1 (main=1 | quest=0 | category=0 groups=5)
[2026-06-14T10:07:25.099546Z] [notify] [tavern] sent 1/1 (main=1 | quest=0 | category=0 groups=5)
[2026-06-14T10:08:20.899104Z] [notify] [tavern] sent 1/1 (main=1 | quest=0 | category=0 groups=5)
[2026-06-14T10:09:28.744629Z] [notify] [tavern] sent 1/1 (main=1 | quest=0 | category=0 groups=5)
[2026-06-14T10:10:36.273105Z] [notify] [tavern] sent 1/1 (main=1 | quest=0 | category=0 groups=5)
[2026-06-14T10:11:32.526354Z] [notify] [tavern] sent 1/1 (main=1 | quest=0 | category=0 groups=5)
[2026-06-14T10:12:34.673338Z] [notify] [tavern] sent 1/1 (main=1 | quest=0 | category=0 groups=5)
[2026-06-14T10:13:21.517018Z] [notify] [tavern] sent 1/1 (main=1 | quest=0 | category=0 groups=5)
[2026-06-14T10:15:38.432289Z] [notify] [tavern] sent 1/1 (main=1 | quest=0 | category=0 groups=5)
[2026-06-14T10:16:24.381695Z] [notify] [tavern] sent 1/1 (main=1 | quest=0 | category=0 groups=5)
[2026-06-14T10:16:34.475345Z] [notify] [tavern] sent 1/1 (main=1 | quest=0 | category=0 groups=5)
[2026-06-14T10:16:36.191654Z] [notify] [tavern] sent 1/1 (main=1 | quest=0 | category=0 groups=5)
[2026-06-14T10:19:33.637195Z] [notify] [tavern] sent 1/1 (main=1 | quest=0 | category=0 groups=5)
[2026-06-14T10:19:44.530112Z] [notify] [tavern] sent 1/1 (main=1 | quest=0 | category=0 groups=5)
[2026-06-14T10:19:51.964791Z] [notify] [tavern] sent 1/1 (main=1 | quest=0 | category=0 groups=5)
[2026-06-14T10:23:29.479993Z] [notify] [tavern] sent 1/1 (main=1 | quest=0 | category=0 groups=5)
[2026-06-14T10:23:36.749842Z] [notify] [tavern] sent 1/1 (main=1 | quest=0 | category=0 groups=5)
[2026-06-14T10:23:44.300553Z] [notify] [tavern] sent 1/1 (main=1 | quest=0 | category=0 groups=5)
[2026-06-14T10:26:12.452900Z] [notify] [tavern] sent 1/1 (main=1 | quest=0 | category=0 groups=5)
[2026-06-14T10:27:34.000860Z] [notify] [tavern] sent 1/1 (main=1 | quest=0 | category=0 groups=5)
[2026-06-14T10:27:43.783200Z] [notify] [tavern] sent 1/1 (main=1 | quest=0 | category=0 groups=5)
[2026-06-14T10:29:23.044045Z] [notify] [tavern] sent 1/1 (main=1 | quest=0 | category=0 groups=5)
[2026-06-14T10:30:38.784486Z] [notify] [tavern] sent 1/1 (main=1 | quest=0 | category=0 groups=5)
[2026-06-14T10:31:19.699098Z] [notify] [tavern] sent 1/1 (main=1 | quest=0 | category=0 groups=5)
[2026-06-14T10:32:15.273370Z] [notify] [tavern] sent 1/1 (main=1 | quest=0 | category=0 groups=5)
[2026-06-14T10:34:27.007305Z] [notify] [tavern] sent 1/1 (main=1 | quest=0 | category=0 groups=5)
[2026-06-14T10:34:34.149850Z] [notify] [tavern] sent 1/1 (main=1 | quest=0 | category=0 groups=5)
[2026-06-14T10:35:24.989219Z] [notify] [tavern] sent 1/1 (main=1 | quest=0 | category=0 groups=5)
[2026-06-14T10:37:27.269573Z] [notify] [tavern] sent 1/1 (main=1 | quest=0 | category=0 groups=5)
[2026-06-14T10:38:28.567421Z] [notify] [tavern] sent 1/1 (main=1 | quest=0 | category=0 groups=5)
[2026-06-14T10:38:39.187501Z] [notify] [tavern] sent 1/1 (main=1 | quest=0 | category=0 groups=5)
[2026-06-14T10:40:28.706268Z] [notify] [tavern] sent 1/1 (main=1 | quest=0 | category=0 groups=5)
[2026-06-14T10:42:21.723995Z] [notify] [tavern] sent 1/1 (main=1 | quest=0 | category=0 groups=5)
[2026-06-14T10:42:28.973050Z] [notify] [tavern] sent 1/1 (main=1 | quest=0 | category=0 groups=5)
[2026-06-14T10:45:11.339802Z] [notify] [tavern] sent 1/1 (main=1 | quest=0 | category=0 groups=5)
[2026-06-14T10:46:20.764312Z] [notify] [tavern] sent 1/1 (main=1 | quest=0 | category=0 groups=5)
[2026-06-14T10:48:13.838951Z] [notify] [tavern] sent 1/1 (main=1 | quest=0 | category=0 groups=5)
[2026-06-14T10:48:40.518282Z] [notify] [tavern] sent 1/1 (main=1 | quest=0 | category=0 groups=5)
[2026-06-14T10:48:47.280242Z] [notify] [tavern] sent 1/1 (main=1 | quest=0 | category=0 groups=5)
[2026-06-14T10:50:30.911361Z] [notify] [tavern] sent 1/1 (main=1 | quest=0 | category=0 groups=5)
[2026-06-14T10:51:38.756955Z] [notify] [tavern] sent 1/1 (main=1 | quest=0 | category=0 groups=5)
[2026-06-14T10:52:39.199549Z] [notify] [tavern] sent 1/1 (main=1 | quest=0 | category=0 groups=5)
[2026-06-14T10:54:42.192901Z] [notify] [tavern] sent 1/1 (main=1 | quest=0 | category=0 groups=5)
[2026-06-14T10:55:30.207184Z] [notify] [tavern] sent 1/1 (main=1 | quest=0 | category=0 groups=5)
[2026-06-14T10:56:48.495152Z] [notify] [tavern] sent 1/1 (main=1 | quest=0 | category=0 groups=5)
[2026-06-14T10:59:49.509676Z] [notify] [tavern] sent 1/1 (main=1 | quest=0 | category=0 groups=5)
[2026-06-14T10:59:51.346593Z] [notify] [tavern] sent 1/1 (main=1 | quest=0 | category=0 groups=5)
[2026-06-14T11:00:07.142786Z] [notify] [tavern] sent 1/1 (main=1 | quest=0 | category=0 groups=5)
[2026-06-14T11:01:31.936087Z] [notify] [tavern] sent 1/1 (main=1 | quest=0 | category=0 groups=5)
[2026-06-14T11:01:38.680462Z] [notify] [tavern] sent 1/1 (main=1 | quest=0 | category=0 groups=5)
[2026-06-14T11:01:49.996800Z] [notify] [tavern] sent 1/1 (main=1 | quest=0 | category=0 groups=5)
[2026-06-14T11:02:34.117797Z] [notify] [tavern] sent 1/1 (main=1 | quest=0 | category=0 groups=5)
[2026-06-14T11:02:41.674393Z] [notify] [tavern] sent 1/1 (main=1 | quest=0 | category=0 groups=5)
[2026-06-14T11:04:03.750489Z] [notify] [tavern] sent 1/1 (main=1 | quest=0 | category=0 groups=5)
[2026-06-14T11:28:23.781143Z] [notify] [tavern] sent 1/1 (main=1 | quest=0 | category=0 groups=5)
[2026-06-14T12:00:07.440785Z] [notify] [tavern] sent 1/1 (main=1 | quest=0 | category=0 groups=5)
[2026-06-14T12:23:34.154641Z] [notify] [tavern] sent 1/1 (main=1 | quest=0 | category=0 groups=5)
[2026-06-14T12:24:42.822345Z] [notify] [tavern] sent 1/1 (main=1 | quest=0 | category=0 groups=5)
[2026-06-14T12:24:59.484719Z] [notify] [tavern] sent 1/1 (main=1 | quest=0 | category=0 groups=5)
[2026-06-14T12:25:11.434580Z] [notify] [tavern] sent 1/1 (main=1 | quest=0 | category=0 groups=5)
[2026-06-14T12:25:39.677668Z] [notify] [tavern] sent 1/1 (main=1 | quest=0 | category=0 groups=5)
[2026-06-14T12:25:49.565003Z] [notify] [tavern] sent 1/1 (main=1 | quest=0 | category=0 groups=5)
[2026-06-14T12:27:59.258070Z] [notify] [tavern] sent 1/1 (main=1 | quest=0 | category=0 groups=5)
[2026-06-14T12:29:44.210094Z] [notify] [tavern] sent 1/1 (main=1 | quest=0 | category=0 groups=5)
[2026-06-14T12:30:23.911520Z] [notify] [tavern] sent 1/1 (main=1 | quest=0 | category=0 groups=5)
[2026-06-14T12:30:37.736983Z] [notify] [tavern] sent 1/1 (main=1 | quest=0 | category=0 groups=5)
[2026-06-14T12:34:33.110320Z] [notify] [tavern] sent 1/1 (main=1 | quest=0 | category=0 groups=5)
[2026-06-14T12:35:07.521487Z] [notify] [tavern] sent 1/1 (main=1 | quest=0 | category=0 groups=5)
[2026-06-14T12:36:51.980983Z] [notify] [tavern] sent 1/1 (main=1 | quest=0 | category=0 groups=5)
[2026-06-14T12:37:35.669395Z] [notify] [tavern] sent 1/1 (main=1 | quest=0 | category=0 groups=5)
[2026-06-14T12:38:35.276645Z] [notify] [tavern] sent 1/1 (main=1 | quest=0 | category=0 groups=5)
[2026-06-14T12:39:09.840833Z] [notify] [tavern] sent 1/1 (main=1 | quest=0 | category=0 groups=5)
[2026-06-14T12:45:50.036363Z] [notify] [tavern] sent 1/1 (main=1 | quest=0 | category=0 groups=5)
[2026-06-14T12:46:04.280483Z] [notify] [tavern] sent 1/1 (main=1 | quest=0 | category=0 groups=5)
[2026-06-14T12:49:35.465179Z] [notify] [tavern] sent 1/1 (main=1 | quest=0 | category=0 groups=5)
[2026-06-14T12:50:07.148567Z] [notify] [tavern] sent 1/1 (main=1 | quest=0 | category=0 groups=5)
[2026-06-14T12:52:00.560580Z] [notify] [tavern] sent 1/1 (main=1 | quest=0 | category=0 groups=5)
[2026-06-14T12:54:35.511730Z] [notify] [tavern] sent 1/1 (main=1 | quest=0 | category=0 groups=5)
[2026-06-14T12:58:01.892031Z] [notify] [tavern] sent 1/1 (main=1 | quest=0 | category=0 groups=5)
[2026-06-14T13:00:05.505004Z] [notify] [tavern] sent 1/1 (main=1 | quest=0 | category=0 groups=5)
[2026-06-14T13:00:58.000366Z] [notify] [tavern] sent 1/1 (main=1 | quest=0 | category=0 groups=5)
[2026-06-14T13:01:42.946390Z] [notify] [tavern] sent 1/1 (main=1 | quest=0 | category=0 groups=5)
[2026-06-14T14:00:05.076978Z] [notify] [tavern] sent 1/1 (main=1 | quest=0 | category=0 groups=5)
[2026-06-14T15:00:04.968846Z] [notify] [tavern] sent 1/1 (main=1 | quest=0 | category=0 groups=5)
[2026-06-14T15:50:08.412984Z] [notify] [tavern] sent 1/1 (main=1 | quest=0 | category=0 groups=5)
[2026-06-14T16:00:58.550801Z] [notify] [tavern] sent 1/1 (main=1 | quest=0 | category=0 groups=5)
[2026-06-14T22:09:10.477631Z] [notify] [tavern] sent 1/1 (main=1 | quest=0 | category=0 groups=5)
[2026-06-14T22:09:26.652272Z] [notify] [tavern] sent 1/1 (main=1 | quest=0 | category=0 groups=5)
[2026-06-14T22:14:47.895603Z] [notify] [tavern] sent 1/1 (main=1 | quest=0 | category=0 groups=5)
